sport,date,source,event_key,matchup_key,game,market_type,selection,line,odds,player_name,player_key,stat_type,eligible_for_consensus,reason_if_ineligible
NBA,2026-04-23,action,NBA:2026:04:23:NYK@ATL,NBA:2026:04:23:ATL-NYK,NYK @ ATL,spread,ATL,1.5,-108,,,,True,
NBA,2026-04-23,action,NBA:2026:04:23:NYK@ATL,NBA:2026:04:23:ATL-NYK,NYK @ ATL,player_prop,NBA:josh_hart::reb_ast::OVER,12.5,-130,Josh Hart,NBA:josh_hart,reb_ast,True,
NBA,2026-04-23,action,NBA:2026:04:23:NYK@ATL,NBA:2026:04:23:ATL-NYK,NYK @ ATL,player_prop,NBA:landry_shamet::points::OVER,3.5,102,Landry Shamet,NBA:landry_shamet,points,True,
NBA,2026-04-23,action,NBA:2026:04:23:NYK@ATL,NBA:2026:04:23:ATL-NYK,NYK @ ATL,moneyline,NYK,,-105,,,,True,
NBA,2026-04-23,action,NBA:2026:04:23:NYK@ATL,NBA:2026:04:23:ATL-NYK,NYK @ ATL,moneyline,NYK,,-116,,,,True,
NBA,2026-04-23,action,NBA:2026:04:23:NYK@ATL,NBA:2026:04:23:ATL-NYK,NYK @ ATL,player_prop,,,150,J Hart To Record 10 Rebounds Yes,NBA:j_hart_to_record_10_rebounds_yes,rebounds,False,unparsed_direction
NBA,2026-04-23,action,NBA:2026:04:23:NYK@ATL,NBA:2026:04:23:ATL-NYK,NYK @ ATL,player_prop,NBA:josh_hart::reb_ast::OVER,19.5,1200,Josh Hart,NBA:josh_hart,reb_ast,True,
NBA,2026-04-23,action,NBA:2026:04:23:NYK@ATL,NBA:2026:04:23:ATL-NYK,NYK @ ATL,player_prop,NBA:josh_hart::reb_ast::OVER,21.5,1900,Josh Hart,NBA:josh_hart,reb_ast,True,
NBA,2026-04-23,action,NBA:2026:04:23:NYK@ATL,NBA:2026:04:23:ATL-NYK,NYK @ ATL,player_prop,NBA:josh_hart::reb_ast::OVER,14.5,215,Josh Hart,NBA:josh_hart,reb_ast,True,
NBA,2026-04-23,action,NBA:2026:04:23:NYK@ATL,NBA:2026:04:23:ATL-NYK,NYK @ ATL,player_prop,NBA:josh_hart::reb_ast::OVER,17.5,550,Josh Hart,NBA:josh_hart,reb_ast,True,
NBA,2026-04-23,action,NBA:2026:04:23:NYK@ATL,NBA:2026:04:23:ATL-NYK,NYK @ ATL,player_prop,NBA:josh_hart::reb_ast::OVER,12.5,-106,Josh Hart,NBA:josh_hart,reb_ast,True,
NBA,2026-04-23,action,NBA:2026:04:23:NYK@ATL,NBA:2026:04:23:ATL-NYK,NYK @ ATL,player_prop,NBA:josh_hart::rebounds::OVER,8.5,110,Josh Hart,NBA:josh_hart,rebounds,True,
NBA,2026-04-23,action,NBA:2026:04:23:NYK@ATL,NBA:2026:04:23:ATL-NYK,NYK @ ATL,player_prop,NBA:josh_hart::rebounds::OVER,7.5,-140,Josh Hart,NBA:josh_hart,rebounds,True,
NBA,2026-04-23,action,NBA:2026:04:23:NYK@ATL,NBA:2026:04:23:ATL-NYK,NYK @ ATL,moneyline,NYK,,-115,,,,True,
NBA,2026-04-23,action,NBA:2026:04:23:NYK@ATL,NBA:2026:04:23:ATL-NYK,NYK @ ATL,spread,NYK,1.5,-118,,,,True,
NBA,2026-04-23,action,NBA:2026:04:23:NYK@ATL,NBA:2026:04:23:ATL-NYK,NYK @ ATL,total,UNDER,216.5,-104,,,,True,
NBA,2026-04-23,action,NBA:2026:04:23:NYK@ATL,NBA:2026:04:23:ATL-NYK,NYK @ ATL,player_prop,NBA:josh_hart::reb_ast::OVER,12.5,-110,Josh Hart,NBA:josh_hart,reb_ast,True,
NBA,2026-04-23,action,NBA:2026:04:23:NYK@ATL,NBA:2026:04:23:ATL-NYK,NYK @ ATL,player_prop,NBA:dyson_daniels::pts_reb_ast::UNDER,21.5,-110,Dyson Daniels,NBA:dyson_daniels,pts_reb_ast,True,
NBA,2026-04-23,action,NBA:2026:04:23:NYK@ATL,NBA:2026:04:23:ATL-NYK,NYK @ ATL,player_prop,NBA:jalen_johnson::assists::UNDER,6.5,-106,Jalen Johnson,NBA:jalen_johnson,assists,True,
NBA,2026-04-23,action,NBA:2026:04:23:NYK@ATL,NBA:2026:04:23:ATL-NYK,NYK @ ATL,player_prop,NBA:jalen_brunson::points::OVER,26.5,102,Jalen Brunson,NBA:jalen_brunson,points,True,
NBA,2026-04-23,action,NBA:2026:04:23:NYK@ATL,NBA:2026:04:23:ATL-NYK,NYK @ ATL,player_prop,NBA:karl_anthony_towns::rebounds::UNDER,11.5,-104,Karl Anthony Towns,NBA:karl_anthony_towns,rebounds,True,
NBA,2026-04-23,action,NBA:2026:04:23:NYK@ATL,NBA:2026:04:23:ATL-NYK,NYK @ ATL,player_prop,NBA:dyson_daniels::pts_reb_ast::UNDER,22.5,-126,Dyson Daniels,NBA:dyson_daniels,pts_reb_ast,True,
NBA,2026-04-23,action,NBA:2026:04:23:NYK@ATL,NBA:2026:04:23:ATL-NYK,NYK @ ATL,player_prop,NBA:jalen_brunson::points::OVER,25.5,-120,Jalen Brunson,NBA:jalen_brunson,points,True,
NBA,2026-04-23,action,NBA:2026:04:23:NYK@ATL,NBA:2026:04:23:ATL-NYK,NYK @ ATL,player_prop,NBA:karl_anthony_towns::points::OVER,20.5,-102,Karl Anthony Towns,NBA:karl_anthony_towns,points,True,
NBA,2026-04-23,action,NBA:2026:04:23:NYK@ATL,NBA:2026:04:23:ATL-NYK,NYK @ ATL,moneyline,ATL,,-102,,,,True,
NBA,2026-04-23,action,NBA:2026:04:23:NYK@ATL,NBA:2026:04:23:ATL-NYK,NYK @ ATL,player_prop,NBA:josh_hart::reb_ast::OVER,11.5,-130,Josh Hart,NBA:josh_hart,reb_ast,True,
NBA,2026-04-23,action,NBA:2026:04:23:DEN@MIN,NBA:2026:04:23:DEN-MIN,DEN @ MIN,spread,MIN,2.5,-112,,,,True,
NBA,2026-04-23,action,NBA:2026:04:23:DEN@MIN,NBA:2026:04:23:DEN-MIN,DEN @ MIN,player_prop,NBA:nikola_jokic::pts_reb::OVER,42.5,-125,Nikola Jokic,NBA:nikola_jokic,pts_reb,True,
NBA,2026-04-23,action,NBA:2026:04:23:DEN@MIN,NBA:2026:04:23:DEN-MIN,DEN @ MIN,player_prop,NBA:nikola_jokic::reb_ast::OVER,23.5,-106,Nikola Jokic,NBA:nikola_jokic,reb_ast,True,
NBA,2026-04-23,action,NBA:2026:04:23:DEN@MIN,NBA:2026:04:23:DEN-MIN,DEN @ MIN,spread,DEN,-2.0,-115,,,,True,
NBA,2026-04-23,action,NBA:2026:04:23:DEN@MIN,NBA:2026:04:23:DEN-MIN,DEN @ MIN,player_prop,NBA:nikola_jokic::reb_ast::OVER,23.5,-107,Nikola Jokic,NBA:nikola_jokic,reb_ast,True,
NBA,2026-04-23,action,NBA:2026:04:23:DEN@MIN,NBA:2026:04:23:DEN-MIN,DEN @ MIN,player_prop,,,230,N Jokic To Record 16 Rebounds Yes,NBA:n_jokic_to_record_16_rebounds_yes,rebounds,False,unparsed_direction
NBA,2026-04-23,action,NBA:2026:04:23:DEN@MIN,NBA:2026:04:23:DEN-MIN,DEN @ MIN,player_prop,,,900,N Jokic To Record 20 Rebounds Yes,NBA:n_jokic_to_record_20_rebounds_yes,rebounds,False,unparsed_direction
NBA,2026-04-23,action,NBA:2026:04:23:DEN@MIN,NBA:2026:04:23:DEN-MIN,DEN @ MIN,player_prop,NBA:anthony_edwards::reb_ast::OVER,10.5,100,Anthony Edwards,NBA:anthony_edwards,reb_ast,True,
NBA,2026-04-23,action,NBA:2026:04:23:DEN@MIN,NBA:2026:04:23:DEN-MIN,DEN @ MIN,spread,DEN,-1.5,-115,,,,True,
NBA,2026-04-23,action,NBA:2026:04:23:DEN@MIN,NBA:2026:04:23:DEN-MIN,DEN @ MIN,team_total,,,-112,,,,False,unsupported_market
NBA,2026-04-23,action,NBA:2026:04:23:DEN@MIN,NBA:2026:04:23:DEN-MIN,DEN @ MIN,total,UNDER,234.0,-110,,,,True,
NBA,2026-04-23,action,NBA:2026:04:23:DEN@MIN,NBA:2026:04:23:DEN-MIN,DEN @ MIN,moneyline,DEN,,-125,,,,True,
NBA,2026-04-23,action,NBA:2026:04:23:DEN@MIN,NBA:2026:04:23:DEN-MIN,DEN @ MIN,moneyline,MIN,,115,,,,True,
NBA,2026-04-23,action,NBA:2026:04:23:DEN@MIN,NBA:2026:04:23:DEN-MIN,DEN @ MIN,player_prop,NBA:naz_reid::threes_made::UNDER,1.5,102,Naz Reid,NBA:naz_reid,threes_made,True,
NBA,2026-04-23,action,NBA:2026:04:23:DEN@MIN,NBA:2026:04:23:DEN-MIN,DEN @ MIN,player_prop,NBA:julius_randle::assists::UNDER,4.5,105,Julius Randle,NBA:julius_randle,assists,True,
NBA,2026-04-23,action,NBA:2026:04:23:DEN@MIN,NBA:2026:04:23:DEN-MIN,DEN @ MIN,moneyline,MIN,,117,,,,True,
NBA,2026-04-23,action,NBA:2026:04:23:DEN@MIN,NBA:2026:04:23:DEN-MIN,DEN @ MIN,player_prop,NBA:jaden_mcdaniels::points::OVER,14.5,-112,Jaden Mcdaniels,NBA:jaden_mcdaniels,points,True,
NBA,2026-04-23,action,NBA:2026:04:23:DEN@MIN,NBA:2026:04:23:DEN-MIN,DEN @ MIN,player_prop,NBA:nikola_jokic::threes_made::OVER,1.5,-103,Nikola Jokic,NBA:nikola_jokic,threes_made,True,
NBA,2026-04-23,action,NBA:2026:04:23:DEN@MIN,NBA:2026:04:23:DEN-MIN,DEN @ MIN,player_prop,NBA:anthony_edwards::rebounds::OVER,5.5,-112,Anthony Edwards,NBA:anthony_edwards,rebounds,True,
NBA,2026-04-23,action,NBA:2026:04:23:DEN@MIN,NBA:2026:04:23:DEN-MIN,DEN @ MIN,moneyline,MIN,,104,,,,True,
NBA,2026-04-23,action,NBA:2026:04:23:CLE@TOR,NBA:2026:04:23:CLE-TOR,CLE @ TOR,player_prop,,,244,B Ingram To Score 25 Points Yes,NBA:b_ingram_to_score_25_points_yes,points,False,unparsed_direction
NBA,2026-04-23,action,NBA:2026:04:23:CLE@TOR,NBA:2026:04:23:CLE-TOR,CLE @ TOR,player_prop,,,840,B Ingram To Score 30 Points Yes,NBA:b_ingram_to_score_30_points_yes,points,False,unparsed_direction
NBA,2026-04-23,action,NBA:2026:04:23:CLE@TOR,NBA:2026:04:23:CLE-TOR,CLE @ TOR,player_prop,NBA:donovan_mitchell::threes_made::OVER,2.5,-140,Donovan Mitchell,NBA:donovan_mitchell,threes_made,True,
NBA,2026-04-23,action,NBA:2026:04:23:CLE@TOR,NBA:2026:04:23:CLE-TOR,CLE @ TOR,spread,TOR,3.5,-113,,,,True,
NBA,2026-04-23,action,NBA:2026:04:23:CLE@TOR,NBA:2026:04:23:CLE-TOR,CLE @ TOR,total,OVER,220.5,-105,,,,True,
NBA,2026-04-23,action,NBA:2026:04:23:CLE@TOR,NBA:2026:04:23:CLE-TOR,CLE @ TOR,moneyline,TOR,,130,,,,True,
NBA,2026-04-23,action,NBA:2026:04:23:CLE@TOR,NBA:2026:04:23:CLE-TOR,CLE @ TOR,player_prop,NBA:dean_wade::reb_ast::OVER,5.5,115,Dean Wade,NBA:dean_wade,reb_ast,True,
NBA,2026-04-23,action,NBA:2026:04:23:CLE@TOR,NBA:2026:04:23:CLE-TOR,CLE @ TOR,player_prop,NBA:brandon_ingram::points::OVER,20.5,-114,Brandon Ingram,NBA:brandon_ingram,points,True,
NBA,2026-04-23,action,NBA:2026:04:23:CLE@TOR,NBA:2026:04:23:CLE-TOR,CLE @ TOR,player_prop,NBA:rj_barrett::assists::UNDER,3.5,-145,Rj Barrett,NBA:rj_barrett,assists,True,
NBA,2026-04-23,action,NBA:2026:04:23:CLE@TOR,NBA:2026:04:23:CLE-TOR,CLE @ TOR,player_prop,NBA:collin_murray_boyles::pts_reb::OVER,16.5,-102,Collin Murray Boyles,NBA:collin_murray_boyles,pts_reb,True,
NBA,2026-04-23,action,NBA:2026:04:23:CLE@TOR,NBA:2026:04:23:CLE-TOR,CLE @ TOR,moneyline,TOR,,138,,,,True,
NBA,2026-04-23,action,NBA:2026:04:23:CLE@TOR,NBA:2026:04:23:CLE-TOR,CLE @ TOR,player_prop,NBA:donovan_mitchell::points::OVER,27.5,-112,Donovan Mitchell,NBA:donovan_mitchell,points,True,
NBA,2026-04-21,bettingpros_props,NBA:2026:04:21:POR@SAS,NBA:2026:04:21:POR-SAS,POR @ SAS,player_prop,NBA:jerami_grant::pts_reb_ast::OVER,13.5,-120,Jerami Grant,NBA:jerami_grant,pts_reb_ast,True,
NBA,2026-04-21,bettingpros_props,NBA:2026:04:21:PHI@BOS,NBA:2026:04:21:BOS-PHI,PHI @ BOS,player_prop,NBA:derrick_white::pts_reb_ast::OVER,24.5,-106,Derrick White,NBA:derrick_white,pts_reb_ast,True,
NBA,2026-04-21,bettingpros_props,NBA:2026:04:21:POR@SAS,NBA:2026:04:21:POR-SAS,POR @ SAS,player_prop,NBA:scoot_henderson::pts_reb_ast::OVER,15.5,-110,Scoot Henderson,NBA:scoot_henderson,pts_reb_ast,True,
NBA,2026-04-21,bettingpros_props,NBA:2026:04:21:PHI@BOS,NBA:2026:04:21:BOS-PHI,PHI @ BOS,player_prop,NBA:derrick_white::pts_ast::OVER,20.0,-104,Derrick White,NBA:derrick_white,pts_ast,True,
NBA,2026-04-21,bettingpros_props,NBA:2026:04:21:POR@SAS,NBA:2026:04:21:POR-SAS,POR @ SAS,player_prop,NBA:jerami_grant::pts_reb::OVER,12.5,-108,Jerami Grant,NBA:jerami_grant,pts_reb,True,
NBA,2026-04-21,bettingpros_props,NBA:2026:04:21:HOU@LAL,NBA:2026:04:21:HOU-LAL,HOU @ LAL,player_prop,NBA:lebron_james::pts_reb::UNDER,31.5,101,LeBron James,NBA:lebron_james,pts_reb,True,
NBA,2026-04-21,bettingpros_props,NBA:2026:04:21:PHI@BOS,NBA:2026:04:21:BOS-PHI,PHI @ BOS,player_prop,NBA:derrick_white::points::OVER,14.5,100,Derrick White,NBA:derrick_white,points,True,
NBA,2026-04-21,bettingpros_props,NBA:2026:04:21:POR@SAS,NBA:2026:04:21:POR-SAS,POR @ SAS,player_prop,NBA:jrue_holiday::pts_reb_ast::OVER,25.5,-104,Jrue Holiday,NBA:jrue_holiday,pts_reb_ast,True,
NBA,2026-04-21,bettingpros_props,NBA:2026:04:21:PHI@BOS,NBA:2026:04:21:BOS-PHI,PHI @ BOS,player_prop,NBA:jayson_tatum::pts_reb::OVER,33.5,-108,Jayson Tatum,NBA:jayson_tatum,pts_reb,True,
NBA,2026-04-21,bettingpros_props,NBA:2026:04:21:POR@SAS,NBA:2026:04:21:POR-SAS,POR @ SAS,player_prop,NBA:jerami_grant::points::OVER,10.5,103,Jerami Grant,NBA:jerami_grant,points,True,
NBA,2026-04-21,bettingpros_props,NBA:2026:04:21:PHI@BOS,NBA:2026:04:21:BOS-PHI,PHI @ BOS,player_prop,NBA:payton_pritchard::pts_ast::OVER,18.5,-114,Payton Pritchard,NBA:payton_pritchard,pts_ast,True,
NBA,2026-04-21,bettingpros_props,NBA:2026:04:21:POR@SAS,NBA:2026:04:21:POR-SAS,POR @ SAS,player_prop,NBA:julian_champagnie::pts_reb_ast::OVER,15.5,-105,Julian Champagnie,NBA:julian_champagnie,pts_reb_ast,True,
NBA,2026-04-21,bettingpros_props,NBA:2026:04:21:PHI@BOS,NBA:2026:04:21:BOS-PHI,PHI @ BOS,player_prop,NBA:payton_pritchard::pts_reb_ast::OVER,22.5,-105,Payton Pritchard,NBA:payton_pritchard,pts_reb_ast,True,
NBA,2026-04-21,bettingpros_props,NBA:2026:04:21:POR@SAS,NBA:2026:04:21:POR-SAS,POR @ SAS,player_prop,NBA:robert_williams_iii::pts_reb_ast::OVER,12.5,-135,Robert Williams III,NBA:robert_williams_iii,pts_reb_ast,True,
NBA,2026-04-21,bettingpros_props,NBA:2026:04:21:POR@SAS,NBA:2026:04:21:POR-SAS,POR @ SAS,player_prop,NBA:julian_champagnie::points::OVER,8.5,-106,Julian Champagnie,NBA:julian_champagnie,points,True,
NBA,2026-04-21,bettingpros_props,NBA:2026:04:21:PHI@BOS,NBA:2026:04:21:BOS-PHI,PHI @ BOS,player_prop,NBA:nikola_vucevic::pts_ast::OVER,9.5,-115,Nikola Vucevic,NBA:nikola_vucevic,pts_ast,True,
NBA,2026-04-21,bettingpros_props,NBA:2026:04:21:PHI@BOS,NBA:2026:04:21:BOS-PHI,PHI @ BOS,player_prop,NBA:payton_pritchard::pts_reb::OVER,17.5,-103,Payton Pritchard,NBA:payton_pritchard,pts_reb,True,
NBA,2026-04-21,bettingpros_props,NBA:2026:04:21:PHI@BOS,NBA:2026:04:21:BOS-PHI,PHI @ BOS,player_prop,NBA:derrick_white::pts_reb::OVER,20.0,102,Derrick White,NBA:derrick_white,pts_reb,True,
NBA,2026-04-21,bettingpros_props,NBA:2026:04:21:POR@SAS,NBA:2026:04:21:POR-SAS,POR @ SAS,player_prop,NBA:dylan_harper::points::OVER,9.5,103,Dylan Harper,NBA:dylan_harper,points,True,
NBA,2026-04-21,bettingpros_props,NBA:2026:04:21:POR@SAS,NBA:2026:04:21:POR-SAS,POR @ SAS,player_prop,NBA:de_aaron_fox::pts_ast::OVER,23.5,-104,De'Aaron Fox,NBA:de_aaron_fox,pts_ast,True,
NBA,2026-04-21,bettingpros_props,NBA:2026:04:21:POR@SAS,NBA:2026:04:21:POR-SAS,POR @ SAS,player_prop,NBA:devin_vassell::pts_reb::OVER,16.5,-112,Devin Vassell,NBA:devin_vassell,pts_reb,True,
NBA,2026-04-21,bettingpros_props,NBA:2026:04:21:HOU@LAL,NBA:2026:04:21:HOU-LAL,HOU @ LAL,player_prop,NBA:lebron_james::points::UNDER,24.5,-102,LeBron James,NBA:lebron_james,points,True,
NBA,2026-04-21,bettingpros_props,NBA:2026:04:21:POR@SAS,NBA:2026:04:21:POR-SAS,POR @ SAS,player_prop,NBA:de_aaron_fox::pts_reb_ast::OVER,27.5,-105,De'Aaron Fox,NBA:de_aaron_fox,pts_reb_ast,True,
NBA,2026-04-21,bettingpros_props,NBA:2026:04:21:POR@SAS,NBA:2026:04:21:POR-SAS,POR @ SAS,player_prop,NBA:julian_champagnie::pts_ast::OVER,10.5,100,Julian Champagnie,NBA:julian_champagnie,pts_ast,True,
NBA,2026-04-21,bettingpros_props,NBA:2026:04:21:PHI@BOS,NBA:2026:04:21:BOS-PHI,PHI @ BOS,player_prop,NBA:jayson_tatum::pts_reb_ast::OVER,40.5,-105,Jayson Tatum,NBA:jayson_tatum,pts_reb_ast,True,
NBA,2026-04-21,bettingpros_props,NBA:2026:04:21:HOU@LAL,NBA:2026:04:21:HOU-LAL,HOU @ LAL,player_prop,NBA:jabari_smith_jr::points::OVER,14.5,-112,Jabari Smith Jr.,NBA:jabari_smith_jr,points,True,
NBA,2026-04-21,bettingpros_props,NBA:2026:04:21:HOU@LAL,NBA:2026:04:21:HOU-LAL,HOU @ LAL,player_prop,NBA:jabari_smith_jr::pts_ast::OVER,16.5,-113,Jabari Smith Jr.,NBA:jabari_smith_jr,pts_ast,True,
NBA,2026-04-21,bettingpros_props,NBA:2026:04:21:PHI@BOS,NBA:2026:04:21:BOS-PHI,PHI @ BOS,player_prop,NBA:quentin_grimes::pts_reb_ast::OVER,13.5,-110,Quentin Grimes,NBA:quentin_grimes,pts_reb_ast,True,
NBA,2026-04-21,bettingpros_props,NBA:2026:04:21:POR@SAS,NBA:2026:04:21:POR-SAS,POR @ SAS,player_prop,NBA:toumani_camara::pts_ast::OVER,12.5,-105,Toumani Camara,NBA:toumani_camara,pts_ast,True,
NBA,2026-04-21,bettingpros_props,NBA:2026:04:21:HOU@LAL,NBA:2026:04:21:HOU-LAL,HOU @ LAL,player_prop,NBA:jabari_smith_jr::pts_reb::OVER,21.5,-110,Jabari Smith Jr.,NBA:jabari_smith_jr,pts_reb,True,
NBA,2026-04-21,bettingpros_props,NBA:2026:04:21:HOU@LAL,NBA:2026:04:21:HOU-LAL,HOU @ LAL,player_prop,NBA:jabari_smith_jr::pts_reb_ast::OVER,23.5,-103,Jabari Smith Jr.,NBA:jabari_smith_jr,pts_reb_ast,True,
NBA,2026-04-21,bettingpros_props,NBA:2026:04:21:POR@SAS,NBA:2026:04:21:POR-SAS,POR @ SAS,player_prop,NBA:devin_vassell::pts_reb_ast::OVER,19.5,100,Devin Vassell,NBA:devin_vassell,pts_reb_ast,True,
NBA,2026-04-21,bettingpros_props,NBA:2026:04:21:HOU@LAL,NBA:2026:04:21:HOU-LAL,HOU @ LAL,player_prop,NBA:kevin_durant::points::OVER,23.5,104,Kevin Durant,NBA:kevin_durant,points,True,
NBA,2026-04-21,bettingpros_props,NBA:2026:04:21:POR@SAS,NBA:2026:04:21:POR-SAS,POR @ SAS,player_prop,NBA:scoot_henderson::points::OVER,10.5,104,Scoot Henderson,NBA:scoot_henderson,points,True,
NBA,2026-04-21,bettingpros_props,NBA:2026:04:21:POR@SAS,NBA:2026:04:21:POR-SAS,POR @ SAS,player_prop,NBA:jrue_holiday::pts_ast::OVER,21.5,-104,Jrue Holiday,NBA:jrue_holiday,pts_ast,True,
NBA,2026-04-21,bettingpros_props,NBA:2026:04:21:POR@SAS,NBA:2026:04:21:POR-SAS,POR @ SAS,player_prop,NBA:devin_vassell::pts_ast::OVER,15.5,-105,Devin Vassell,NBA:devin_vassell,pts_ast,True,
NBA,2026-04-21,bettingpros_props,NBA:2026:04:21:POR@SAS,NBA:2026:04:21:POR-SAS,POR @ SAS,player_prop,NBA:de_aaron_fox::pts_reb::OVER,21.5,-105,De'Aaron Fox,NBA:de_aaron_fox,pts_reb,True,
NBA,2026-04-21,bettingpros_props,NBA:2026:04:21:PHI@BOS,NBA:2026:04:21:BOS-PHI,PHI @ BOS,player_prop,NBA:dominick_barlow::pts_reb_ast::OVER,7.5,-105,Dominick Barlow,NBA:dominick_barlow,pts_reb_ast,True,
NBA,2026-04-21,bettingpros_props,NBA:2026:04:21:HOU@LAL,NBA:2026:04:21:HOU-LAL,HOU @ LAL,player_prop,NBA:luke_kennard::pts_reb_ast::UNDER,21.5,100,Luke Kennard,NBA:luke_kennard,pts_reb_ast,True,
NBA,2026-04-21,bettingpros_props,NBA:2026:04:21:PHI@BOS,NBA:2026:04:21:BOS-PHI,PHI @ BOS,player_prop,NBA:payton_pritchard::points::OVER,14.5,-101,Payton Pritchard,NBA:payton_pritchard,points,True,
NBA,2026-04-21,bettingpros_props,NBA:2026:04:21:POR@SAS,NBA:2026:04:21:POR-SAS,POR @ SAS,player_prop,NBA:keldon_johnson::points::OVER,9.5,-115,Keldon Johnson,NBA:keldon_johnson,points,True,
NBA,2026-04-21,bettingpros_props,NBA:2026:04:21:HOU@LAL,NBA:2026:04:21:HOU-LAL,HOU @ LAL,player_prop,NBA:kevin_durant::pts_reb_ast::OVER,33.5,120,Kevin Durant,NBA:kevin_durant,pts_reb_ast,True,
NBA,2026-04-21,bettingpros_props,NBA:2026:04:21:PHI@BOS,NBA:2026:04:21:BOS-PHI,PHI @ BOS,player_prop,NBA:quentin_grimes::points::OVER,8.5,-108,Quentin Grimes,NBA:quentin_grimes,points,True,
NBA,2026-04-21,bettingpros_props,NBA:2026:04:21:PHI@BOS,NBA:2026:04:21:BOS-PHI,PHI @ BOS,player_prop,NBA:dominick_barlow::points::OVER,3.5,-134,Dominick Barlow,NBA:dominick_barlow,points,True,
NBA,2026-04-21,bettingpros_props,NBA:2026:04:21:HOU@LAL,NBA:2026:04:21:HOU-LAL,HOU @ LAL,player_prop,NBA:kevin_durant::pts_ast::OVER,28.5,115,Kevin Durant,NBA:kevin_durant,pts_ast,True,
NBA,2026-04-21,bettingpros_props,NBA:2026:04:21:PHI@BOS,NBA:2026:04:21:BOS-PHI,PHI @ BOS,player_prop,NBA:sam_hauser::pts_reb::OVER,11.5,-110,Sam Hauser,NBA:sam_hauser,pts_reb,True,
NBA,2026-04-21,bettingpros_props,NBA:2026:04:21:POR@SAS,NBA:2026:04:21:POR-SAS,POR @ SAS,player_prop,NBA:robert_williams_iii::pts_reb::OVER,12.5,105,Robert Williams III,NBA:robert_williams_iii,pts_reb,True,
NBA,2026-04-21,bettingpros_props,NBA:2026:04:21:PHI@BOS,NBA:2026:04:21:BOS-PHI,PHI @ BOS,player_prop,NBA:quentin_grimes::pts_reb::OVER,11.5,105,Quentin Grimes,NBA:quentin_grimes,pts_reb,True,
NBA,2026-04-21,bettingpros_props,NBA:2026:04:21:POR@SAS,NBA:2026:04:21:POR-SAS,POR @ SAS,player_prop,NBA:jrue_holiday::pts_reb::OVER,20.5,-103,Jrue Holiday,NBA:jrue_holiday,pts_reb,True,
NBA,2026-04-21,bettingpros_props,NBA:2026:04:21:POR@SAS,NBA:2026:04:21:POR-SAS,POR @ SAS,player_prop,NBA:dylan_harper::reb_ast::OVER,5.5,-135,Dylan Harper,NBA:dylan_harper,reb_ast,True,
NBA,2026-04-21,bettingpros_props,NBA:2026:04:21:POR@SAS,NBA:2026:04:21:POR-SAS,POR @ SAS,player_prop,NBA:victor_wembanyama::pts_reb_ast::OVER,42.5,-111,Victor Wembanyama,NBA:victor_wembanyama,pts_reb_ast,True,
NBA,2026-04-21,bettingpros_props,NBA:2026:04:21:POR@SAS,NBA:2026:04:21:POR-SAS,POR @ SAS,player_prop,NBA:matisse_thybulle::points::OVER,3.5,-102,Matisse Thybulle,NBA:matisse_thybulle,points,True,
NBA,2026-04-21,bettingpros_props,NBA:2026:04:21:POR@SAS,NBA:2026:04:21:POR-SAS,POR @ SAS,player_prop,NBA:matisse_thybulle::pts_reb_ast::OVER,6.5,-120,Matisse Thybulle,NBA:matisse_thybulle,pts_reb_ast,True,
NBA,2026-04-21,bettingpros_props,NBA:2026:04:21:POR@SAS,NBA:2026:04:21:POR-SAS,POR @ SAS,player_prop,NBA:keldon_johnson::pts_reb_ast::OVER,15.5,-105,Keldon Johnson,NBA:keldon_johnson,pts_reb_ast,True,
NBA,2026-04-21,bettingpros_props,NBA:2026:04:21:HOU@LAL,NBA:2026:04:21:HOU-LAL,HOU @ LAL,player_prop,NBA:alperen_sengun::points::OVER,18.5,122,Alperen Sengun,NBA:alperen_sengun,points,True,
NBA,2026-04-21,bettingpros_props,NBA:2026:04:21:POR@SAS,NBA:2026:04:21:POR-SAS,POR @ SAS,player_prop,NBA:jrue_holiday::points::OVER,15.5,-104,Jrue Holiday,NBA:jrue_holiday,points,True,
NBA,2026-04-21,bettingpros_props,NBA:2026:04:21:PHI@BOS,NBA:2026:04:21:BOS-PHI,PHI @ BOS,player_prop,NBA:jayson_tatum::pts_ast::OVER,29.5,-102,Jayson Tatum,NBA:jayson_tatum,pts_ast,True,
NBA,2026-04-21,bettingpros_props,NBA:2026:04:21:POR@SAS,NBA:2026:04:21:POR-SAS,POR @ SAS,player_prop,NBA:keldon_johnson::pts_reb::OVER,14.5,100,Keldon Johnson,NBA:keldon_johnson,pts_reb,True,
NBA,2026-04-21,bettingpros_props,NBA:2026:04:21:PHI@BOS,NBA:2026:04:21:BOS-PHI,PHI @ BOS,player_prop,NBA:payton_pritchard::reb_ast::OVER,7.5,-127,Payton Pritchard,NBA:payton_pritchard,reb_ast,True,
NBA,2026-04-23,betql,NBA:2026:04:23:NYK@ATL,NBA:2026:04:23:ATL-NYK,NYK @ ATL,player_prop,NBA:karl_anthony_towns::threes::OVER,1.5,120,Karl Anthony Towns,NBA:karl_anthony_towns,threes,True,
NBA,2026-04-23,betql,NBA:2026:04:23:NYK@ATL,NBA:2026:04:23:ATL-NYK,NYK @ ATL,player_prop,NBA:dyson_daniels::points::OVER,9.5,-114,Dyson Daniels,NBA:dyson_daniels,points,True,
NBA,2026-04-23,betql,NBA:2026:04:23:CLE@TOR,NBA:2026:04:23:CLE-TOR,CLE @ TOR,player_prop,NBA:james_harden::points::OVER,19.5,-114,James Harden,NBA:james_harden,points,True,
NBA,2026-04-23,betql,NBA:2026:04:23:CLE@TOR,NBA:2026:04:23:CLE-TOR,CLE @ TOR,player_prop,NBA:jarrett_allen::points::UNDER,12.5,-101,Jarrett Allen,NBA:jarrett_allen,points,True,
NBA,2026-04-23,betql,NBA:2026:04:23:DEN@MIN,NBA:2026:04:23:DEN-MIN,DEN @ MIN,player_prop,NBA:christian_braun::points::UNDER,11.5,100,Christian Braun,NBA:christian_braun,points,True,
NBA,2026-04-23,betql,NBA:2026:04:23:DEN@MIN,NBA:2026:04:23:DEN-MIN,DEN @ MIN,player_prop,NBA:tim_hardaway_jr::points::UNDER,10.5,-124,Tim Hardaway Jr,NBA:tim_hardaway_jr,points,True,
NBA,2026-04-24,betql,NBA:2026:04:24:BOS@PHI,NBA:2026:04:24:BOS-PHI,BOS @ PHI,spread,BOS,-7.0,,,,,True,
NBA,2026-04-24,betql,NBA:2026:04:24:LAL@HOU,NBA:2026:04:24:HOU-LAL,LAL @ HOU,spread,LAL,10.0,10,,,,False,sharp_pct_below_threshold
NBA,2026-04-23,betql,NBA:2026:04:23:NYK@ATL,NBA:2026:04:23:ATL-NYK,NYK @ ATL,spread,NYK,-1.5,,,,,False,sharp_pct_below_threshold
NBA,2026-04-24,betql,NBA:2026:04:24:SAS@POR,NBA:2026:04:24:POR-SAS,SAS @ POR,spread,SAS,-1.5,,,,,False,sharp_pct_below_threshold
NBA,2026-04-23,betql,NBA:2026:04:23:CLE@TOR,NBA:2026:04:23:CLE-TOR,CLE @ TOR,spread,CLE,-2.5,,,,,False,sharp_pct_below_threshold
NBA,2026-04-23,betql,NBA:2026:04:23:DEN@MIN,NBA:2026:04:23:DEN-MIN,DEN @ MIN,spread,DEN,-2.0,,,,,False,sharp_pct_below_threshold
NBA,2026-04-24,betql,NBA:2026:04:24:SAS@POR,NBA:2026:04:24:POR-SAS,SAS @ POR,total,UNDER,220.5,,,,,False,sharp_pct_below_threshold
NBA,2026-04-23,betql,NBA:2026:04:23:NYK@ATL,NBA:2026:04:23:ATL-NYK,NYK @ ATL,total,UNDER,214.5,,,,,False,sharp_pct_below_threshold
NBA,2026-04-23,betql,NBA:2026:04:23:DEN@MIN,NBA:2026:04:23:DEN-MIN,DEN @ MIN,total,UNDER,232.5,,,,,False,sharp_pct_below_threshold
NBA,2026-04-23,betql,NBA:2026:04:23:CLE@TOR,NBA:2026:04:23:CLE-TOR,CLE @ TOR,total,OVER,221.5,,,,,False,sharp_pct_below_threshold
NBA,2026-04-24,betql,NBA:2026:04:24:BOS@PHI,NBA:2026:04:24:BOS-PHI,BOS @ PHI,total,OVER,215.5,,,,,False,sharp_pct_below_threshold
NBA,2026-04-24,betql,NBA:2026:04:24:LAL@HOU,NBA:2026:04:24:HOU-LAL,LAL @ HOU,total,OVER,205.5,,,,,False,sharp_pct_below_threshold
NBA,2026-04-24,betql,NBA:2026:04:24:LAL@HOU,NBA:2026:04:24:HOU-LAL,LAL @ HOU,spread,HOU,-10.0,-10,,,,True,
NBA,2026-04-23,betql,NBA:2026:04:23:DEN@MIN,NBA:2026:04:23:DEN-MIN,DEN @ MIN,spread,DEN,-2.0,,,,,False,rating_below_threshold
NBA,2026-04-24,betql,NBA:2026:04:24:BOS@PHI,NBA:2026:04:24:BOS-PHI,BOS @ PHI,spread,BOS,-7.0,,,,,False,rating_below_threshold
NBA,2026-04-24,betql,NBA:2026:04:24:SAS@POR,NBA:2026:04:24:POR-SAS,SAS @ POR,spread,SAS,-1.5,,,,,False,rating_below_threshold
NBA,2026-04-23,betql,NBA:2026:04:23:NYK@ATL,NBA:2026:04:23:ATL-NYK,NYK @ ATL,spread,ATL,1.5,,,,,False,rating_below_threshold
NBA,2026-04-23,betql,NBA:2026:04:23:CLE@TOR,NBA:2026:04:23:CLE-TOR,CLE @ TOR,spread,TOR,2.5,,,,,False,rating_below_threshold
NBA,2026-04-23,betql,NBA:2026:04:23:NYK@ATL,NBA:2026:04:23:ATL-NYK,NYK @ ATL,total,OVER,214.5,,,,,True,
NBA,2026-04-24,betql,NBA:2026:04:24:SAS@POR,NBA:2026:04:24:POR-SAS,SAS @ POR,total,OVER,220.5,,,,,True,
NBA,2026-04-23,betql,NBA:2026:04:23:CLE@TOR,NBA:2026:04:23:CLE-TOR,CLE @ TOR,total,OVER,221.5,,,,,True,
NBA,2026-04-23,betql,NBA:2026:04:23:DEN@MIN,NBA:2026:04:23:DEN-MIN,DEN @ MIN,total,UNDER,232.5,,,,,True,
NBA,2026-04-24,betql,NBA:2026:04:24:LAL@HOU,NBA:2026:04:24:HOU-LAL,LAL @ HOU,total,OVER,205.5,,,,,False,rating_below_threshold
NBA,2026-04-24,betql,NBA:2026:04:24:BOS@PHI,NBA:2026:04:24:BOS-PHI,BOS @ PHI,total,OVER,215.5,,,,,False,rating_below_threshold
NBA,2026-04-23,covers,NBA:2026:04:23:NYK@ATL,NBA:2026:04:23:ATL-NYK,NYK @ ATL,player_prop,NBA:og_anunoby::points::OVER,15.5,-112,Og Anunoby,NBA:og_anunoby,points,True,
NBA,2026-04-23,covers,NBA:2026:04:23:NYK@ATL,NBA:2026:04:23:ATL-NYK,NYK @ ATL,player_prop,NBA:jalen_brunson::points::UNDER,26.5,-107,Jalen Brunson,NBA:jalen_brunson,points,True,
NBA,2026-04-23,covers,NBA:2026:04:23:CLE@TOR,NBA:2026:04:23:CLE-TOR,CLE @ TOR,player_prop,NBA:donovan_mitchell::points::OVER,27.5,-112,Donovan Mitchell,NBA:donovan_mitchell,points,True,
NBA,2026-04-23,covers,NBA:2026:04:23:CLE@TOR,NBA:2026:04:23:CLE-TOR,CLE @ TOR,player_prop,NBA:donovan_mitchell::assists::OVER,4.5,125,Donovan Mitchell,NBA:donovan_mitchell,assists,True,
NBA,2026-04-23,covers,NBA:2026:04:23:CLE@TOR,NBA:2026:04:23:CLE-TOR,CLE @ TOR,player_prop,NBA:donovan_mitchell::points::UNDER,27.5,-122,Donovan Mitchell,NBA:donovan_mitchell,points,True,
NBA,2026-04-23,covers,NBA:2026:04:23:DEN@MIN,NBA:2026:04:23:DEN-MIN,DEN @ MIN,player_prop,NBA:anthony_edwards::rebounds::OVER,5.5,-120,Anthony Edwards,NBA:anthony_edwards,rebounds,True,
NBA,2026-04-23,covers,NBA:2026:04:23:DEN@MIN,NBA:2026:04:23:DEN-MIN,DEN @ MIN,player_prop,NBA:naz_reid::points::OVER,10.5,-128,Naz Reid,NBA:naz_reid,points,True,
NBA,2026-04-23,covers,NBA:2026:04:23:DEN@MIN,NBA:2026:04:23:DEN-MIN,DEN @ MIN,player_prop,NBA:donte_divincenzo::points::OVER,9.5,-142,Donte Divincenzo,NBA:donte_divincenzo,points,True,
NBA,2026-04-23,covers,NBA:2026:04:23:DEN@MIN,NBA:2026:04:23:DEN-MIN,DEN @ MIN,player_prop,NBA:donte_divincenzo::assists::OVER,3.5,123,Donte Divincenzo,NBA:donte_divincenzo,assists,True,
NBA,2026-04-23,covers,NBA:2026:04:23:BOS@PHI,NBA:2026:04:23:BOS-PHI,BOS @ PHI,player_prop,NBA:derrick_white::threes_made::OVER,2.5,102,Derrick White,NBA:derrick_white,threes_made,True,
NBA,2026-04-23,covers,NBA:2026:04:23:LAL@HOU,NBA:2026:04:23:HOU-LAL,LAL @ HOU,player_prop,NBA:kevin_durant::points::OVER,23.5,-115,Kevin Durant,NBA:kevin_durant,points,True,
NBA,2026-04-23,dimers,NBA:2026:04:23:CLE@TOR,NBA:2026:04:23:CLE-TOR,CLE @ TOR,moneyline,CLE,,-135,,,,True,
NBA,2026-04-23,dimers,NBA:2026:04:23:DEN@MIN,NBA:2026:04:23:DEN-MIN,DEN @ MIN,player_prop,NBA:nikola_jokic::assists::OVER,11.5,170,Nikola Jokic,NBA:nikola_jokic,assists,True,
NBA,2026-04-23,dimers,NBA:2026:04:23:NYK@ATL,NBA:2026:04:23:ATL-NYK,NYK @ ATL,player_prop,NBA:jalen_johnson::assists::OVER,6.5,112,Jalen Johnson,NBA:jalen_johnson,assists,True,
NBA,2026-04-23,oddstrader,NBA:2026:04:23:NYK@ATL,NBA:2026:04:23:ATL-NYK,NYK @ ATL,moneyline,ATL,104.0,,,,,True,
NBA,2026-04-23,oddstrader,NBA:2026:04:23:NYK@ATL,NBA:2026:04:23:ATL-NYK,NYK @ ATL,spread,ATL,1.5,-115,,,,True,
NBA,2026-04-23,oddstrader,NBA:2026:04:23:NYK@ATL,NBA:2026:04:23:ATL-NYK,NYK @ ATL,total,OVER,214.0,-110,,,,False,rating_below_threshold
NBA,2026-04-24,oddstrader,NBA:2026:04:24:CLE@TOR,NBA:2026:04:24:CLE-TOR,CLE @ TOR,moneyline,CLE,-139.0,,,,,False,rating_below_threshold
NBA,2026-04-24,oddstrader,NBA:2026:04:24:CLE@TOR,NBA:2026:04:24:CLE-TOR,CLE @ TOR,total,UNDER,222.0,-108,,,,False,rating_below_threshold
NBA,2026-04-24,oddstrader,NBA:2026:04:24:DEN@MIN,NBA:2026:04:24:DEN-MIN,DEN @ MIN,moneyline,MIN,117.0,,,,,False,rating_below_threshold
NBA,2026-04-24,oddstrader,NBA:2026:04:24:DEN@MIN,NBA:2026:04:24:DEN-MIN,DEN @ MIN,spread,MIN,2.0,-101,,,,True,
NBA,2026-04-24,oddstrader,NBA:2026:04:24:DEN@MIN,NBA:2026:04:24:DEN-MIN,DEN @ MIN,total,UNDER,233.0,-110,,,,False,rating_below_threshold
NBA,2026-04-24,oddstrader,NBA:2026:04:24:BOS@PHI,NBA:2026:04:24:BOS-PHI,BOS @ PHI,moneyline,PHI,250.0,,,,,True,
NBA,2026-04-24,oddstrader,NBA:2026:04:24:BOS@PHI,NBA:2026:04:24:BOS-PHI,BOS @ PHI,spread,PHI,7.5,-110,,,,True,
NBA,2026-04-24,oddstrader,NBA:2026:04:24:BOS@PHI,NBA:2026:04:24:BOS-PHI,BOS @ PHI,total,OVER,215.5,-108,,,,False,rating_below_threshold
NBA,2026-04-25,oddstrader,NBA:2026:04:25:LAL@HOU,NBA:2026:04:25:HOU-LAL,LAL @ HOU,moneyline,LAL,339.0,,,,,True,
NBA,2026-04-25,oddstrader,NBA:2026:04:25:LAL@HOU,NBA:2026:04:25:HOU-LAL,LAL @ HOU,spread,LAL,10.5,-112,,,,True,
NBA,2026-04-25,oddstrader,NBA:2026:04:25:LAL@HOU,NBA:2026:04:25:HOU-LAL,LAL @ HOU,total,OVER,205.5,-108,,,,False,rating_below_threshold
NBA,2026-04-25,oddstrader,NBA:2026:04:25:SAS@POR,NBA:2026:04:25:POR-SAS,SAS @ POR,moneyline,SAS,-121.0,,,,,False,rating_below_threshold
NBA,2026-04-25,oddstrader,NBA:2026:04:25:SAS@POR,NBA:2026:04:25:POR-SAS,SAS @ POR,spread,POR,2.0,-110,,,,True,
NBA,2026-04-25,oddstrader,NBA:2026:04:25:SAS@POR,NBA:2026:04:25:POR-SAS,SAS @ POR,total,OVER,220.5,-104,,,,False,rating_below_threshold
NBA,2026-04-25,oddstrader,NBA:2026:04:25:DET@ORL,NBA:2026:04:25:DET-ORL,DET @ ORL,moneyline,ORL,130.0,,,,,True,
NBA,2026-04-25,oddstrader,NBA:2026:04:25:DET@ORL,NBA:2026:04:25:DET-ORL,DET @ ORL,spread,ORL,3.0,-110,,,,True,
NBA,2026-04-25,oddstrader,NBA:2026:04:25:DET@ORL,NBA:2026:04:25:DET-ORL,DET @ ORL,total,OVER,213.5,-110,,,,False,rating_below_threshold
NBA,2026-04-25,oddstrader,NBA:2026:04:25:OKC@PHX,NBA:2026:04:25:OKC-PHX,OKC @ PHX,moneyline,OKC,-396.0,,,,,False,rating_below_threshold
NBA,2026-04-25,oddstrader,NBA:2026:04:25:OKC@PHX,NBA:2026:04:25:OKC-PHX,OKC @ PHX,spread,PHX,9.5,-110,,,,False,rating_below_threshold
NBA,2026-04-25,oddstrader,NBA:2026:04:25:OKC@PHX,NBA:2026:04:25:OKC-PHX,OKC @ PHX,total,OVER,214.5,-108,,,,False,rating_below_threshold
NBA,2026-04-25,oddstrader,NBA:2026:04:25:LAL@HOU,NBA:2026:04:25:HOU-LAL,LAL @ HOU,player_prop,Jaxson Hayes over 9.5,9.5,-105,Jaxson Hayes,nba:jaxson_hayes,pts_reb,True,
NBA,2026-04-25,oddstrader,NBA:2026:04:25:SAS@POR,NBA:2026:04:25:POR-SAS,SAS @ POR,player_prop,Luke Kornet under 16.5,16.5,-105,Luke Kornet,nba:luke_kornet,pts_reb,True,
NBA,2026-04-24,oddstrader,NBA:2026:04:24:DEN@MIN,NBA:2026:04:24:DEN-MIN,DEN @ MIN,player_prop,Bruce Brown over 11.5,11.5,-125,Bruce Brown,nba:bruce_brown,pts_reb_ast,True,
NBA,2026-04-23,oddstrader,NBA:2026:04:23:NYK@ATL,NBA:2026:04:23:ATL-NYK,NYK @ ATL,player_prop,Miles McBride over 7.5,7.5,-145,Miles McBride,nba:miles_mcbride,pts_reb_ast,True,
NBA,2026-04-24,oddstrader,NBA:2026:04:24:CLE@TOR,NBA:2026:04:24:CLE-TOR,CLE @ TOR,player_prop,Evan Mobley,,120,Evan Mobley,nba:evan_mobley,threes,True,
NBA,2026-04-25,oddstrader,NBA:2026:04:25:LAL@HOU,NBA:2026:04:25:HOU-LAL,LAL @ HOU,player_prop,Reed Sheppard over 14.5,14.5,-125,Reed Sheppard,nba:reed_sheppard,pts_reb_ast,True,
NBA,2026-04-23,oddstrader,NBA:2026:04:23:NYK@ATL,NBA:2026:04:23:ATL-NYK,NYK @ ATL,player_prop,Miles McBride over 6.5,6.5,-120,Miles McBride,nba:miles_mcbride,pts_ast,True,
NBA,2026-04-25,oddstrader,NBA:2026:04:25:SAS@POR,NBA:2026:04:25:POR-SAS,SAS @ POR,player_prop,Luke Kornet under 18.5,18.5,-105,Luke Kornet,nba:luke_kornet,pts_reb_ast,True,
NBA,2026-04-25,oddstrader,NBA:2026:04:25:LAL@HOU,NBA:2026:04:25:HOU-LAL,LAL @ HOU,player_prop,Reed Sheppard over 12.5,12.5,-110,Reed Sheppard,nba:reed_sheppard,pts_ast,True,
NBA,2026-04-25,oddstrader,NBA:2026:04:25:LAL@HOU,NBA:2026:04:25:HOU-LAL,LAL @ HOU,player_prop,Bronny James over 1.5,1.5,-115,Bronny James,nba:bronny_james,points,True,
NBA,2026-04-25,oddstrader,NBA:2026:04:25:SAS@POR,NBA:2026:04:25:POR-SAS,SAS @ POR,player_prop,Luke Kornet under 7.5,7.5,100,Luke Kornet,nba:luke_kornet,rebounds,True,
NBA,2026-04-24,oddstrader,NBA:2026:04:24:DEN@MIN,NBA:2026:04:24:DEN-MIN,DEN @ MIN,player_prop,Bruce Brown over 4.5,4.5,-145,Bruce Brown,nba:bruce_brown,reb_ast,True,
NBA,2026-04-24,oddstrader,NBA:2026:04:24:CLE@TOR,NBA:2026:04:24:CLE-TOR,CLE @ TOR,player_prop,Dennis Schröder over 6.5,6.5,-170,Dennis Schröder,nba:dennis_schr_der,pts_reb_ast,True,
NBA,2026-04-25,oddstrader,NBA:2026:04:25:LAL@HOU,NBA:2026:04:25:HOU-LAL,LAL @ HOU,player_prop,Jaxson Hayes over 5.5,5.5,-120,Jaxson Hayes,nba:jaxson_hayes,points,True,
NBA,2026-04-25,oddstrader,NBA:2026:04:25:DET@ORL,NBA:2026:04:25:DET-ORL,DET @ ORL,player_prop,Cade Cunningham under 37.5,37.5,-110,Cade Cunningham,nba:cade_cunningham,pts_ast,True,
NBA,2026-04-25,oddstrader,NBA:2026:04:25:SAS@POR,NBA:2026:04:25:POR-SAS,SAS @ POR,player_prop,Jerami Grant over 11.5,11.5,-125,Jerami Grant,nba:jerami_grant,pts_reb,True,
NBA,2026-04-25,oddstrader,NBA:2026:04:25:DET@ORL,NBA:2026:04:25:DET-ORL,DET @ ORL,player_prop,Cade Cunningham under 43.5,43.5,-115,Cade Cunningham,nba:cade_cunningham,pts_reb_ast,True,
NBA,2026-04-24,oddstrader,NBA:2026:04:24:DEN@MIN,NBA:2026:04:24:DEN-MIN,DEN @ MIN,player_prop,Bruce Brown over 8.5,8.5,-105,Bruce Brown,nba:bruce_brown,pts_ast,True,
NBA,2026-04-24,oddstrader,NBA:2026:04:24:DEN@MIN,NBA:2026:04:24:DEN-MIN,DEN @ MIN,player_prop,Bruce Brown over 10.5,10.5,-105,Bruce Brown,nba:bruce_brown,pts_reb,True,
NBA,2026-04-24,oddstrader,NBA:2026:04:24:DEN@MIN,NBA:2026:04:24:DEN-MIN,DEN @ MIN,player_prop,Anthony Edwards under 39.5,39.5,-125,Anthony Edwards,nba:anthony_edwards,pts_reb_ast,True,
NBA,2026-04-23,oddstrader,NBA:2026:04:23:NYK@ATL,NBA:2026:04:23:ATL-NYK,NYK @ ATL,player_prop,Dyson Daniels over 11.5,11.5,-105,Dyson Daniels,nba:dyson_daniels,reb_ast,True,
NBA,2026-04-25,oddstrader,NBA:2026:04:25:LAL@HOU,NBA:2026:04:25:HOU-LAL,LAL @ HOU,player_prop,Reed Sheppard over 8.5,8.5,-115,Reed Sheppard,nba:reed_sheppard,points,True,
NBA,2026-04-24,oddstrader,NBA:2026:04:24:DEN@MIN,NBA:2026:04:24:DEN-MIN,DEN @ MIN,player_prop,Anthony Edwards under 34.5,34.5,-120,Anthony Edwards,nba:anthony_edwards,pts_reb,True,
NBA,2026-04-25,oddstrader,NBA:2026:04:25:DET@ORL,NBA:2026:04:25:DET-ORL,DET @ ORL,player_prop,Cade Cunningham under 33.5,33.5,-115,Cade Cunningham,nba:cade_cunningham,pts_reb,True,
NBA,2026-04-25,oddstrader,NBA:2026:04:25:SAS@POR,NBA:2026:04:25:POR-SAS,SAS @ POR,player_prop,Luke Kornet under 9.5,9.5,-105,Luke Kornet,nba:luke_kornet,reb_ast,True,
NBA,2026-04-24,oddstrader,NBA:2026:04:24:DEN@MIN,NBA:2026:04:24:DEN-MIN,DEN @ MIN,player_prop,Anthony Edwards under 33.5,33.5,-125,Anthony Edwards,nba:anthony_edwards,pts_ast,True,
NBA,2026-04-25,oddstrader,NBA:2026:04:25:LAL@HOU,NBA:2026:04:25:HOU-LAL,LAL @ HOU,player_prop,Amen Thompson over 22.5,22.5,-120,Amen Thompson,nba:amen_thompson,pts_ast,True,
NBA,2026-04-23,oddstrader,NBA:2026:04:23:NYK@ATL,NBA:2026:04:23:ATL-NYK,NYK @ ATL,player_prop,Dyson Daniels over 21.5,21.5,-105,Dyson Daniels,nba:dyson_daniels,pts_reb_ast,True,
NBA,2026-04-25,oddstrader,NBA:2026:04:25:LAL@HOU,NBA:2026:04:25:HOU-LAL,LAL @ HOU,player_prop,Amen Thompson over 30.5,30.5,-105,Amen Thompson,nba:amen_thompson,pts_reb_ast,True,
NBA,2026-04-25,oddstrader,NBA:2026:04:25:LAL@HOU,NBA:2026:04:25:HOU-LAL,LAL @ HOU,player_prop,Amen Thompson over 24.5,24.5,-115,Amen Thompson,nba:amen_thompson,pts_reb,True,
NBA,2026-04-23,oddstrader,NBA:2026:04:23:NYK@ATL,NBA:2026:04:23:ATL-NYK,NYK @ ATL,player_prop,Josh Hart under 13.5,13.5,-110,Josh Hart,nba:josh_hart,reb_ast,True,
NBA,2026-04-24,oddstrader,NBA:2026:04:24:DEN@MIN,NBA:2026:04:24:DEN-MIN,DEN @ MIN,player_prop,Anthony Edwards under 28.5,28.5,-120,Anthony Edwards,nba:anthony_edwards,points,True,
NBA,2026-04-24,oddstrader,NBA:2026:04:24:DEN@MIN,NBA:2026:04:24:DEN-MIN,DEN @ MIN,player_prop,Nikola Jokic under 53.5,53.5,-115,Nikola Jokic,nba:nikola_jokic,pts_reb_ast,True,
NBA,2026-04-24,oddstrader,NBA:2026:04:24:DEN@MIN,NBA:2026:04:24:DEN-MIN,DEN @ MIN,player_prop,Nikola Jokic under 43.5,43.5,-115,Nikola Jokic,nba:nikola_jokic,pts_reb,True,
NBA,2026-04-24,oddstrader,NBA:2026:04:24:DEN@MIN,NBA:2026:04:24:DEN-MIN,DEN @ MIN,player_prop,Anthony Edwards under 10.5,10.5,-120,Anthony Edwards,nba:anthony_edwards,reb_ast,True,
NBA,2026-04-25,oddstrader,NBA:2026:04:25:SAS@POR,NBA:2026:04:25:POR-SAS,SAS @ POR,player_prop,Deni Avdija over 30.5,30.5,-105,Deni Avdija,nba:deni_avdija,pts_ast,True,
NBA,2026-04-23,oddstrader,NBA:2026:04:23:NYK@ATL,NBA:2026:04:23:ATL-NYK,NYK @ ATL,player_prop,Karl-Anthony Towns over 22.5,22.5,-105,Karl-Anthony Towns,nba:karl_anthony_towns,pts_ast,True,
NBA,2026-04-24,oddstrader,NBA:2026:04:24:BOS@PHI,NBA:2026:04:24:BOS-PHI,BOS @ PHI,player_prop,Derrick White under 3.5,3.5,150,Derrick White,nba:derrick_white,rebounds,True,
NBA,2026-04-25,oddstrader,NBA:2026:04:25:SAS@POR,NBA:2026:04:25:POR-SAS,SAS @ POR,player_prop,Deni Avdija over 37.5,37.5,-110,Deni Avdija,nba:deni_avdija,pts_reb_ast,True,
NBA,2026-04-25,oddstrader,NBA:2026:04:25:LAL@HOU,NBA:2026:04:25:HOU-LAL,LAL @ HOU,player_prop,Reed Sheppard over 4.5,4.5,-150,Reed Sheppard,nba:reed_sheppard,reb_ast,True,
NBA,2026-04-23,oddstrader,NBA:2026:04:23:NYK@ATL,NBA:2026:04:23:ATL-NYK,NYK @ ATL,player_prop,Mitchell Robinson over 12.5,12.5,-120,Mitchell Robinson,nba:mitchell_robinson,pts_reb_ast,True,
NBA,2026-04-25,oddstrader,NBA:2026:04:25:SAS@POR,NBA:2026:04:25:POR-SAS,SAS @ POR,player_prop,Luke Kornet under 8.5,8.5,-115,Luke Kornet,nba:luke_kornet,points,True,
NBA,2026-04-23,oddstrader,NBA:2026:04:23:NYK@ATL,NBA:2026:04:23:ATL-NYK,NYK @ ATL,player_prop,Miles McBride over 5.5,5.5,-105,Miles McBride,nba:miles_mcbride,points,True,
NBA,2026-04-25,oddstrader,NBA:2026:04:25:SAS@POR,NBA:2026:04:25:POR-SAS,SAS @ POR,player_prop,Luke Kornet under 10.5,10.5,-105,Luke Kornet,nba:luke_kornet,pts_ast,True,
NBA,2026-04-23,oddstrader,NBA:2026:04:23:NYK@ATL,NBA:2026:04:23:ATL-NYK,NYK @ ATL,player_prop,Mitchell Robinson over 11.5,11.5,-130,Mitchell Robinson,nba:mitchell_robinson,pts_reb,True,
NBA,2026-04-24,oddstrader,NBA:2026:04:24:CLE@TOR,NBA:2026:04:24:CLE-TOR,CLE @ TOR,player_prop,Immanuel Quickley over 6.5,6.5,-105,Immanuel Quickley,nba:immanuel_quickley,reb_ast,True,
NBA,2026-04-24,oddstrader,NBA:2026:04:24:DEN@MIN,NBA:2026:04:24:DEN-MIN,DEN @ MIN,player_prop,Anthony Edwards under 5.5,5.5,115,Anthony Edwards,nba:anthony_edwards,rebounds,True,
NBA,2026-04-24,oddstrader,NBA:2026:04:24:DEN@MIN,NBA:2026:04:24:DEN-MIN,DEN @ MIN,player_prop,Nikola Jokic under 39.5,39.5,-110,Nikola Jokic,nba:nikola_jokic,pts_ast,True,
NBA,2026-04-24,oddstrader,NBA:2026:04:24:BOS@PHI,NBA:2026:04:24:BOS-PHI,BOS @ PHI,player_prop,Derrick White under 22.5,22.5,-105,Derrick White,nba:derrick_white,pts_reb_ast,True,
NBA,2026-04-23,oddstrader,NBA:2026:04:23:NYK@ATL,NBA:2026:04:23:ATL-NYK,NYK @ ATL,player_prop,Dyson Daniels over 14.5,14.5,-115,Dyson Daniels,nba:dyson_daniels,pts_ast,True,
NBA,2026-04-25,oddstrader,NBA:2026:04:25:SAS@POR,NBA:2026:04:25:POR-SAS,SAS @ POR,player_prop,De'Aaron Fox over 8.5,8.5,-115,De'Aaron Fox,nba:de_aaron_fox,reb_ast,True,
NBA,2026-04-24,oddstrader,NBA:2026:04:24:CLE@TOR,NBA:2026:04:24:CLE-TOR,CLE @ TOR,player_prop,Keon Ellis over 1.5,1.5,-185,Keon Ellis,nba:keon_ellis,points,True,
NBA,2026-04-24,oddstrader,NBA:2026:04:24:CLE@TOR,NBA:2026:04:24:CLE-TOR,CLE @ TOR,player_prop,Scottie Barnes under 1.5,1.5,-135,Scottie Barnes,nba:scottie_barnes,steals,True,
NBA,2026-04-23,oddstrader,NBA:2026:04:23:NYK@ATL,NBA:2026:04:23:ATL-NYK,NYK @ ATL,player_prop,Josh Hart under 4.5,4.5,100,Josh Hart,nba:josh_hart,assists,True,
NBA,2026-04-24,oddstrader,NBA:2026:04:24:BOS@PHI,NBA:2026:04:24:BOS-PHI,BOS @ PHI,player_prop,Derrick White under 8.5,8.5,-110,Derrick White,nba:derrick_white,reb_ast,True,
NBA,2026-04-25,oddstrader,NBA:2026:04:25:SAS@POR,NBA:2026:04:25:POR-SAS,SAS @ POR,player_prop,Deni Avdija over 31.5,31.5,-105,Deni Avdija,nba:deni_avdija,pts_reb,True,
NBA,2026-04-24,oddstrader,NBA:2026:04:24:DEN@MIN,NBA:2026:04:24:DEN-MIN,DEN @ MIN,player_prop,Donte DiVincenzo under 17.5,17.5,-110,Donte DiVincenzo,nba:donte_divincenzo,pts_reb_ast,True,
NBA,2026-04-25,oddstrader,NBA:2026:04:25:LAL@HOU,NBA:2026:04:25:HOU-LAL,LAL @ HOU,player_prop,Kevin Durant over 9.5,9.5,-145,Kevin Durant,nba:kevin_durant,reb_ast,True,
NBA,2026-04-24,oddstrader,NBA:2026:04:24:BOS@PHI,NBA:2026:04:24:BOS-PHI,BOS @ PHI,player_prop,Derrick White under 18.5,18.5,-115,Derrick White,nba:derrick_white,pts_reb,True,
NBA,2026-04-25,oddstrader,NBA:2026:04:25:LAL@HOU,NBA:2026:04:25:HOU-LAL,LAL @ HOU,player_prop,Amen Thompson over 17.5,17.5,-110,Amen Thompson,nba:amen_thompson,points,True,
NBA,2026-04-24,oddstrader,NBA:2026:04:24:BOS@PHI,NBA:2026:04:24:BOS-PHI,BOS @ PHI,player_prop,Andre Drummond over 14.5,14.5,-115,Andre Drummond,nba:andre_drummond,pts_reb,True,
NBA,2026-04-24,oddstrader,NBA:2026:04:24:CLE@TOR,NBA:2026:04:24:CLE-TOR,CLE @ TOR,player_prop,Evan Mobley under 1.5,1.5,-120,Evan Mobley,nba:evan_mobley,blocks,True,
NBA,2026-04-24,oddstrader,NBA:2026:04:24:DEN@MIN,NBA:2026:04:24:DEN-MIN,DEN @ MIN,player_prop,Donte DiVincenzo under 14.5,14.5,-125,Donte DiVincenzo,nba:donte_divincenzo,pts_ast,True,
NBA,2026-04-24,oddstrader,NBA:2026:04:24:DEN@MIN,NBA:2026:04:24:DEN-MIN,DEN @ MIN,player_prop,Donte DiVincenzo under 6.5,6.5,105,Donte DiVincenzo,nba:donte_divincenzo,reb_ast,True,
NBA,2026-04-24,oddstrader,NBA:2026:04:24:DEN@MIN,NBA:2026:04:24:DEN-MIN,DEN @ MIN,player_prop,Jaden McDaniels under 1.5,1.5,-160,Jaden McDaniels,nba:jaden_mcdaniels,threes,True,
NBA,2026-04-24,oddstrader,NBA:2026:04:24:DEN@MIN,NBA:2026:04:24:DEN-MIN,DEN @ MIN,player_prop,Naz Reid under 1.5,1.5,100,Naz Reid,nba:naz_reid,threes,True,
NBA,2026-04-24,oddstrader,NBA:2026:04:24:CLE@TOR,NBA:2026:04:24:CLE-TOR,CLE @ TOR,player_prop,Ja'Kobe Walter over 11.5,11.5,-120,Ja'Kobe Walter,nba:ja_kobe_walter,pts_reb_ast,True,
NBA,2026-04-24,oddstrader,NBA:2026:04:24:DEN@MIN,NBA:2026:04:24:DEN-MIN,DEN @ MIN,player_prop,Nikola Jokic under 29.5,29.5,-120,Nikola Jokic,nba:nikola_jokic,points,True,
NBA,2026-04-25,oddstrader,NBA:2026:04:25:SAS@POR,NBA:2026:04:25:POR-SAS,SAS @ POR,player_prop,Jerami Grant over 9.5,9.5,-115,Jerami Grant,nba:jerami_grant,points,True,
NBA,2026-04-25,oddstrader,NBA:2026:04:25:DET@ORL,NBA:2026:04:25:DET-ORL,DET @ ORL,player_prop,Jalen Duren under 9.5,9.5,120,Jalen Duren,nba:jalen_duren,rebounds,True,
NBA,2026-04-25,oddstrader,NBA:2026:04:25:SAS@POR,NBA:2026:04:25:POR-SAS,SAS @ POR,player_prop,Deni Avdija over 23.5,23.5,-110,Deni Avdija,nba:deni_avdija,points,True,
NBA,2026-04-25,oddstrader,NBA:2026:04:25:OKC@PHX,NBA:2026:04:25:OKC-PHX,OKC @ PHX,player_prop,Devin Booker under 4.5,4.5,-110,Devin Booker,nba:devin_booker,rebounds,True,
NBA,2026-04-25,oddstrader,NBA:2026:04:25:DET@ORL,NBA:2026:04:25:DET-ORL,DET @ ORL,player_prop,Franz Wagner over 23.5,23.5,-120,Franz Wagner,nba:franz_wagner,pts_reb_ast,True,
NBA,2026-04-24,oddstrader,NBA:2026:04:24:DEN@MIN,NBA:2026:04:24:DEN-MIN,DEN @ MIN,player_prop,Donte DiVincenzo under 3.5,3.5,-154,Donte DiVincenzo,nba:donte_divincenzo,assists,True,
NBA,2026-04-24,oddstrader,NBA:2026:04:24:DEN@MIN,NBA:2026:04:24:DEN-MIN,DEN @ MIN,player_prop,Nikola Jokic under 23.5,23.5,-105,Nikola Jokic,nba:nikola_jokic,reb_ast,True,
NBA,2026-04-24,oddstrader,NBA:2026:04:24:BOS@PHI,NBA:2026:04:24:BOS-PHI,BOS @ PHI,player_prop,Payton Pritchard over 17.5,17.5,-105,Payton Pritchard,nba:payton_pritchard,pts_ast,True,
NBA,2026-04-23,oddstrader,NBA:2026:04:23:NYK@ATL,NBA:2026:04:23:ATL-NYK,NYK @ ATL,player_prop,Dyson Daniels over 15.5,15.5,-130,Dyson Daniels,nba:dyson_daniels,pts_reb,True,
NBA,2026-04-24,oddstrader,NBA:2026:04:24:BOS@PHI,NBA:2026:04:24:BOS-PHI,BOS @ PHI,player_prop,Payton Pritchard over 20.5,20.5,-110,Payton Pritchard,nba:payton_pritchard,pts_reb_ast,True,
NBA,2026-04-24,oddstrader,NBA:2026:04:24:CLE@TOR,NBA:2026:04:24:CLE-TOR,CLE @ TOR,player_prop,Ja'Kobe Walter over 8.5,8.5,-125,Ja'Kobe Walter,nba:ja_kobe_walter,pts_ast,True,
NBA,2026-04-25,oddstrader,NBA:2026:04:25:SAS@POR,NBA:2026:04:25:POR-SAS,SAS @ POR,player_prop,Robert Williams,,-200,Robert Williams,nba:robert_williams,threes,True,
NBA,2026-04-24,oddstrader,NBA:2026:04:24:DEN@MIN,NBA:2026:04:24:DEN-MIN,DEN @ MIN,player_prop,Rudy Gobert,,150,Rudy Gobert,nba:rudy_gobert,steals,True,
NBA,2026-04-25,oddstrader,NBA:2026:04:25:DET@ORL,NBA:2026:04:25:DET-ORL,DET @ ORL,player_prop,Franz Wagner over 6.5,6.5,-150,Franz Wagner,nba:franz_wagner,reb_ast,True,
NBA,2026-04-23,oddstrader,NBA:2026:04:23:NYK@ATL,NBA:2026:04:23:ATL-NYK,NYK @ ATL,player_prop,Mitchell Robinson over 4.5,4.5,-105,Mitchell Robinson,nba:mitchell_robinson,points,True,
NBA,2026-04-25,oddstrader,NBA:2026:04:25:DET@ORL,NBA:2026:04:25:DET-ORL,DET @ ORL,player_prop,Cade Cunningham under 9.5,9.5,-110,Cade Cunningham,nba:cade_cunningham,assists,True,
NBA,2026-04-25,oddstrader,NBA:2026:04:25:LAL@HOU,NBA:2026:04:25:HOU-LAL,LAL @ HOU,player_prop,Deandre Ayton over 21.5,21.5,-105,Deandre Ayton,nba:deandre_ayton,pts_reb,True,
NBA,2026-04-24,oddstrader,NBA:2026:04:24:DEN@MIN,NBA:2026:04:24:DEN-MIN,DEN @ MIN,player_prop,Nikola Jokic under 13.5,13.5,-110,Nikola Jokic,nba:nikola_jokic,rebounds,True,
NBA,2026-04-23,oddstrader,NBA:2026:04:23:NYK@ATL,NBA:2026:04:23:ATL-NYK,NYK @ ATL,player_prop,Mikal Bridges under 15.5,15.5,100,Mikal Bridges,nba:mikal_bridges,pts_reb,True,
NBA,2026-04-23,oddstrader,NBA:2026:04:23:NYK@ATL,NBA:2026:04:23:ATL-NYK,NYK @ ATL,player_prop,Miles McBride over 1.5,1.5,150,Miles McBride,nba:miles_mcbride,threes,True,
NBA,2026-04-25,oddstrader,NBA:2026:04:25:DET@ORL,NBA:2026:04:25:DET-ORL,DET @ ORL,player_prop,Cade Cunningham under 15.5,15.5,-125,Cade Cunningham,nba:cade_cunningham,reb_ast,True,
NBA,2026-04-25,oddstrader,NBA:2026:04:25:LAL@HOU,NBA:2026:04:25:HOU-LAL,LAL @ HOU,player_prop,LeBron James under 1.5,1.5,105,LeBron James,nba:lebron_james,threes,True,
NBA,2026-04-23,sportsline,NBA:2026:04:23:NYK@ATL,NBA:2026:04:23:ATL-NYK,NYK @ ATL,player_prop,NBA:josh_hart::rebounds::OVER,7.5,-148,Josh Hart,NBA:josh_hart,rebounds,True,
NBA,2026-04-23,sportsline,NBA:2026:04:23:NYK@ATL,NBA:2026:04:23:ATL-NYK,NYK @ ATL,player_prop,NBA:josh_hart::pts_reb_ast::OVER,24.5,-113,Josh Hart,NBA:josh_hart,pts_reb_ast,True,
NBA,2026-04-23,sportsline,NBA:2026:04:23:NYK@ATL,NBA:2026:04:23:ATL-NYK,NYK @ ATL,player_prop,NBA:cj_mccollum::points::OVER,18.5,-125,Cj Mccollum,NBA:cj_mccollum,points,True,
NBA,2026-04-23,sportsline,NBA:2026:04:23:CLE@TOR,NBA:2026:04:23:CLE-TOR,CLE @ TOR,player_prop,NBA:james_harden::reb_ast::OVER,10.5,-142,James Harden,NBA:james_harden,reb_ast,True,
NBA,2026-04-23,sportsline,NBA:2026:04:23:CLE@TOR,NBA:2026:04:23:CLE-TOR,CLE @ TOR,player_prop,NBA:collin_murray_boyles::points::OVER,10.5,100,Collin Murray Boyles,NBA:collin_murray_boyles,points,True,
NBA,2026-04-23,sportsline,NBA:2026:04:23:CLE@TOR,NBA:2026:04:23:CLE-TOR,CLE @ TOR,player_prop,NBA:sandro_mamukelashvili::rebounds::OVER,4.5,-141,Sandro Mamukelashvili,NBA:sandro_mamukelashvili,rebounds,True,
NBA,2026-04-23,sportsline,NBA:2026:04:23:CLE@TOR,NBA:2026:04:23:CLE-TOR,CLE @ TOR,player_prop,NBA:brandon_ingram::points::OVER,19.5,-121,Brandon Ingram,NBA:brandon_ingram,points,True,
NBA,2026-04-23,sportsline,NBA:2026:04:23:DEN@MIN,NBA:2026:04:23:DEN-MIN,DEN @ MIN,player_prop,NBA:aaron_gordon::points::OVER,14.5,-110,Aaron Gordon,NBA:aaron_gordon,points,True,
NBA,2026-04-23,sportsline,NBA:2026:04:23:DEN@MIN,NBA:2026:04:23:DEN-MIN,DEN @ MIN,spread,DEN,-1.5,-115,,,,True,
NBA,2026-04-23,sportsline,NBA:2026:04:23:DEN@MIN,NBA:2026:04:23:DEN-MIN,DEN @ MIN,moneyline,DEN,,-126,,,,True,
NBA,2026-04-23,sportsline,NBA:2026:04:23:DEN@MIN,NBA:2026:04:23:DEN-MIN,DEN @ MIN,player_prop,NBA:cameron_johnson::points::OVER,11.5,-115,Cameron Johnson,NBA:cameron_johnson,points,True,
NBA,2026-04-24,sportsline,NBA:2026:04:24:BOS@PHI,NBA:2026:04:24:BOS-PHI,BOS @ PHI,player_prop,NBA:jayson_tatum::rebounds::OVER,9.5,-137,Jayson Tatum,NBA:jayson_tatum,rebounds,True,
NBA,2026-04-23,vegasinsider,NBA:2026:04:23:DEN@MIN,NBA:2026:04:23:DEN-MIN,DEN @ MIN,spread,DEN,-1.5,-115,,,,True,
NBA,2026-04-23,vegasinsider,NBA:2026:04:23:NYK@ATL,NBA:2026:04:23:ATL-NYK,NYK @ ATL,total,UNDER,216.5,-110,,,,True,
NBA,2026-04-23,vegasinsider,NBA:2026:04:23:NYK@ATL,NBA:2026:04:23:ATL-NYK,NYK @ ATL,spread,ATL,1.5,-110,,,,True,
NBA,2026-04-23,vegasinsider,NBA:2026:04:23:NYK@ATL,NBA:2026:04:23:ATL-NYK,NYK @ ATL,total,UNDER,216.5,-108,,,,True,
NBA,2026-04-23,vegasinsider,NBA:2026:04:23:NYK@ATL,NBA:2026:04:23:ATL-NYK,NYK @ ATL,player_prop,nba:cj_mccollum::points::OVER,19.5,-103,CJ McCollum,nba:cj_mccollum,points,True,
NBA,2026-04-23,vegasinsider,NBA:2026:04:23:NYK@ATL,NBA:2026:04:23:ATL-NYK,NYK @ ATL,spread,ATL,1.5,-110,,,,True,
NBA,2026-04-23,vegasinsider,NBA:2026:04:23:NYK@ATL,NBA:2026:04:23:ATL-NYK,NYK @ ATL,total,UNDER,214.5,-108,,,,True,
NBA,2026-04-23,vegasinsider,NBA:2026:04:23:NYK@ATL,NBA:2026:04:23:ATL-NYK,NYK @ ATL,moneyline,NYK,,-118,,,,True,
NBA,2026-04-23,vegasinsider,NBA:2026:04:23:CLE@TOR,NBA:2026:04:23:CLE-TOR,CLE @ TOR,moneyline,TOR,,126,,,,True,
NBA,2026-04-23,vegasinsider,NBA:2026:04:23:CLE@TOR,NBA:2026:04:23:CLE-TOR,CLE @ TOR,moneyline,TOR,,130,,,,True,
NBA,2026-04-23,vegasinsider,NBA:2026:04:23:CLE@TOR,NBA:2026:04:23:CLE-TOR,CLE @ TOR,spread,CLE,-2.5,-114,,,,True,
NBA,2026-04-23,vegasinsider,NBA:2026:04:23:CLE@TOR,NBA:2026:04:23:CLE-TOR,CLE @ TOR,spread,CLE,-2.5,-114,,,,True,
NBA,2026-04-23,vegasinsider,NBA:2026:04:23:DEN@MIN,NBA:2026:04:23:DEN-MIN,DEN @ MIN,total,UNDER,234.5,-115,,,,True,
NBA,2026-04-23,vegasinsider,NBA:2026:04:23:DEN@MIN,NBA:2026:04:23:DEN-MIN,DEN @ MIN,spread,DEN,-1.5,-118,,,,True,
NBA,2026-04-23,vegasinsider,NBA:2026:04:23:DEN@MIN,NBA:2026:04:23:DEN-MIN,DEN @ MIN,moneyline,DEN,,-126,,,,True,
NBA,2026-04-23,vegasinsider,NBA:2026:04:23:DEN@MIN,NBA:2026:04:23:DEN-MIN,DEN @ MIN,spread,DEN,-1.5,-115,,,,True,
NBA,2026-04-24,vegasinsider,NBA:2026:04:24:SAS@POR,NBA:2026:04:24:POR-SAS,SAS @ POR,player_prop,nba:deni_avdija::points::OVER,23.5,-113,Deni Avdija,nba:deni_avdija,points,True,
NBA,2026-04-25,vegasinsider,NBA:2026:04:25:DET@ORL,NBA:2026:04:25:DET-ORL,DET @ ORL,spread,DET,-2.5,-110,,,,True,
NBA,2026-04-27,sportsline,NBA:2026:04:27:MIN@DEN,NBA:2026:04:27:DEN-MIN,MIN @ DEN,player_prop,NBA:jaden_mcdaniels::reb_ast::OVER,7.5,-120,Jaden Mcdaniels,NBA:jaden_mcdaniels,reb_ast,True,
NBA,2026-04-26,sportsline,NBA:2026:04:26:SAS@POR,NBA:2026:04:26:POR-SAS,SAS @ POR,player_prop,NBA:scoot_henderson::points::OVER,14.5,-125,Scoot Henderson,NBA:scoot_henderson,points,True,
NBA,2026-04-25,sportsline,NBA:2026:04:25:DET@ORL,NBA:2026:04:25:DET-ORL,DET @ ORL,player_prop,NBA:ausar_thompson::pts_reb::OVER,14.5,-121,Ausar Thompson,NBA:ausar_thompson,pts_reb,True,
NBA,2026-04-22,sportsline,NBA:2026:04:22:PHX@OKC,NBA:2026:04:22:OKC-PHX,PHX @ OKC,player_prop,NBA:devin_booker::points::OVER,22.5,-110,Devin Booker,NBA:devin_booker,points,True,
NBA,2026-04-21,sportsline,NBA:2026:04:21:PHI@BOS,NBA:2026:04:21:BOS-PHI,PHI @ BOS,player_prop,NBA:andre_drummond::pts_reb::OVER,13.5,-128,Andre Drummond,NBA:andre_drummond,pts_reb,True,
NBA,2026-04-20,sportsline,NBA:2026:04:20:MIN@DEN,NBA:2026:04:20:DEN-MIN,MIN @ DEN,player_prop,NBA:jamal_murray::points::OVER,26.5,-109,Jamal Murray,NBA:jamal_murray,points,True,
NBA,2026-04-20,sportsline,NBA:2026:04:20:ATL@NYK,NBA:2026:04:20:ATL-NYK,ATL @ NYK,player_prop,NBA:karl_anthony_towns::pts_reb::OVER,31.5,-143,Karl Anthony Towns,NBA:karl_anthony_towns,pts_reb,True,
NBA,2026-04-20,sportsline,NBA:2026:04:20:TOR@CLE,NBA:2026:04:20:CLE-TOR,TOR @ CLE,player_prop,NBA:scottie_barnes::rebounds::OVER,6.5,-127,Scottie Barnes,NBA:scottie_barnes,rebounds,True,
NBA,2026-04-15,sportsline,NBA:2026:04:15:GSW@LAC,NBA:2026:04:15:GSW-LAC,GSW @ LAC,player_prop,NBA:brandin_podziemski::points::OVER,13.5,-128,Brandin Podziemski,NBA:brandin_podziemski,points,True,
NBA,2026-04-15,sportsline,NBA:2026:04:15:ORL@PHI,NBA:2026:04:15:ORL-PHI,ORL @ PHI,player_prop,NBA:kelly_oubre_jr::pts_reb::OVER,18.5,-110,Kelly Oubre Jr,NBA:kelly_oubre_jr,pts_reb,True,
NBA,2026-04-14,sportsline,NBA:2026:04:14:POR@PHX,NBA:2026:04:14:PHX-POR,POR @ PHX,spread,PHX,-2.5,-120,,,,True,
NBA,2026-04-27,sportsline,NBA:2026:04:27:DET@ORL,NBA:2026:04:27:DET-ORL,DET @ ORL,player_prop,NBA:wendell_carter_jr::pts_reb_ast::OVER,20.5,-111,Wendell Carter Jr,NBA:wendell_carter_jr,pts_reb_ast,True,
NBA,2026-04-26,sportsline,NBA:2026:04:26:BOS@PHI,NBA:2026:04:26:BOS-PHI,BOS @ PHI,player_prop,NBA:joel_embiid::points::OVER,19.5,102,Joel Embiid,NBA:joel_embiid,points,True,
NBA,2026-04-24,sportsline,NBA:2026:04:24:SAS@POR,NBA:2026:04:24:POR-SAS,SAS @ POR,player_prop,NBA:de_aaron_fox::points::OVER,19.5,-112,De Aaron Fox,NBA:de_aaron_fox,points,True,
NBA,2026-04-23,sportsline,NBA:2026:04:23:CLE@TOR,NBA:2026:04:23:CLE-TOR,CLE @ TOR,player_prop,NBA:james_harden::reb_ast::OVER,10.5,-142,James Harden,NBA:james_harden,reb_ast,True,
NBA,2026-04-22,sportsline,NBA:2026:04:22:ORL@DET,NBA:2026:04:22:DET-ORL,ORL @ DET,player_prop,NBA:cade_cunningham::pts_reb_ast::UNDER,44.5,-117,Cade Cunningham,NBA:cade_cunningham,pts_reb_ast,True,
NBA,2026-04-21,sportsline,NBA:2026:04:21:POR@SAS,NBA:2026:04:21:POR-SAS,POR @ SAS,player_prop,NBA:deni_avdija::pts_reb_ast::OVER,36.5,-123,Deni Avdija,NBA:deni_avdija,pts_reb_ast,True,
NBA,2026-04-19,sportsline,NBA:2026:04:19:ORL@DET,NBA:2026:04:19:DET-ORL,ORL @ DET,player_prop,NBA:jalen_duren::points::UNDER,19.5,-111,Jalen Duren,NBA:jalen_duren,points,True,
NBA,2026-04-18,sportsline,NBA:2026:04:18:TOR@CLE,NBA:2026:04:18:CLE-TOR,TOR @ CLE,player_prop,NBA:james_harden::pts_reb_ast::UNDER,34.5,-116,James Harden,NBA:james_harden,pts_reb_ast,True,
NBA,2026-04-15,sportsline,NBA:2026:04:15:ORL@PHI,NBA:2026:04:15:ORL-PHI,ORL @ PHI,player_prop,NBA:franz_wagner::points::OVER,17.5,-132,Franz Wagner,NBA:franz_wagner,points,True,
NBA,2026-04-14,sportsline,NBA:2026:04:14:POR@PHX,NBA:2026:04:14:PHX-POR,POR @ PHX,player_prop,NBA:dillon_brooks::points::UNDER,19.5,-118,Dillon Brooks,NBA:dillon_brooks,points,True,
NBA,2026-04-10,sportsline,NBA:2026:04:10:DET@CHA,NBA:2026:04:10:CHA-DET,DET @ CHA,player_prop,NBA:kon_knueppel::points::UNDER,18.5,-122,Kon Knueppel,NBA:kon_knueppel,points,True,
NBA,2026-04-14,sportsline,NBA:2026:04:14:MIA@CHA,NBA:2026:04:14:CHA-MIA,MIA @ CHA,spread,CHA,-5.5,-118,,,,True,
NBA,2026-04-27,sportsline,NBA:2026:04:27:DET@ORL,NBA:2026:04:27:DET-ORL,DET @ ORL,player_prop,NBA:jalen_duren::points::UNDER,15.5,-120,Jalen Duren,NBA:jalen_duren,points,True,
NBA,2026-04-27,sportsline,NBA:2026:04:27:OKC@PHX,NBA:2026:04:27:OKC-PHX,OKC @ PHX,player_prop,NBA:dillon_brooks::points::OVER,18.5,-113,Dillon Brooks,NBA:dillon_brooks,points,True,
NBA,2026-04-24,sportsline,NBA:2026:04:24:SAS@POR,NBA:2026:04:24:POR-SAS,SAS @ POR,team_total,SAS_UNDER,110.5,-115,,,,True,
NBA,2026-04-24,sportsline,NBA:2026:04:24:LAL@HOU,NBA:2026:04:24:HOU-LAL,LAL @ HOU,player_prop,NBA:alperen_sengun::assists::OVER,5.5,-136,Alperen Sengun,NBA:alperen_sengun,assists,True,
NBA,2026-04-24,sportsline,NBA:2026:04:24:BOS@PHI,NBA:2026:04:24:BOS-PHI,BOS @ PHI,player_prop,NBA:jayson_tatum::pts_reb::OVER,33.5,-118,Jayson Tatum,NBA:jayson_tatum,pts_reb,True,
NBA,2026-04-22,sportsline,NBA:2026:04:22:PHX@OKC,NBA:2026:04:22:OKC-PHX,PHX @ OKC,player_prop,NBA:jalen_williams::pts_ast::OVER,23.5,-110,Jalen Williams,NBA:jalen_williams,pts_ast,True,
NBA,2026-04-17,sportsline,NBA:2026:04:17:CHA@ORL,NBA:2026:04:17:CHA-ORL,CHA @ ORL,player_prop,NBA:miles_bridges::rebounds::OVER,5.5,-152,Miles Bridges,NBA:miles_bridges,rebounds,True,
NBA,2026-04-15,sportsline,NBA:2026:04:15:GSW@LAC,NBA:2026:04:15:GSW-LAC,GSW @ LAC,player_prop,NBA:draymond_green::assists::OVER,5.5,-145,Draymond Green,NBA:draymond_green,assists,True,
NBA,2026-04-14,sportsline,NBA:2026:04:14:POR@PHX,NBA:2026:04:14:PHX-POR,POR @ PHX,player_prop,NBA:devin_booker::points::OVER,26.5,-112,Devin Booker,NBA:devin_booker,points,True,
NBA,2026-04-10,sportsline,NBA:2026:04:10:CLE@ATL,NBA:2026:04:10:ATL-CLE,CLE @ ATL,player_prop,NBA:evan_mobley::pts_reb::OVER,25.5,-161,Evan Mobley,NBA:evan_mobley,pts_reb,True,
NBA,2026-04-27,sportsline,NBA:2026:04:27:OKC@PHX,NBA:2026:04:27:OKC-PHX,OKC @ PHX,player_prop,NBA:jalen_green::points::OVER,19.5,100,Jalen Green,NBA:jalen_green,points,True,
NBA,2026-04-23,sportsline,NBA:2026:04:23:DEN@MIN,NBA:2026:04:23:DEN-MIN,DEN @ MIN,spread,DEN,-1.5,-115,,,,True,
NBA,2026-04-18,sportsline,NBA:2026:04:18:MIN@DEN,NBA:2026:04:18:DEN-MIN,MIN @ DEN,spread,DEN,-6.0,-110,,,,True,
NBA,2026-04-27,sportsline,NBA:2026:04:27:DET@ORL,NBA:2026:04:27:DET-ORL,DET @ ORL,player_prop,NBA:ausar_thompson::reb_ast::OVER,8.5,-133,Ausar Thompson,NBA:ausar_thompson,reb_ast,True,
NBA,2026-04-27,sportsline,NBA:2026:04:27:OKC@PHX,NBA:2026:04:27:OKC-PHX,OKC @ PHX,spread,PHX,11.5,-120,,,,True,
NBA,2026-04-27,sportsline,NBA:2026:04:27:MIN@DEN,NBA:2026:04:27:DEN-MIN,MIN @ DEN,player_prop,NBA:christian_braun::pts_reb_ast::OVER,17.5,-118,Christian Braun,NBA:christian_braun,pts_reb_ast,True,
NBA,2026-04-26,sportsline,NBA:2026:04:26:LAL@HOU,NBA:2026:04:26:HOU-LAL,LAL @ HOU,player_prop,NBA:marcus_smart::assists::OVER,4.5,-128,Marcus Smart,NBA:marcus_smart,assists,True,
NBA,2026-04-26,sportsline,NBA:2026:04:26:SAS@POR,NBA:2026:04:26:POR-SAS,SAS @ POR,player_prop,NBA:luke_kornet::pts_reb_ast::OVER,10.5,-106,Luke Kornet,NBA:luke_kornet,pts_reb_ast,True,
NBA,2026-04-26,sportsline,NBA:2026:04:26:CLE@TOR,NBA:2026:04:26:CLE-TOR,CLE @ TOR,player_prop,NBA:collin_murray_boyles::pts_reb::OVER,16.5,-130,Collin Murray Boyles,NBA:collin_murray_boyles,pts_reb,True,
NBA,2026-04-25,sportsline,NBA:2026:04:25:NYK@ATL,NBA:2026:04:25:ATL-NYK,NYK @ ATL,player_prop,NBA:dyson_daniels::reb_ast::OVER,11.5,-110,Dyson Daniels,NBA:dyson_daniels,reb_ast,True,
NBA,2026-04-24,sportsline,NBA:2026:04:24:SAS@POR,NBA:2026:04:24:POR-SAS,SAS @ POR,player_prop,NBA:luke_kornet::pts_reb_ast::OVER,17.5,-115,Luke Kornet,NBA:luke_kornet,pts_reb_ast,True,
NBA,2026-04-24,sportsline,NBA:2026:04:24:LAL@HOU,NBA:2026:04:24:HOU-LAL,LAL @ HOU,player_prop,NBA:reed_sheppard::assists::OVER,2.5,-114,Reed Sheppard,NBA:reed_sheppard,assists,True,
NBA,2026-04-24,sportsline,NBA:2026:04:24:BOS@PHI,NBA:2026:04:24:BOS-PHI,BOS @ PHI,player_prop,NBA:jayson_tatum::rebounds::OVER,9.5,-137,Jayson Tatum,NBA:jayson_tatum,rebounds,True,
NBA,2026-04-23,sportsline,NBA:2026:04:23:CLE@TOR,NBA:2026:04:23:CLE-TOR,CLE @ TOR,player_prop,NBA:sandro_mamukelashvili::rebounds::OVER,4.5,-130,Sandro Mamukelashvili,NBA:sandro_mamukelashvili,rebounds,True,
NBA,2026-04-23,sportsline,NBA:2026:04:23:CLE@TOR,NBA:2026:04:23:CLE-TOR,CLE @ TOR,player_prop,NBA:collin_murray_boyles::points::OVER,10.5,100,Collin Murray Boyles,NBA:collin_murray_boyles,points,True,
NBA,2026-04-23,sportsline,NBA:2026:04:23:NYK@ATL,NBA:2026:04:23:ATL-NYK,NYK @ ATL,player_prop,NBA:josh_hart::rebounds::OVER,7.5,-148,Josh Hart,NBA:josh_hart,rebounds,True,
NBA,2026-04-22,sportsline,NBA:2026:04:22:PHX@OKC,NBA:2026:04:22:OKC-PHX,PHX @ OKC,player_prop,NBA:oso_ighodaro::reb_ast::OVER,8.5,-125,Oso Ighodaro,NBA:oso_ighodaro,reb_ast,True,
NBA,2026-04-22,sportsline,NBA:2026:04:22:ORL@DET,NBA:2026:04:22:DET-ORL,ORL @ DET,player_prop,NBA:ausar_thompson::reb_ast::OVER,7.5,-138,Ausar Thompson,NBA:ausar_thompson,reb_ast,True,
NBA,2026-04-22,sportsline,NBA:2026:04:22:ORL@DET,NBA:2026:04:22:DET-ORL,ORL @ DET,1st_half_spread,DET,-4.5,-118,,,,True,
NBA,2026-04-21,sportsline,NBA:2026:04:21:HOU@LAL,NBA:2026:04:21:HOU-LAL,HOU @ LAL,spread,HOU,-4.5,-114,,,,True,
NBA,2026-04-21,sportsline,NBA:2026:04:21:POR@SAS,NBA:2026:04:21:POR-SAS,POR @ SAS,player_prop,NBA:scoot_henderson::points::OVER,10.5,100,Scoot Henderson,NBA:scoot_henderson,points,True,
NBA,2026-04-21,sportsline,NBA:2026:04:21:PHI@BOS,NBA:2026:04:21:BOS-PHI,PHI @ BOS,player_prop,NBA:jayson_tatum::rebounds::OVER,9.5,-130,Jayson Tatum,NBA:jayson_tatum,rebounds,True,
NBA,2026-04-20,sportsline,NBA:2026:04:20:MIN@DEN,NBA:2026:04:20:DEN-MIN,MIN @ DEN,player_prop,NBA:nikola_jokic::assists::OVER,9.5,-135,Nikola Jokic,NBA:nikola_jokic,assists,True,
NBA,2026-04-20,sportsline,NBA:2026:04:20:ATL@NYK,NBA:2026:04:20:ATL-NYK,ATL @ NYK,spread,ATL,6.5,-112,,,,True,
NBA,2026-04-20,sportsline,NBA:2026:04:20:TOR@CLE,NBA:2026:04:20:CLE-TOR,TOR @ CLE,player_prop,NBA:sandro_mamukelashvili::rebounds::OVER,4.5,120,Sandro Mamukelashvili,NBA:sandro_mamukelashvili,rebounds,True,
NBA,2026-04-20,sportsline,NBA:2026:04:20:TOR@CLE,NBA:2026:04:20:CLE-TOR,TOR @ CLE,player_prop,NBA:scottie_barnes::assists::OVER,5.5,-140,Scottie Barnes,NBA:scottie_barnes,assists,True,
NBA,2026-04-19,sportsline,NBA:2026:04:19:POR@SAS,NBA:2026:04:19:POR-SAS,POR @ SAS,player_prop,NBA:victor_wembanyama::reb_ast::OVER,15.5,-132,Victor Wembanyama,NBA:victor_wembanyama,reb_ast,True,
NBA,2026-04-19,sportsline,NBA:2026:04:19:ORL@DET,NBA:2026:04:19:DET-ORL,ORL @ DET,player_prop,NBA:paolo_banchero::points::OVER,20.5,-128,Paolo Banchero,NBA:paolo_banchero,points,True,
NBA,2026-04-19,sportsline,NBA:2026:04:19:PHI@BOS,NBA:2026:04:19:BOS-PHI,PHI @ BOS,player_prop,NBA:jayson_tatum::rebounds::OVER,9.5,110,Jayson Tatum,NBA:jayson_tatum,rebounds,True,
NBA,2026-04-18,sportsline,NBA:2026:04:18:MIN@DEN,NBA:2026:04:18:DEN-MIN,MIN @ DEN,player_prop,NBA:cameron_johnson::points::OVER,11.5,-115,Cameron Johnson,NBA:cameron_johnson,points,True,
NBA,2026-04-17,sportsline,NBA:2026:04:17:GSW@PHX,NBA:2026:04:17:GSW-PHX,GSW @ PHX,player_prop,NBA:gui_santos::assists::OVER,2.5,-155,Gui Santos,NBA:gui_santos,assists,True,
NBA,2026-04-17,sportsline,NBA:2026:04:17:CHA@ORL,NBA:2026:04:17:CHA-ORL,CHA @ ORL,player_prop,NBA:brandon_miller::pts_reb_ast::OVER,28.5,-111,Brandon Miller,NBA:brandon_miller,pts_reb_ast,True,
NBA,2026-04-15,sportsline,NBA:2026:04:15:GSW@LAC,NBA:2026:04:15:GSW-LAC,GSW @ LAC,player_prop,NBA:gui_santos::rebounds::OVER,5.5,118,Gui Santos,NBA:gui_santos,rebounds,True,
NBA,2026-04-15,sportsline,NBA:2026:04:15:ORL@PHI,NBA:2026:04:15:ORL-PHI,ORL @ PHI,player_prop,NBA:desmond_bane::pts_reb::OVER,23.5,-105,Desmond Bane,NBA:desmond_bane,pts_reb,True,
NBA,2026-04-14,sportsline,NBA:2026:04:14:POR@PHX,NBA:2026:04:14:PHX-POR,POR @ PHX,player_prop,NBA:jalen_green::points::OVER,17.5,-119,Jalen Green,NBA:jalen_green,points,True,
NBA,2026-04-14,sportsline,NBA:2026:04:14:MIA@CHA,NBA:2026:04:14:CHA-MIA,MIA @ CHA,player_prop,NBA:tyler_herro::points::OVER,21.5,-127,Tyler Herro,NBA:tyler_herro,points,True,
NBA,2026-04-12,sportsline,NBA:2026:04:12:MIL@PHI,NBA:2026:04:12:MIL-PHI,MIL @ PHI,player_prop,NBA:ousmane_dieng::reb_ast::OVER,12.5,-139,Ousmane Dieng,NBA:ousmane_dieng,reb_ast,True,
NBA,2026-04-10,sportsline,NBA:2026:04:10:LAC@POR,NBA:2026:04:10:LAC-POR,LAC @ POR,player_prop,NBA:deni_avdija::rebounds::OVER,6.5,-148,Deni Avdija,NBA:deni_avdija,rebounds,True,
NBA,2026-04-10,sportsline,NBA:2026:04:10:ORL@CHI,NBA:2026:04:10:CHI-ORL,ORL @ CHI,player_prop,NBA:paolo_banchero::rebounds::OVER,8.5,113,Paolo Banchero,NBA:paolo_banchero,rebounds,True,
NBA,2026-04-27,sportsline,NBA:2026:04:27:OKC@PHX,NBA:2026:04:27:OKC-PHX,OKC @ PHX,spread,PHX,11.5,-118,,,,True,
NBA,2026-04-26,sportsline,NBA:2026:04:26:LAL@HOU,NBA:2026:04:26:HOU-LAL,LAL @ HOU,moneyline,HOU,,-162,,,,True,
NBA,2026-04-25,sportsline,NBA:2026:04:25:NYK@ATL,NBA:2026:04:25:ATL-NYK,NYK @ ATL,player_prop,NBA:cj_mccollum::points::OVER,19.5,-114,Cj Mccollum,NBA:cj_mccollum,points,True,
NBA,2026-04-24,sportsline,NBA:2026:04:24:SAS@POR,NBA:2026:04:24:POR-SAS,SAS @ POR,spread,POR,2.5,-105,,,,True,
NBA,2026-04-21,sportsline,NBA:2026:04:21:HOU@LAL,NBA:2026:04:21:HOU-LAL,HOU @ LAL,total,OVER,206.5,-110,,,,True,
NBA,2026-04-18,sportsline,NBA:2026:04:18:HOU@LAL,NBA:2026:04:18:HOU-LAL,HOU @ LAL,total,OVER,207.0,-114,,,,True,
NBA,2026-04-18,sportsline,NBA:2026:04:18:TOR@CLE,NBA:2026:04:18:CLE-TOR,TOR @ CLE,player_prop,NBA:scottie_barnes::pts_reb_ast::OVER,30.5,-127,Scottie Barnes,NBA:scottie_barnes,pts_reb_ast,True,
NBA,2026-04-17,sportsline,NBA:2026:04:17:CHA@ORL,NBA:2026:04:17:CHA-ORL,CHA @ ORL,spread,ORL,3.5,-105,,,,True,
NBA,2026-04-15,sportsline,NBA:2026:04:15:GSW@LAC,NBA:2026:04:15:GSW-LAC,GSW @ LAC,moneyline,GSW,,185,,,,True,
NBA,2026-04-15,sportsline,NBA:2026:04:15:ORL@PHI,NBA:2026:04:15:ORL-PHI,ORL @ PHI,player_prop,NBA:andre_drummond::pts_reb_ast::OVER,18.5,-120,Andre Drummond,NBA:andre_drummond,pts_reb_ast,True,
NBA,2026-04-14,sportsline,NBA:2026:04:14:POR@PHX,NBA:2026:04:14:PHX-POR,POR @ PHX,moneyline,PHX,,-170,,,,True,
NBA,2026-04-12,sportsline,NBA:2026:04:12:DEN@SAS,NBA:2026:04:12:DEN-SAS,DEN @ SAS,spread,DEN,11.5,-114,,,,True,
NBA,2026-04-12,sportsline,NBA:2026:04:12:NOP@MIN,NBA:2026:04:12:MIN-NOP,NOP @ MIN,spread,NOP,6.0,-114,,,,True,
NBA,2026-04-12,sportsline,NBA:2026:04:12:DET@IND,NBA:2026:04:12:DET-IND,DET @ IND,moneyline,IND,,650,,,,True,
NBA,2026-04-12,sportsline,NBA:2026:04:12:ORL@BOS,NBA:2026:04:12:BOS-ORL,ORL @ BOS,moneyline,ORL,,-165,,,,True,
NBA,2026-04-10,sportsline,NBA:2026:04:10:MEM@UTA,NBA:2026:04:10:MEM-UTA,MEM @ UTA,moneyline,UTA,,-159,,,,True,
NBA,2026-04-10,sportsline,NBA:2026:04:10:MIA@WAS,NBA:2026:04:10:MIA-WAS,MIA @ WAS,moneyline,WAS,,1,,,,True,
NBA,2026-04-27,sportsline,NBA:2026:04:27:DET@ORL,NBA:2026:04:27:DET-ORL,DET @ ORL,moneyline,DET,,-155,,,,True,
NBA,2026-04-27,sportsline,NBA:2026:04:27:MIN@DEN,NBA:2026:04:27:DEN-MIN,MIN @ DEN,total,OVER,223.5,-108,,,,True,
NBA,2026-04-24,sportsline,NBA:2026:04:24:LAL@HOU,NBA:2026:04:24:HOU-LAL,LAL @ HOU,spread,LAL,9.0,-114,,,,True,
NBA,2026-04-23,sportsline,NBA:2026:04:23:DEN@MIN,NBA:2026:04:23:DEN-MIN,DEN @ MIN,moneyline,DEN,,-126,,,,True,
NBA,2026-04-22,sportsline,NBA:2026:04:22:PHX@OKC,NBA:2026:04:22:OKC-PHX,PHX @ OKC,total,OVER,215.5,-110,,,,True,
NBA,2026-04-20,sportsline,NBA:2026:04:20:TOR@CLE,NBA:2026:04:20:CLE-TOR,TOR @ CLE,spread,CLE,-9.0,-115,,,,True,
NBA,2026-04-19,sportsline,NBA:2026:04:19:PHX@OKC,NBA:2026:04:19:OKC-PHX,PHX @ OKC,spread,PHX,15.5,-110,,,,True,
NBA,2026-04-15,sportsline,NBA:2026:04:15:ORL@PHI,NBA:2026:04:15:ORL-PHI,ORL @ PHI,total,OVER,221.5,-110,,,,True,
NBA,2026-04-14,sportsline,NBA:2026:04:14:POR@PHX,NBA:2026:04:14:PHX-POR,POR @ PHX,player_prop,NBA:devin_booker::points::OVER,25.5,-127,Devin Booker,NBA:devin_booker,points,True,
NBA,2026-04-14,sportsline,NBA:2026:04:14:POR@PHX,NBA:2026:04:14:PHX-POR,POR @ PHX,moneyline,PHX,,-154,,,,True,
NBA,2026-04-27,sportsline,NBA:2026:04:27:DET@ORL,NBA:2026:04:27:DET-ORL,DET @ ORL,player_prop,NBA:tobias_harris::points::OVER,15.5,-119,Tobias Harris,NBA:tobias_harris,points,True,
NBA,2026-04-27,sportsline,NBA:2026:04:27:OKC@PHX,NBA:2026:04:27:OKC-PHX,OKC @ PHX,player_prop,NBA:dillon_brooks::points::OVER,18.5,-111,Dillon Brooks,NBA:dillon_brooks,points,True,
NBA,2026-04-26,sportsline,NBA:2026:04:26:LAL@HOU,NBA:2026:04:26:HOU-LAL,LAL @ HOU,player_prop,NBA:jabari_smith::points::OVER,15.5,-112,Jabari Smith,NBA:jabari_smith,points,True,
NBA,2026-04-26,sportsline,NBA:2026:04:26:SAS@POR,NBA:2026:04:26:POR-SAS,SAS @ POR,player_prop,NBA:scoot_henderson::points::OVER,14.5,-125,Scoot Henderson,NBA:scoot_henderson,points,True,
NBA,2026-04-25,sportsline,NBA:2026:04:25:NYK@ATL,NBA:2026:04:25:ATL-NYK,NYK @ ATL,player_prop,NBA:og_anunoby::pts_reb::OVER,21.5,-125,Og Anunoby,NBA:og_anunoby,pts_reb,True,
NBA,2026-04-25,sportsline,NBA:2026:04:25:NYK@ATL,NBA:2026:04:25:ATL-NYK,NYK @ ATL,player_prop,NBA:cj_mccollum::points::OVER,19.5,-114,Cj Mccollum,NBA:cj_mccollum,points,True,
NBA,2026-04-24,sportsline,NBA:2026:04:24:SAS@POR,NBA:2026:04:24:POR-SAS,SAS @ POR,player_prop,NBA:scoot_henderson::points::OVER,13.5,-112,Scoot Henderson,NBA:scoot_henderson,points,True,
NBA,2026-04-24,sportsline,NBA:2026:04:24:BOS@PHI,NBA:2026:04:24:BOS-PHI,BOS @ PHI,player_prop,NBA:jaylen_brown::points::OVER,25.5,-121,Jaylen Brown,NBA:jaylen_brown,points,True,
NBA,2026-04-23,sportsline,NBA:2026:04:23:DEN@MIN,NBA:2026:04:23:DEN-MIN,DEN @ MIN,player_prop,NBA:cameron_johnson::points::OVER,11.5,-115,Cameron Johnson,NBA:cameron_johnson,points,True,
NBA,2026-04-23,sportsline,NBA:2026:04:23:CLE@TOR,NBA:2026:04:23:CLE-TOR,CLE @ TOR,player_prop,NBA:brandon_ingram::points::OVER,19.5,-121,Brandon Ingram,NBA:brandon_ingram,points,True,
NBA,2026-04-23,sportsline,NBA:2026:04:23:NYK@ATL,NBA:2026:04:23:ATL-NYK,NYK @ ATL,player_prop,NBA:cj_mccollum::points::OVER,18.5,-125,Cj Mccollum,NBA:cj_mccollum,points,True,
NBA,2026-04-22,sportsline,NBA:2026:04:22:ORL@DET,NBA:2026:04:22:DET-ORL,ORL @ DET,player_prop,NBA:franz_wagner::points::OVER,17.5,-122,Franz Wagner,NBA:franz_wagner,points,True,
NBA,2026-04-21,sportsline,NBA:2026:04:21:HOU@LAL,NBA:2026:04:21:HOU-LAL,HOU @ LAL,player_prop,NBA:alperen_sengun::assists::OVER,5.5,-114,Alperen Sengun,NBA:alperen_sengun,assists,True,
NBA,2026-04-21,sportsline,NBA:2026:04:21:POR@SAS,NBA:2026:04:21:POR-SAS,POR @ SAS,player_prop,NBA:stephon_castle::assists::OVER,6.5,-135,Stephon Castle,NBA:stephon_castle,assists,True,
NBA,2026-04-20,sportsline,NBA:2026:04:20:MIN@DEN,NBA:2026:04:20:DEN-MIN,MIN @ DEN,player_prop,NBA:cameron_johnson::points::OVER,11.5,-110,Cameron Johnson,NBA:cameron_johnson,points,True,
NBA,2026-04-20,sportsline,NBA:2026:04:20:ATL@NYK,NBA:2026:04:20:ATL-NYK,ATL @ NYK,player_prop,NBA:dyson_daniels::reb_ast::OVER,12.5,-120,Dyson Daniels,NBA:dyson_daniels,reb_ast,True,
NBA,2026-04-20,sportsline,NBA:2026:04:20:ATL@NYK,NBA:2026:04:20:ATL-NYK,ATL @ NYK,player_prop,NBA:cj_mccollum::points::OVER,17.5,-115,Cj Mccollum,NBA:cj_mccollum,points,True,
NBA,2026-04-19,sportsline,NBA:2026:04:19:POR@SAS,NBA:2026:04:19:POR-SAS,POR @ SAS,player_prop,NBA:harrison_barnes::points::OVER,4.5,-110,Harrison Barnes,NBA:harrison_barnes,points,True,
NBA,2026-04-19,sportsline,NBA:2026:04:19:PHI@BOS,NBA:2026:04:19:BOS-PHI,PHI @ BOS,player_prop,NBA:jaylen_brown::points::OVER,25.5,-105,Jaylen Brown,NBA:jaylen_brown,points,True,
NBA,2026-04-18,sportsline,NBA:2026:04:18:HOU@LAL,NBA:2026:04:18:HOU-LAL,HOU @ LAL,player_prop,NBA:amen_thompson::rebounds::OVER,7.5,-130,Amen Thompson,NBA:amen_thompson,rebounds,True,
NBA,2026-04-18,sportsline,NBA:2026:04:18:ATL@NYK,NBA:2026:04:18:ATL-NYK,ATL @ NYK,player_prop,NBA:nickeil_alexander_walker::points::OVER,20.5,-123,Nickeil Alexander Walker,NBA:nickeil_alexander_walker,points,True,
NBA,2026-04-18,sportsline,NBA:2026:04:18:MIN@DEN,NBA:2026:04:18:DEN-MIN,MIN @ DEN,player_prop,NBA:ayo_dosunmu::points::OVER,10.5,-118,Ayo Dosunmu,NBA:ayo_dosunmu,points,True,
NBA,2026-04-18,sportsline,NBA:2026:04:18:TOR@CLE,NBA:2026:04:18:CLE-TOR,TOR @ CLE,spread,TOR,8.5,-110,,,,True,
NBA,2026-04-17,sportsline,NBA:2026:04:17:GSW@PHX,NBA:2026:04:17:GSW-PHX,GSW @ PHX,player_prop,NBA:gui_santos::points::OVER,12.5,-119,Gui Santos,NBA:gui_santos,points,True,
NBA,2026-04-17,sportsline,NBA:2026:04:17:CHA@ORL,NBA:2026:04:17:CHA-ORL,CHA @ ORL,player_prop,NBA:desmond_bane::points::OVER,19.5,-120,Desmond Bane,NBA:desmond_bane,points,True,
NBA,2026-04-15,sportsline,NBA:2026:04:15:GSW@LAC,NBA:2026:04:15:GSW-LAC,GSW @ LAC,player_prop,NBA:draymond_green::assists::OVER,5.5,-143,Draymond Green,NBA:draymond_green,assists,True,
NBA,2026-04-15,sportsline,NBA:2026:04:15:ORL@PHI,NBA:2026:04:15:ORL-PHI,ORL @ PHI,player_prop,NBA:paolo_banchero::points::OVER,22.5,-120,Paolo Banchero,NBA:paolo_banchero,points,True,
NBA,2026-04-14,sportsline,NBA:2026:04:14:MIA@CHA,NBA:2026:04:14:CHA-MIA,MIA @ CHA,player_prop,NBA:coby_white::points::OVER,12.5,-129,Coby White,NBA:coby_white,points,True,
NBA,2026-04-14,sportsline,NBA:2026:04:14:MIA@CHA,NBA:2026:04:14:CHA-MIA,MIA @ CHA,player_prop,NBA:brandon_miller::points::OVER,19.5,-130,Brandon Miller,NBA:brandon_miller,points,True,
NBA,2026-04-12,sportsline,NBA:2026:04:12:ORL@BOS,NBA:2026:04:12:BOS-ORL,ORL @ BOS,player_prop,NBA:goga_bitadze::pts_reb_ast::OVER,13.5,-120,Goga Bitadze,NBA:goga_bitadze,pts_reb_ast,True,
NBA,2026-04-10,sportsline,NBA:2026:04:10:NOP@BOS,NBA:2026:04:10:BOS-NOP,NOP @ BOS,player_prop,NBA:baylor_scheierman::pts_reb::OVER,14.5,-125,Baylor Scheierman,NBA:baylor_scheierman,pts_reb,True,
NBA,2026-04-10,sportsline,NBA:2026:04:10:CLE@ATL,NBA:2026:04:10:ATL-CLE,CLE @ ATL,player_prop,NBA:evan_mobley::pts_reb::OVER,25.5,-128,Evan Mobley,NBA:evan_mobley,pts_reb,True,
NBA,2026-04-27,sportsline,NBA:2026:04:27:DET@ORL,NBA:2026:04:27:DET-ORL,DET @ ORL,player_prop,NBA:jalen_duren::pts_reb_ast::UNDER,28.5,-117,Jalen Duren,NBA:jalen_duren,pts_reb_ast,True,
NBA,2026-04-26,sportsline,NBA:2026:04:26:LAL@HOU,NBA:2026:04:26:HOU-LAL,LAL @ HOU,player_prop,NBA:luke_kennard::pts_reb_ast::OVER,23.5,100,Luke Kennard,NBA:luke_kennard,pts_reb_ast,True,
NBA,2026-04-26,sportsline,NBA:2026:04:26:LAL@HOU,NBA:2026:04:26:HOU-LAL,LAL @ HOU,player_prop,NBA:jabari_smith::points::OVER,17.5,102,Jabari Smith,NBA:jabari_smith,points,True,
NBA,2026-04-26,sportsline,NBA:2026:04:26:BOS@PHI,NBA:2026:04:26:BOS-PHI,BOS @ PHI,player_prop,NBA:vj_edgecombe::rebounds::OVER,5.5,-127,Vj Edgecombe,NBA:vj_edgecombe,rebounds,True,
NBA,2026-04-26,sportsline,NBA:2026:04:26:SAS@POR,NBA:2026:04:26:POR-SAS,SAS @ POR,player_prop,NBA:keldon_johnson::rebounds::OVER,3.5,-140,Keldon Johnson,NBA:keldon_johnson,rebounds,True,
NBA,2026-04-26,sportsline,NBA:2026:04:26:SAS@POR,NBA:2026:04:26:POR-SAS,SAS @ POR,player_prop,NBA:scoot_henderson::points::OVER,14.5,-116,Scoot Henderson,NBA:scoot_henderson,points,True,
NBA,2026-04-26,sportsline,NBA:2026:04:26:CLE@TOR,NBA:2026:04:26:CLE-TOR,CLE @ TOR,player_prop,NBA:collin_murray_boyles::points::OVER,10.5,-125,Collin Murray Boyles,NBA:collin_murray_boyles,points,True,
NBA,2026-04-25,sportsline,NBA:2026:04:25:DEN@MIN,NBA:2026:04:25:DEN-MIN,DEN @ MIN,player_prop,NBA:anthony_edwards::rebounds::OVER,5.5,-112,Anthony Edwards,NBA:anthony_edwards,rebounds,True,
NBA,2026-04-25,sportsline,NBA:2026:04:25:DEN@MIN,NBA:2026:04:25:DEN-MIN,DEN @ MIN,player_prop,NBA:donte_divincenzo::points::OVER,10.5,-115,Donte Divincenzo,NBA:donte_divincenzo,points,True,
NBA,2026-04-25,sportsline,NBA:2026:04:25:NYK@ATL,NBA:2026:04:25:ATL-NYK,NYK @ ATL,player_prop,NBA:og_anunoby::rebounds::OVER,5.5,-108,Og Anunoby,NBA:og_anunoby,rebounds,True,
NBA,2026-04-25,sportsline,NBA:2026:04:25:DET@ORL,NBA:2026:04:25:DET-ORL,DET @ ORL,player_prop,NBA:jalen_duren::pts_reb_ast::UNDER,28.5,-110,Jalen Duren,NBA:jalen_duren,pts_reb_ast,True,
NBA,2026-04-24,sportsline,NBA:2026:04:24:SAS@POR,NBA:2026:04:24:POR-SAS,SAS @ POR,player_prop,NBA:keldon_johnson::rebounds::OVER,4.5,-113,Keldon Johnson,NBA:keldon_johnson,rebounds,True,
NBA,2026-04-24,sportsline,NBA:2026:04:24:SAS@POR,NBA:2026:04:24:POR-SAS,SAS @ POR,player_prop,NBA:scoot_henderson::points::OVER,13.5,-124,Scoot Henderson,NBA:scoot_henderson,points,True,
NBA,2026-04-24,sportsline,NBA:2026:04:24:LAL@HOU,NBA:2026:04:24:HOU-LAL,LAL @ HOU,player_prop,NBA:jabari_smith::pts_reb::OVER,21.5,-123,Jabari Smith,NBA:jabari_smith,pts_reb,True,
NBA,2026-04-24,sportsline,NBA:2026:04:24:BOS@PHI,NBA:2026:04:24:BOS-PHI,BOS @ PHI,player_prop,NBA:jayson_tatum::reb_ast::OVER,16.5,104,Jayson Tatum,NBA:jayson_tatum,reb_ast,True,
NBA,2026-04-23,sportsline,NBA:2026:04:23:DEN@MIN,NBA:2026:04:23:DEN-MIN,DEN @ MIN,player_prop,NBA:anthony_edwards::rebounds::OVER,5.5,-122,Anthony Edwards,NBA:anthony_edwards,rebounds,True,
NBA,2026-04-23,sportsline,NBA:2026:04:23:CLE@TOR,NBA:2026:04:23:CLE-TOR,CLE @ TOR,player_prop,NBA:sandro_mamukelashvili::rebounds::OVER,4.5,-141,Sandro Mamukelashvili,NBA:sandro_mamukelashvili,rebounds,True,
NBA,2026-04-23,sportsline,NBA:2026:04:23:NYK@ATL,NBA:2026:04:23:ATL-NYK,NYK @ ATL,player_prop,NBA:josh_hart::pts_reb_ast::OVER,24.5,-113,Josh Hart,NBA:josh_hart,pts_reb_ast,True,
NBA,2026-04-22,sportsline,NBA:2026:04:22:PHX@OKC,NBA:2026:04:22:OKC-PHX,PHX @ OKC,player_prop,NBA:jalen_williams::reb_ast::OVER,9.5,-132,Jalen Williams,NBA:jalen_williams,reb_ast,True,
NBA,2026-04-22,sportsline,NBA:2026:04:22:ORL@DET,NBA:2026:04:22:DET-ORL,ORL @ DET,player_prop,NBA:jalen_duren::pts_ast::UNDER,20.5,-108,Jalen Duren,NBA:jalen_duren,pts_ast,True,
NBA,2026-04-22,sportsline,NBA:2026:04:22:ORL@DET,NBA:2026:04:22:DET-ORL,ORL @ DET,player_prop,NBA:cade_cunningham::points::OVER,28.5,-118,Cade Cunningham,NBA:cade_cunningham,points,True,
NBA,2026-04-21,sportsline,NBA:2026:04:21:HOU@LAL,NBA:2026:04:21:HOU-LAL,HOU @ LAL,player_prop,NBA:jabari_smith::pts_reb::OVER,20.5,-125,Jabari Smith,NBA:jabari_smith,pts_reb,True,
NBA,2026-04-21,sportsline,NBA:2026:04:21:POR@SAS,NBA:2026:04:21:POR-SAS,POR @ SAS,player_prop,NBA:deni_avdija::points::OVER,23.5,-114,Deni Avdija,NBA:deni_avdija,points,True,
NBA,2026-04-21,sportsline,NBA:2026:04:21:PHI@BOS,NBA:2026:04:21:BOS-PHI,PHI @ BOS,player_prop,NBA:jayson_tatum::rebounds::OVER,9.5,-120,Jayson Tatum,NBA:jayson_tatum,rebounds,True,
NBA,2026-04-21,sportsline,NBA:2026:04:21:PHI@BOS,NBA:2026:04:21:BOS-PHI,PHI @ BOS,player_prop,NBA:neemias_queta::points::OVER,9.5,-130,Neemias Queta,NBA:neemias_queta,points,True,
NBA,2026-04-20,sportsline,NBA:2026:04:20:MIN@DEN,NBA:2026:04:20:DEN-MIN,MIN @ DEN,player_prop,NBA:anthony_edwards::rebounds::OVER,5.5,128,Anthony Edwards,NBA:anthony_edwards,rebounds,True,
NBA,2026-04-20,sportsline,NBA:2026:04:20:MIN@DEN,NBA:2026:04:20:DEN-MIN,MIN @ DEN,player_prop,NBA:nikola_jokic::assists::OVER,10.5,112,Nikola Jokic,NBA:nikola_jokic,assists,True,
NBA,2026-04-20,sportsline,NBA:2026:04:20:ATL@NYK,NBA:2026:04:20:ATL-NYK,ATL @ NYK,player_prop,NBA:jonathan_kuminga::pts_reb::UNDER,16.5,-120,Jonathan Kuminga,NBA:jonathan_kuminga,pts_reb,True,
NBA,2026-04-20,sportsline,NBA:2026:04:20:ATL@NYK,NBA:2026:04:20:ATL-NYK,ATL @ NYK,player_prop,NBA:josh_hart::pts_reb_ast::OVER,22.5,-125,Josh Hart,NBA:josh_hart,pts_reb_ast,True,
NBA,2026-04-20,sportsline,NBA:2026:04:20:TOR@CLE,NBA:2026:04:20:CLE-TOR,TOR @ CLE,player_prop,NBA:scottie_barnes::points::UNDER,18.5,-108,Scottie Barnes,NBA:scottie_barnes,points,True,
NBA,2026-04-19,sportsline,NBA:2026:04:19:POR@SAS,NBA:2026:04:19:POR-SAS,POR @ SAS,player_prop,NBA:dylan_harper::points::OVER,8.5,-118,Dylan Harper,NBA:dylan_harper,points,True,
NBA,2026-04-19,sportsline,NBA:2026:04:19:ORL@DET,NBA:2026:04:19:DET-ORL,ORL @ DET,player_prop,NBA:franz_wagner::pts_reb_ast::UNDER,25.5,-115,Franz Wagner,NBA:franz_wagner,pts_reb_ast,True,
NBA,2026-04-19,sportsline,NBA:2026:04:19:PHX@OKC,NBA:2026:04:19:OKC-PHX,PHX @ OKC,player_prop,NBA:devin_booker::pts_ast::UNDER,29.5,-122,Devin Booker,NBA:devin_booker,pts_ast,True,
NBA,2026-04-19,sportsline,NBA:2026:04:19:PHI@BOS,NBA:2026:04:19:BOS-PHI,PHI @ BOS,player_prop,NBA:jayson_tatum::rebounds::OVER,9.5,100,Jayson Tatum,NBA:jayson_tatum,rebounds,True,
NBA,2026-04-18,sportsline,NBA:2026:04:18:ATL@NYK,NBA:2026:04:18:ATL-NYK,ATL @ NYK,player_prop,NBA:mitchell_robinson::pts_reb::OVER,13.5,-114,Mitchell Robinson,NBA:mitchell_robinson,pts_reb,True,
NBA,2026-04-18,sportsline,NBA:2026:04:18:TOR@CLE,NBA:2026:04:18:CLE-TOR,TOR @ CLE,player_prop,NBA:scottie_barnes::pts_ast::UNDER,24.5,-121,Scottie Barnes,NBA:scottie_barnes,pts_ast,True,
NBA,2026-04-17,sportsline,NBA:2026:04:17:GSW@PHX,NBA:2026:04:17:GSW-PHX,GSW @ PHX,player_prop,NBA:de_anthony_melton::pts_ast::UNDER,12.5,-115,De Anthony Melton,NBA:de_anthony_melton,pts_ast,True,
NBA,2026-04-17,sportsline,NBA:2026:04:17:GSW@PHX,NBA:2026:04:17:GSW-PHX,GSW @ PHX,player_prop,NBA:jalen_green::points::OVER,18.5,-112,Jalen Green,NBA:jalen_green,points,True,
NBA,2026-04-17,sportsline,NBA:2026:04:17:CHA@ORL,NBA:2026:04:17:CHA-ORL,CHA @ ORL,player_prop,NBA:kon_knueppel::pts_ast::UNDER,19.5,-111,Kon Knueppel,NBA:kon_knueppel,pts_ast,True,
NBA,2026-04-15,sportsline,NBA:2026:04:15:ORL@PHI,NBA:2026:04:15:ORL-PHI,ORL @ PHI,player_prop,NBA:paolo_banchero::assists::OVER,4.5,-133,Paolo Banchero,NBA:paolo_banchero,assists,True,
NBA,2026-04-14,sportsline,NBA:2026:04:14:POR@PHX,NBA:2026:04:14:PHX-POR,POR @ PHX,player_prop,NBA:dillon_brooks::pts_reb_ast::UNDER,24.5,-106,Dillon Brooks,NBA:dillon_brooks,pts_reb_ast,True,
NBA,2026-04-14,sportsline,NBA:2026:04:14:MIA@CHA,NBA:2026:04:14:CHA-MIA,MIA @ CHA,player_prop,NBA:miles_bridges::pts_ast::UNDER,18.5,-125,Miles Bridges,NBA:miles_bridges,pts_ast,True,
NBA,2026-04-10,sportsline,NBA:2026:04:10:LAC@POR,NBA:2026:04:10:LAC-POR,LAC @ POR,player_prop,NBA:scoot_henderson::pts_ast::UNDER,18.5,-121,Scoot Henderson,NBA:scoot_henderson,pts_ast,True,
NBA,2026-04-10,sportsline,NBA:2026:04:10:BKN@MIL,NBA:2026:04:10:BKN-MIL,BKN @ MIL,team_total,BKN_UNDER,104.5,-120,,,,True,
NBA,2026-04-10,sportsline,NBA:2026:04:10:TOR@NYK,NBA:2026:04:10:NYK-TOR,TOR @ NYK,player_prop,NBA:scottie_barnes::pts_reb_ast::UNDER,31.5,-130,Scottie Barnes,NBA:scottie_barnes,pts_reb_ast,True,
NBA,2026-04-27,sportsline,NBA:2026:04:27:OKC@PHX,NBA:2026:04:27:OKC-PHX,OKC @ PHX,spread,PHX,11.5,-118,,,,True,
NBA,2026-04-27,sportsline,NBA:2026:04:27:MIN@DEN,NBA:2026:04:27:DEN-MIN,MIN @ DEN,player_prop,NBA:julius_randle::points::OVER,21.5,-105,Julius Randle,NBA:julius_randle,points,True,
NBA,2026-04-26,sportsline,NBA:2026:04:26:LAL@HOU,NBA:2026:04:26:HOU-LAL,LAL @ HOU,player_prop,NBA:deandre_ayton::points::OVER,10.5,102,Deandre Ayton,NBA:deandre_ayton,points,True,
NBA,2026-04-25,sportsline,NBA:2026:04:25:NYK@ATL,NBA:2026:04:25:ATL-NYK,NYK @ ATL,player_prop,NBA:karl_anthony_towns::points::OVER,20.5,-108,Karl Anthony Towns,NBA:karl_anthony_towns,points,True,
NBA,2026-04-24,sportsline,NBA:2026:04:24:SAS@POR,NBA:2026:04:24:POR-SAS,SAS @ POR,player_prop,NBA:julian_champagnie::points::OVER,8.5,-130,Julian Champagnie,NBA:julian_champagnie,points,True,
NBA,2026-04-24,sportsline,NBA:2026:04:24:LAL@HOU,NBA:2026:04:24:HOU-LAL,LAL @ HOU,player_prop,NBA:tari_eason::points::OVER,9.5,-122,Tari Eason,NBA:tari_eason,points,True,
NBA,2026-04-24,sportsline,NBA:2026:04:24:LAL@HOU,NBA:2026:04:24:HOU-LAL,LAL @ HOU,player_prop,NBA:amen_thompson::points::OVER,18.5,-115,Amen Thompson,NBA:amen_thompson,points,True,
NBA,2026-04-24,sportsline,NBA:2026:04:24:LAL@HOU,NBA:2026:04:24:HOU-LAL,LAL @ HOU,spread,HOU,-8.5,-115,,,,True,
NBA,2026-04-22,sportsline,NBA:2026:04:22:PHX@OKC,NBA:2026:04:22:OKC-PHX,PHX @ OKC,player_prop,NBA:oso_ighodaro::points::OVER,5.5,-125,Oso Ighodaro,NBA:oso_ighodaro,points,True,
NBA,2026-04-21,sportsline,NBA:2026:04:21:POR@SAS,NBA:2026:04:21:POR-SAS,POR @ SAS,player_prop,NBA:dylan_harper::points::OVER,9.5,101,Dylan Harper,NBA:dylan_harper,points,True,
NBA,2026-04-20,sportsline,NBA:2026:04:20:ATL@NYK,NBA:2026:04:20:ATL-NYK,ATL @ NYK,spread,ATL,6.5,-110,,,,True,
NBA,2026-04-20,sportsline,NBA:2026:04:20:TOR@CLE,NBA:2026:04:20:CLE-TOR,TOR @ CLE,player_prop,NBA:scottie_barnes::points::OVER,17.5,-121,Scottie Barnes,NBA:scottie_barnes,points,True,
NBA,2026-04-19,sportsline,NBA:2026:04:19:POR@SAS,NBA:2026:04:19:POR-SAS,POR @ SAS,player_prop,NBA:shaedon_sharpe::points::OVER,10.5,-110,Shaedon Sharpe,NBA:shaedon_sharpe,points,True,
NBA,2026-04-18,sportsline,NBA:2026:04:18:MIN@DEN,NBA:2026:04:18:DEN-MIN,MIN @ DEN,player_prop,NBA:ayo_dosunmu::points::OVER,11.5,-104,Ayo Dosunmu,NBA:ayo_dosunmu,points,True,
NBA,2026-04-17,sportsline,NBA:2026:04:17:GSW@PHX,NBA:2026:04:17:GSW-PHX,GSW @ PHX,player_prop,NBA:gui_santos::points::OVER,12.5,-108,Gui Santos,NBA:gui_santos,points,True,
NBA,2026-04-17,sportsline,NBA:2026:04:17:GSW@PHX,NBA:2026:04:17:GSW-PHX,GSW @ PHX,player_prop,NBA:royce_o_neale::points::OVER,6.5,-108,Royce O Neale,NBA:royce_o_neale,points,True,
NBA,2026-04-14,sportsline,NBA:2026:04:14:MIA@CHA,NBA:2026:04:14:CHA-MIA,MIA @ CHA,spread,CHA,-5.5,-110,,,,True,
NBA,2026-04-12,sportsline,NBA:2026:04:12:CHA@NYK,NBA:2026:04:12:CHA-NYK,CHA @ NYK,spread,CHA,-14.0,-110,,,,True,
NBA,2026-04-10,sportsline,NBA:2026:04:10:MEM@UTA,NBA:2026:04:10:MEM-UTA,MEM @ UTA,spread,UTA,-3.5,-110,,,,True,
