sport,date,player_name,player_key,team,opponent,stat_type,selection,line,odds,source,eligible_for_consensus,event_key,matchup_key
NBA,2026-04-23,Josh Hart,NBA:josh_hart,,,reb_ast,NBA:josh_hart::reb_ast::OVER,12.5,-130,action,True,NBA:2026:04:23:NYK@ATL,NBA:2026:04:23:ATL-NYK
NBA,2026-04-23,Landry Shamet,NBA:landry_shamet,,,points,NBA:landry_shamet::points::OVER,3.5,102,action,True,NBA:2026:04:23:NYK@ATL,NBA:2026:04:23:ATL-NYK
NBA,2026-04-23,J Hart To Record 10 Rebounds Yes,NBA:j_hart_to_record_10_rebounds_yes,,,rebounds,,,150,action,False,NBA:2026:04:23:NYK@ATL,NBA:2026:04:23:ATL-NYK
NBA,2026-04-23,Josh Hart,NBA:josh_hart,,,reb_ast,NBA:josh_hart::reb_ast::OVER,19.5,1200,action,True,NBA:2026:04:23:NYK@ATL,NBA:2026:04:23:ATL-NYK
NBA,2026-04-23,Josh Hart,NBA:josh_hart,,,reb_ast,NBA:josh_hart::reb_ast::OVER,21.5,1900,action,True,NBA:2026:04:23:NYK@ATL,NBA:2026:04:23:ATL-NYK
NBA,2026-04-23,Josh Hart,NBA:josh_hart,,,reb_ast,NBA:josh_hart::reb_ast::OVER,14.5,215,action,True,NBA:2026:04:23:NYK@ATL,NBA:2026:04:23:ATL-NYK
NBA,2026-04-23,Josh Hart,NBA:josh_hart,,,reb_ast,NBA:josh_hart::reb_ast::OVER,17.5,550,action,True,NBA:2026:04:23:NYK@ATL,NBA:2026:04:23:ATL-NYK
NBA,2026-04-23,Josh Hart,NBA:josh_hart,,,reb_ast,NBA:josh_hart::reb_ast::OVER,12.5,-106,action,True,NBA:2026:04:23:NYK@ATL,NBA:2026:04:23:ATL-NYK
NBA,2026-04-23,Josh Hart,NBA:josh_hart,,,rebounds,NBA:josh_hart::rebounds::OVER,8.5,110,action,True,NBA:2026:04:23:NYK@ATL,NBA:2026:04:23:ATL-NYK
NBA,2026-04-23,Josh Hart,NBA:josh_hart,,,rebounds,NBA:josh_hart::rebounds::OVER,7.5,-140,action,True,NBA:2026:04:23:NYK@ATL,NBA:2026:04:23:ATL-NYK
NBA,2026-04-23,Josh Hart,NBA:josh_hart,,,reb_ast,NBA:josh_hart::reb_ast::OVER,12.5,-110,action,True,NBA:2026:04:23:NYK@ATL,NBA:2026:04:23:ATL-NYK
NBA,2026-04-23,Dyson Daniels,NBA:dyson_daniels,,,pts_reb_ast,NBA:dyson_daniels::pts_reb_ast::UNDER,21.5,-110,action,True,NBA:2026:04:23:NYK@ATL,NBA:2026:04:23:ATL-NYK
NBA,2026-04-23,Jalen Johnson,NBA:jalen_johnson,,,assists,NBA:jalen_johnson::assists::UNDER,6.5,-106,action,True,NBA:2026:04:23:NYK@ATL,NBA:2026:04:23:ATL-NYK
NBA,2026-04-23,Jalen Brunson,NBA:jalen_brunson,,,points,NBA:jalen_brunson::points::OVER,26.5,102,action,True,NBA:2026:04:23:NYK@ATL,NBA:2026:04:23:ATL-NYK
NBA,2026-04-23,Karl Anthony Towns,NBA:karl_anthony_towns,,,rebounds,NBA:karl_anthony_towns::rebounds::UNDER,11.5,-104,action,True,NBA:2026:04:23:NYK@ATL,NBA:2026:04:23:ATL-NYK
NBA,2026-04-23,Dyson Daniels,NBA:dyson_daniels,,,pts_reb_ast,NBA:dyson_daniels::pts_reb_ast::UNDER,22.5,-126,action,True,NBA:2026:04:23:NYK@ATL,NBA:2026:04:23:ATL-NYK
NBA,2026-04-23,Jalen Brunson,NBA:jalen_brunson,,,points,NBA:jalen_brunson::points::OVER,25.5,-120,action,True,NBA:2026:04:23:NYK@ATL,NBA:2026:04:23:ATL-NYK
NBA,2026-04-23,Karl Anthony Towns,NBA:karl_anthony_towns,,,points,NBA:karl_anthony_towns::points::OVER,20.5,-102,action,True,NBA:2026:04:23:NYK@ATL,NBA:2026:04:23:ATL-NYK
NBA,2026-04-23,Josh Hart,NBA:josh_hart,,,reb_ast,NBA:josh_hart::reb_ast::OVER,11.5,-130,action,True,NBA:2026:04:23:NYK@ATL,NBA:2026:04:23:ATL-NYK
NBA,2026-04-23,Nikola Jokic,NBA:nikola_jokic,,,pts_reb,NBA:nikola_jokic::pts_reb::OVER,42.5,-125,action,True,NBA:2026:04:23:DEN@MIN,NBA:2026:04:23:DEN-MIN
NBA,2026-04-23,Nikola Jokic,NBA:nikola_jokic,,,reb_ast,NBA:nikola_jokic::reb_ast::OVER,23.5,-106,action,True,NBA:2026:04:23:DEN@MIN,NBA:2026:04:23:DEN-MIN
NBA,2026-04-23,Nikola Jokic,NBA:nikola_jokic,,,reb_ast,NBA:nikola_jokic::reb_ast::OVER,23.5,-107,action,True,NBA:2026:04:23:DEN@MIN,NBA:2026:04:23:DEN-MIN
NBA,2026-04-23,N Jokic To Record 16 Rebounds Yes,NBA:n_jokic_to_record_16_rebounds_yes,,,rebounds,,,230,action,False,NBA:2026:04:23:DEN@MIN,NBA:2026:04:23:DEN-MIN
NBA,2026-04-23,N Jokic To Record 20 Rebounds Yes,NBA:n_jokic_to_record_20_rebounds_yes,,,rebounds,,,900,action,False,NBA:2026:04:23:DEN@MIN,NBA:2026:04:23:DEN-MIN
NBA,2026-04-23,Anthony Edwards,NBA:anthony_edwards,,,reb_ast,NBA:anthony_edwards::reb_ast::OVER,10.5,100,action,True,NBA:2026:04:23:DEN@MIN,NBA:2026:04:23:DEN-MIN
NBA,2026-04-23,Naz Reid,NBA:naz_reid,,,threes_made,NBA:naz_reid::threes_made::UNDER,1.5,102,action,True,NBA:2026:04:23:DEN@MIN,NBA:2026:04:23:DEN-MIN
NBA,2026-04-23,Julius Randle,NBA:julius_randle,,,assists,NBA:julius_randle::assists::UNDER,4.5,105,action,True,NBA:2026:04:23:DEN@MIN,NBA:2026:04:23:DEN-MIN
NBA,2026-04-23,Jaden Mcdaniels,NBA:jaden_mcdaniels,,,points,NBA:jaden_mcdaniels::points::OVER,14.5,-112,action,True,NBA:2026:04:23:DEN@MIN,NBA:2026:04:23:DEN-MIN
NBA,2026-04-23,Nikola Jokic,NBA:nikola_jokic,,,threes_made,NBA:nikola_jokic::threes_made::OVER,1.5,-103,action,True,NBA:2026:04:23:DEN@MIN,NBA:2026:04:23:DEN-MIN
NBA,2026-04-23,Anthony Edwards,NBA:anthony_edwards,,,rebounds,NBA:anthony_edwards::rebounds::OVER,5.5,-112,action,True,NBA:2026:04:23:DEN@MIN,NBA:2026:04:23:DEN-MIN
NBA,2026-04-23,B Ingram To Score 25 Points Yes,NBA:b_ingram_to_score_25_points_yes,,,points,,,244,action,False,NBA:2026:04:23:CLE@TOR,NBA:2026:04:23:CLE-TOR
NBA,2026-04-23,B Ingram To Score 30 Points Yes,NBA:b_ingram_to_score_30_points_yes,,,points,,,840,action,False,NBA:2026:04:23:CLE@TOR,NBA:2026:04:23:CLE-TOR
NBA,2026-04-23,Donovan Mitchell,NBA:donovan_mitchell,,,threes_made,NBA:donovan_mitchell::threes_made::OVER,2.5,-140,action,True,NBA:2026:04:23:CLE@TOR,NBA:2026:04:23:CLE-TOR
NBA,2026-04-23,Dean Wade,NBA:dean_wade,,,reb_ast,NBA:dean_wade::reb_ast::OVER,5.5,115,action,True,NBA:2026:04:23:CLE@TOR,NBA:2026:04:23:CLE-TOR
NBA,2026-04-23,Brandon Ingram,NBA:brandon_ingram,,,points,NBA:brandon_ingram::points::OVER,20.5,-114,action,True,NBA:2026:04:23:CLE@TOR,NBA:2026:04:23:CLE-TOR
NBA,2026-04-23,Rj Barrett,NBA:rj_barrett,,,assists,NBA:rj_barrett::assists::UNDER,3.5,-145,action,True,NBA:2026:04:23:CLE@TOR,NBA:2026:04:23:CLE-TOR
NBA,2026-04-23,Collin Murray Boyles,NBA:collin_murray_boyles,,,pts_reb,NBA:collin_murray_boyles::pts_reb::OVER,16.5,-102,action,True,NBA:2026:04:23:CLE@TOR,NBA:2026:04:23:CLE-TOR
NBA,2026-04-23,Donovan Mitchell,NBA:donovan_mitchell,,,points,NBA:donovan_mitchell::points::OVER,27.5,-112,action,True,NBA:2026:04:23:CLE@TOR,NBA:2026:04:23:CLE-TOR
NBA,2026-04-21,Jerami Grant,NBA:jerami_grant,POR,SAS,pts_reb_ast,NBA:jerami_grant::pts_reb_ast::OVER,13.5,-120,bettingpros_props,True,NBA:2026:04:21:POR@SAS,NBA:2026:04:21:POR-SAS
NBA,2026-04-21,Derrick White,NBA:derrick_white,BOS,PHI,pts_reb_ast,NBA:derrick_white::pts_reb_ast::OVER,24.5,-106,bettingpros_props,True,NBA:2026:04:21:PHI@BOS,NBA:2026:04:21:BOS-PHI
NBA,2026-04-21,Scoot Henderson,NBA:scoot_henderson,POR,SAS,pts_reb_ast,NBA:scoot_henderson::pts_reb_ast::OVER,15.5,-110,bettingpros_props,True,NBA:2026:04:21:POR@SAS,NBA:2026:04:21:POR-SAS
NBA,2026-04-21,Derrick White,NBA:derrick_white,BOS,PHI,pts_ast,NBA:derrick_white::pts_ast::OVER,20.0,-104,bettingpros_props,True,NBA:2026:04:21:PHI@BOS,NBA:2026:04:21:BOS-PHI
NBA,2026-04-21,Jerami Grant,NBA:jerami_grant,POR,SAS,pts_reb,NBA:jerami_grant::pts_reb::OVER,12.5,-108,bettingpros_props,True,NBA:2026:04:21:POR@SAS,NBA:2026:04:21:POR-SAS
NBA,2026-04-21,LeBron James,NBA:lebron_james,LAL,HOU,pts_reb,NBA:lebron_james::pts_reb::UNDER,31.5,101,bettingpros_props,True,NBA:2026:04:21:HOU@LAL,NBA:2026:04:21:HOU-LAL
NBA,2026-04-21,Derrick White,NBA:derrick_white,BOS,PHI,points,NBA:derrick_white::points::OVER,14.5,100,bettingpros_props,True,NBA:2026:04:21:PHI@BOS,NBA:2026:04:21:BOS-PHI
NBA,2026-04-21,Jrue Holiday,NBA:jrue_holiday,POR,SAS,pts_reb_ast,NBA:jrue_holiday::pts_reb_ast::OVER,25.5,-104,bettingpros_props,True,NBA:2026:04:21:POR@SAS,NBA:2026:04:21:POR-SAS
NBA,2026-04-21,Jayson Tatum,NBA:jayson_tatum,BOS,PHI,pts_reb,NBA:jayson_tatum::pts_reb::OVER,33.5,-108,bettingpros_props,True,NBA:2026:04:21:PHI@BOS,NBA:2026:04:21:BOS-PHI
NBA,2026-04-21,Jerami Grant,NBA:jerami_grant,POR,SAS,points,NBA:jerami_grant::points::OVER,10.5,103,bettingpros_props,True,NBA:2026:04:21:POR@SAS,NBA:2026:04:21:POR-SAS
NBA,2026-04-21,Payton Pritchard,NBA:payton_pritchard,BOS,PHI,pts_ast,NBA:payton_pritchard::pts_ast::OVER,18.5,-114,bettingpros_props,True,NBA:2026:04:21:PHI@BOS,NBA:2026:04:21:BOS-PHI
NBA,2026-04-21,Julian Champagnie,NBA:julian_champagnie,SAS,POR,pts_reb_ast,NBA:julian_champagnie::pts_reb_ast::OVER,15.5,-105,bettingpros_props,True,NBA:2026:04:21:POR@SAS,NBA:2026:04:21:POR-SAS
NBA,2026-04-21,Payton Pritchard,NBA:payton_pritchard,BOS,PHI,pts_reb_ast,NBA:payton_pritchard::pts_reb_ast::OVER,22.5,-105,bettingpros_props,True,NBA:2026:04:21:PHI@BOS,NBA:2026:04:21:BOS-PHI
NBA,2026-04-21,Robert Williams III,NBA:robert_williams_iii,POR,SAS,pts_reb_ast,NBA:robert_williams_iii::pts_reb_ast::OVER,12.5,-135,bettingpros_props,True,NBA:2026:04:21:POR@SAS,NBA:2026:04:21:POR-SAS
NBA,2026-04-21,Julian Champagnie,NBA:julian_champagnie,SAS,POR,points,NBA:julian_champagnie::points::OVER,8.5,-106,bettingpros_props,True,NBA:2026:04:21:POR@SAS,NBA:2026:04:21:POR-SAS
NBA,2026-04-21,Nikola Vucevic,NBA:nikola_vucevic,BOS,PHI,pts_ast,NBA:nikola_vucevic::pts_ast::OVER,9.5,-115,bettingpros_props,True,NBA:2026:04:21:PHI@BOS,NBA:2026:04:21:BOS-PHI
NBA,2026-04-21,Payton Pritchard,NBA:payton_pritchard,BOS,PHI,pts_reb,NBA:payton_pritchard::pts_reb::OVER,17.5,-103,bettingpros_props,True,NBA:2026:04:21:PHI@BOS,NBA:2026:04:21:BOS-PHI
NBA,2026-04-21,Derrick White,NBA:derrick_white,BOS,PHI,pts_reb,NBA:derrick_white::pts_reb::OVER,20.0,102,bettingpros_props,True,NBA:2026:04:21:PHI@BOS,NBA:2026:04:21:BOS-PHI
NBA,2026-04-21,Dylan Harper,NBA:dylan_harper,SAS,POR,points,NBA:dylan_harper::points::OVER,9.5,103,bettingpros_props,True,NBA:2026:04:21:POR@SAS,NBA:2026:04:21:POR-SAS
NBA,2026-04-21,De'Aaron Fox,NBA:de_aaron_fox,SAS,POR,pts_ast,NBA:de_aaron_fox::pts_ast::OVER,23.5,-104,bettingpros_props,True,NBA:2026:04:21:POR@SAS,NBA:2026:04:21:POR-SAS
NBA,2026-04-21,Devin Vassell,NBA:devin_vassell,SAS,POR,pts_reb,NBA:devin_vassell::pts_reb::OVER,16.5,-112,bettingpros_props,True,NBA:2026:04:21:POR@SAS,NBA:2026:04:21:POR-SAS
NBA,2026-04-21,LeBron James,NBA:lebron_james,LAL,HOU,points,NBA:lebron_james::points::UNDER,24.5,-102,bettingpros_props,True,NBA:2026:04:21:HOU@LAL,NBA:2026:04:21:HOU-LAL
NBA,2026-04-21,De'Aaron Fox,NBA:de_aaron_fox,SAS,POR,pts_reb_ast,NBA:de_aaron_fox::pts_reb_ast::OVER,27.5,-105,bettingpros_props,True,NBA:2026:04:21:POR@SAS,NBA:2026:04:21:POR-SAS
NBA,2026-04-21,Julian Champagnie,NBA:julian_champagnie,SAS,POR,pts_ast,NBA:julian_champagnie::pts_ast::OVER,10.5,100,bettingpros_props,True,NBA:2026:04:21:POR@SAS,NBA:2026:04:21:POR-SAS
NBA,2026-04-21,Jayson Tatum,NBA:jayson_tatum,BOS,PHI,pts_reb_ast,NBA:jayson_tatum::pts_reb_ast::OVER,40.5,-105,bettingpros_props,True,NBA:2026:04:21:PHI@BOS,NBA:2026:04:21:BOS-PHI
NBA,2026-04-21,Jabari Smith Jr.,NBA:jabari_smith_jr,HOU,LAL,points,NBA:jabari_smith_jr::points::OVER,14.5,-112,bettingpros_props,True,NBA:2026:04:21:HOU@LAL,NBA:2026:04:21:HOU-LAL
NBA,2026-04-21,Jabari Smith Jr.,NBA:jabari_smith_jr,HOU,LAL,pts_ast,NBA:jabari_smith_jr::pts_ast::OVER,16.5,-113,bettingpros_props,True,NBA:2026:04:21:HOU@LAL,NBA:2026:04:21:HOU-LAL
NBA,2026-04-21,Quentin Grimes,NBA:quentin_grimes,PHI,BOS,pts_reb_ast,NBA:quentin_grimes::pts_reb_ast::OVER,13.5,-110,bettingpros_props,True,NBA:2026:04:21:PHI@BOS,NBA:2026:04:21:BOS-PHI
NBA,2026-04-21,Toumani Camara,NBA:toumani_camara,POR,SAS,pts_ast,NBA:toumani_camara::pts_ast::OVER,12.5,-105,bettingpros_props,True,NBA:2026:04:21:POR@SAS,NBA:2026:04:21:POR-SAS
NBA,2026-04-21,Jabari Smith Jr.,NBA:jabari_smith_jr,HOU,LAL,pts_reb,NBA:jabari_smith_jr::pts_reb::OVER,21.5,-110,bettingpros_props,True,NBA:2026:04:21:HOU@LAL,NBA:2026:04:21:HOU-LAL
NBA,2026-04-21,Jabari Smith Jr.,NBA:jabari_smith_jr,HOU,LAL,pts_reb_ast,NBA:jabari_smith_jr::pts_reb_ast::OVER,23.5,-103,bettingpros_props,True,NBA:2026:04:21:HOU@LAL,NBA:2026:04:21:HOU-LAL
NBA,2026-04-21,Devin Vassell,NBA:devin_vassell,SAS,POR,pts_reb_ast,NBA:devin_vassell::pts_reb_ast::OVER,19.5,100,bettingpros_props,True,NBA:2026:04:21:POR@SAS,NBA:2026:04:21:POR-SAS
NBA,2026-04-21,Kevin Durant,NBA:kevin_durant,HOU,LAL,points,NBA:kevin_durant::points::OVER,23.5,104,bettingpros_props,True,NBA:2026:04:21:HOU@LAL,NBA:2026:04:21:HOU-LAL
NBA,2026-04-21,Scoot Henderson,NBA:scoot_henderson,POR,SAS,points,NBA:scoot_henderson::points::OVER,10.5,104,bettingpros_props,True,NBA:2026:04:21:POR@SAS,NBA:2026:04:21:POR-SAS
NBA,2026-04-21,Jrue Holiday,NBA:jrue_holiday,POR,SAS,pts_ast,NBA:jrue_holiday::pts_ast::OVER,21.5,-104,bettingpros_props,True,NBA:2026:04:21:POR@SAS,NBA:2026:04:21:POR-SAS
NBA,2026-04-21,Devin Vassell,NBA:devin_vassell,SAS,POR,pts_ast,NBA:devin_vassell::pts_ast::OVER,15.5,-105,bettingpros_props,True,NBA:2026:04:21:POR@SAS,NBA:2026:04:21:POR-SAS
NBA,2026-04-21,De'Aaron Fox,NBA:de_aaron_fox,SAS,POR,pts_reb,NBA:de_aaron_fox::pts_reb::OVER,21.5,-105,bettingpros_props,True,NBA:2026:04:21:POR@SAS,NBA:2026:04:21:POR-SAS
NBA,2026-04-21,Dominick Barlow,NBA:dominick_barlow,PHI,BOS,pts_reb_ast,NBA:dominick_barlow::pts_reb_ast::OVER,7.5,-105,bettingpros_props,True,NBA:2026:04:21:PHI@BOS,NBA:2026:04:21:BOS-PHI
NBA,2026-04-21,Luke Kennard,NBA:luke_kennard,LAL,HOU,pts_reb_ast,NBA:luke_kennard::pts_reb_ast::UNDER,21.5,100,bettingpros_props,True,NBA:2026:04:21:HOU@LAL,NBA:2026:04:21:HOU-LAL
NBA,2026-04-21,Payton Pritchard,NBA:payton_pritchard,BOS,PHI,points,NBA:payton_pritchard::points::OVER,14.5,-101,bettingpros_props,True,NBA:2026:04:21:PHI@BOS,NBA:2026:04:21:BOS-PHI
NBA,2026-04-21,Keldon Johnson,NBA:keldon_johnson,SAS,POR,points,NBA:keldon_johnson::points::OVER,9.5,-115,bettingpros_props,True,NBA:2026:04:21:POR@SAS,NBA:2026:04:21:POR-SAS
NBA,2026-04-21,Kevin Durant,NBA:kevin_durant,HOU,LAL,pts_reb_ast,NBA:kevin_durant::pts_reb_ast::OVER,33.5,120,bettingpros_props,True,NBA:2026:04:21:HOU@LAL,NBA:2026:04:21:HOU-LAL
NBA,2026-04-21,Quentin Grimes,NBA:quentin_grimes,PHI,BOS,points,NBA:quentin_grimes::points::OVER,8.5,-108,bettingpros_props,True,NBA:2026:04:21:PHI@BOS,NBA:2026:04:21:BOS-PHI
NBA,2026-04-21,Dominick Barlow,NBA:dominick_barlow,PHI,BOS,points,NBA:dominick_barlow::points::OVER,3.5,-134,bettingpros_props,True,NBA:2026:04:21:PHI@BOS,NBA:2026:04:21:BOS-PHI
NBA,2026-04-21,Kevin Durant,NBA:kevin_durant,HOU,LAL,pts_ast,NBA:kevin_durant::pts_ast::OVER,28.5,115,bettingpros_props,True,NBA:2026:04:21:HOU@LAL,NBA:2026:04:21:HOU-LAL
NBA,2026-04-21,Sam Hauser,NBA:sam_hauser,BOS,PHI,pts_reb,NBA:sam_hauser::pts_reb::OVER,11.5,-110,bettingpros_props,True,NBA:2026:04:21:PHI@BOS,NBA:2026:04:21:BOS-PHI
NBA,2026-04-21,Robert Williams III,NBA:robert_williams_iii,POR,SAS,pts_reb,NBA:robert_williams_iii::pts_reb::OVER,12.5,105,bettingpros_props,True,NBA:2026:04:21:POR@SAS,NBA:2026:04:21:POR-SAS
NBA,2026-04-21,Quentin Grimes,NBA:quentin_grimes,PHI,BOS,pts_reb,NBA:quentin_grimes::pts_reb::OVER,11.5,105,bettingpros_props,True,NBA:2026:04:21:PHI@BOS,NBA:2026:04:21:BOS-PHI
NBA,2026-04-21,Jrue Holiday,NBA:jrue_holiday,POR,SAS,pts_reb,NBA:jrue_holiday::pts_reb::OVER,20.5,-103,bettingpros_props,True,NBA:2026:04:21:POR@SAS,NBA:2026:04:21:POR-SAS
NBA,2026-04-21,Dylan Harper,NBA:dylan_harper,SAS,POR,reb_ast,NBA:dylan_harper::reb_ast::OVER,5.5,-135,bettingpros_props,True,NBA:2026:04:21:POR@SAS,NBA:2026:04:21:POR-SAS
NBA,2026-04-21,Victor Wembanyama,NBA:victor_wembanyama,SAS,POR,pts_reb_ast,NBA:victor_wembanyama::pts_reb_ast::OVER,42.5,-111,bettingpros_props,True,NBA:2026:04:21:POR@SAS,NBA:2026:04:21:POR-SAS
NBA,2026-04-21,Matisse Thybulle,NBA:matisse_thybulle,POR,SAS,points,NBA:matisse_thybulle::points::OVER,3.5,-102,bettingpros_props,True,NBA:2026:04:21:POR@SAS,NBA:2026:04:21:POR-SAS
NBA,2026-04-21,Matisse Thybulle,NBA:matisse_thybulle,POR,SAS,pts_reb_ast,NBA:matisse_thybulle::pts_reb_ast::OVER,6.5,-120,bettingpros_props,True,NBA:2026:04:21:POR@SAS,NBA:2026:04:21:POR-SAS
NBA,2026-04-21,Keldon Johnson,NBA:keldon_johnson,SAS,POR,pts_reb_ast,NBA:keldon_johnson::pts_reb_ast::OVER,15.5,-105,bettingpros_props,True,NBA:2026:04:21:POR@SAS,NBA:2026:04:21:POR-SAS
NBA,2026-04-21,Alperen Sengun,NBA:alperen_sengun,HOU,LAL,points,NBA:alperen_sengun::points::OVER,18.5,122,bettingpros_props,True,NBA:2026:04:21:HOU@LAL,NBA:2026:04:21:HOU-LAL
NBA,2026-04-21,Jrue Holiday,NBA:jrue_holiday,POR,SAS,points,NBA:jrue_holiday::points::OVER,15.5,-104,bettingpros_props,True,NBA:2026:04:21:POR@SAS,NBA:2026:04:21:POR-SAS
NBA,2026-04-21,Jayson Tatum,NBA:jayson_tatum,BOS,PHI,pts_ast,NBA:jayson_tatum::pts_ast::OVER,29.5,-102,bettingpros_props,True,NBA:2026:04:21:PHI@BOS,NBA:2026:04:21:BOS-PHI
NBA,2026-04-21,Keldon Johnson,NBA:keldon_johnson,SAS,POR,pts_reb,NBA:keldon_johnson::pts_reb::OVER,14.5,100,bettingpros_props,True,NBA:2026:04:21:POR@SAS,NBA:2026:04:21:POR-SAS
NBA,2026-04-21,Payton Pritchard,NBA:payton_pritchard,BOS,PHI,reb_ast,NBA:payton_pritchard::reb_ast::OVER,7.5,-127,bettingpros_props,True,NBA:2026:04:21:PHI@BOS,NBA:2026:04:21:BOS-PHI
NBA,2026-04-23,Karl Anthony Towns,NBA:karl_anthony_towns,,,threes,NBA:karl_anthony_towns::threes::OVER,1.5,120,betql,True,NBA:2026:04:23:NYK@ATL,NBA:2026:04:23:ATL-NYK
NBA,2026-04-23,Dyson Daniels,NBA:dyson_daniels,,,points,NBA:dyson_daniels::points::OVER,9.5,-114,betql,True,NBA:2026:04:23:NYK@ATL,NBA:2026:04:23:ATL-NYK
NBA,2026-04-23,James Harden,NBA:james_harden,,,points,NBA:james_harden::points::OVER,19.5,-114,betql,True,NBA:2026:04:23:CLE@TOR,NBA:2026:04:23:CLE-TOR
NBA,2026-04-23,Jarrett Allen,NBA:jarrett_allen,,,points,NBA:jarrett_allen::points::UNDER,12.5,-101,betql,True,NBA:2026:04:23:CLE@TOR,NBA:2026:04:23:CLE-TOR
NBA,2026-04-23,Christian Braun,NBA:christian_braun,,,points,NBA:christian_braun::points::UNDER,11.5,100,betql,True,NBA:2026:04:23:DEN@MIN,NBA:2026:04:23:DEN-MIN
NBA,2026-04-23,Tim Hardaway Jr,NBA:tim_hardaway_jr,,,points,NBA:tim_hardaway_jr::points::UNDER,10.5,-124,betql,True,NBA:2026:04:23:DEN@MIN,NBA:2026:04:23:DEN-MIN
NBA,2026-04-23,Og Anunoby,NBA:og_anunoby,,,points,NBA:og_anunoby::points::OVER,15.5,-112,covers,True,NBA:2026:04:23:NYK@ATL,NBA:2026:04:23:ATL-NYK
NBA,2026-04-23,Jalen Brunson,NBA:jalen_brunson,,,points,NBA:jalen_brunson::points::UNDER,26.5,-107,covers,True,NBA:2026:04:23:NYK@ATL,NBA:2026:04:23:ATL-NYK
NBA,2026-04-23,Donovan Mitchell,NBA:donovan_mitchell,,,points,NBA:donovan_mitchell::points::OVER,27.5,-112,covers,True,NBA:2026:04:23:CLE@TOR,NBA:2026:04:23:CLE-TOR
NBA,2026-04-23,Donovan Mitchell,NBA:donovan_mitchell,,,assists,NBA:donovan_mitchell::assists::OVER,4.5,125,covers,True,NBA:2026:04:23:CLE@TOR,NBA:2026:04:23:CLE-TOR
NBA,2026-04-23,Donovan Mitchell,NBA:donovan_mitchell,,,points,NBA:donovan_mitchell::points::UNDER,27.5,-122,covers,True,NBA:2026:04:23:CLE@TOR,NBA:2026:04:23:CLE-TOR
NBA,2026-04-23,Anthony Edwards,NBA:anthony_edwards,,,rebounds,NBA:anthony_edwards::rebounds::OVER,5.5,-120,covers,True,NBA:2026:04:23:DEN@MIN,NBA:2026:04:23:DEN-MIN
NBA,2026-04-23,Naz Reid,NBA:naz_reid,,,points,NBA:naz_reid::points::OVER,10.5,-128,covers,True,NBA:2026:04:23:DEN@MIN,NBA:2026:04:23:DEN-MIN
NBA,2026-04-23,Donte Divincenzo,NBA:donte_divincenzo,,,points,NBA:donte_divincenzo::points::OVER,9.5,-142,covers,True,NBA:2026:04:23:DEN@MIN,NBA:2026:04:23:DEN-MIN
NBA,2026-04-23,Donte Divincenzo,NBA:donte_divincenzo,,,assists,NBA:donte_divincenzo::assists::OVER,3.5,123,covers,True,NBA:2026:04:23:DEN@MIN,NBA:2026:04:23:DEN-MIN
NBA,2026-04-23,Derrick White,NBA:derrick_white,,,threes_made,NBA:derrick_white::threes_made::OVER,2.5,102,covers,True,NBA:2026:04:23:BOS@PHI,NBA:2026:04:23:BOS-PHI
NBA,2026-04-23,Kevin Durant,NBA:kevin_durant,,,points,NBA:kevin_durant::points::OVER,23.5,-115,covers,True,NBA:2026:04:23:LAL@HOU,NBA:2026:04:23:HOU-LAL
NBA,2026-04-23,Nikola Jokic,NBA:nikola_jokic,,,assists,NBA:nikola_jokic::assists::OVER,11.5,170,dimers,True,NBA:2026:04:23:DEN@MIN,NBA:2026:04:23:DEN-MIN
NBA,2026-04-23,Jalen Johnson,NBA:jalen_johnson,,,assists,NBA:jalen_johnson::assists::OVER,6.5,112,dimers,True,NBA:2026:04:23:NYK@ATL,NBA:2026:04:23:ATL-NYK
NBA,2026-04-25,Jaxson Hayes,nba:jaxson_hayes,,,pts_reb,Jaxson Hayes over 9.5,9.5,-105,oddstrader,True,NBA:2026:04:25:LAL@HOU,NBA:2026:04:25:HOU-LAL
NBA,2026-04-25,Luke Kornet,nba:luke_kornet,,,pts_reb,Luke Kornet under 16.5,16.5,-105,oddstrader,True,NBA:2026:04:25:SAS@POR,NBA:2026:04:25:POR-SAS
NBA,2026-04-24,Bruce Brown,nba:bruce_brown,,,pts_reb_ast,Bruce Brown over 11.5,11.5,-125,oddstrader,True,NBA:2026:04:24:DEN@MIN,NBA:2026:04:24:DEN-MIN
NBA,2026-04-23,Miles McBride,nba:miles_mcbride,,,pts_reb_ast,Miles McBride over 7.5,7.5,-145,oddstrader,True,NBA:2026:04:23:NYK@ATL,NBA:2026:04:23:ATL-NYK
NBA,2026-04-24,Evan Mobley,nba:evan_mobley,,,threes,Evan Mobley,,120,oddstrader,True,NBA:2026:04:24:CLE@TOR,NBA:2026:04:24:CLE-TOR
NBA,2026-04-25,Reed Sheppard,nba:reed_sheppard,,,pts_reb_ast,Reed Sheppard over 14.5,14.5,-125,oddstrader,True,NBA:2026:04:25:LAL@HOU,NBA:2026:04:25:HOU-LAL
NBA,2026-04-23,Miles McBride,nba:miles_mcbride,,,pts_ast,Miles McBride over 6.5,6.5,-120,oddstrader,True,NBA:2026:04:23:NYK@ATL,NBA:2026:04:23:ATL-NYK
NBA,2026-04-25,Luke Kornet,nba:luke_kornet,,,pts_reb_ast,Luke Kornet under 18.5,18.5,-105,oddstrader,True,NBA:2026:04:25:SAS@POR,NBA:2026:04:25:POR-SAS
NBA,2026-04-25,Reed Sheppard,nba:reed_sheppard,,,pts_ast,Reed Sheppard over 12.5,12.5,-110,oddstrader,True,NBA:2026:04:25:LAL@HOU,NBA:2026:04:25:HOU-LAL
NBA,2026-04-25,Bronny James,nba:bronny_james,,,points,Bronny James over 1.5,1.5,-115,oddstrader,True,NBA:2026:04:25:LAL@HOU,NBA:2026:04:25:HOU-LAL
NBA,2026-04-25,Luke Kornet,nba:luke_kornet,,,rebounds,Luke Kornet under 7.5,7.5,100,oddstrader,True,NBA:2026:04:25:SAS@POR,NBA:2026:04:25:POR-SAS
NBA,2026-04-24,Bruce Brown,nba:bruce_brown,,,reb_ast,Bruce Brown over 4.5,4.5,-145,oddstrader,True,NBA:2026:04:24:DEN@MIN,NBA:2026:04:24:DEN-MIN
NBA,2026-04-24,Dennis Schröder,nba:dennis_schr_der,,,pts_reb_ast,Dennis Schröder over 6.5,6.5,-170,oddstrader,True,NBA:2026:04:24:CLE@TOR,NBA:2026:04:24:CLE-TOR
NBA,2026-04-25,Jaxson Hayes,nba:jaxson_hayes,,,points,Jaxson Hayes over 5.5,5.5,-120,oddstrader,True,NBA:2026:04:25:LAL@HOU,NBA:2026:04:25:HOU-LAL
NBA,2026-04-25,Cade Cunningham,nba:cade_cunningham,,,pts_ast,Cade Cunningham under 37.5,37.5,-110,oddstrader,True,NBA:2026:04:25:DET@ORL,NBA:2026:04:25:DET-ORL
NBA,2026-04-25,Jerami Grant,nba:jerami_grant,,,pts_reb,Jerami Grant over 11.5,11.5,-125,oddstrader,True,NBA:2026:04:25:SAS@POR,NBA:2026:04:25:POR-SAS
NBA,2026-04-25,Cade Cunningham,nba:cade_cunningham,,,pts_reb_ast,Cade Cunningham under 43.5,43.5,-115,oddstrader,True,NBA:2026:04:25:DET@ORL,NBA:2026:04:25:DET-ORL
NBA,2026-04-24,Bruce Brown,nba:bruce_brown,,,pts_ast,Bruce Brown over 8.5,8.5,-105,oddstrader,True,NBA:2026:04:24:DEN@MIN,NBA:2026:04:24:DEN-MIN
NBA,2026-04-24,Bruce Brown,nba:bruce_brown,,,pts_reb,Bruce Brown over 10.5,10.5,-105,oddstrader,True,NBA:2026:04:24:DEN@MIN,NBA:2026:04:24:DEN-MIN
NBA,2026-04-24,Anthony Edwards,nba:anthony_edwards,,,pts_reb_ast,Anthony Edwards under 39.5,39.5,-125,oddstrader,True,NBA:2026:04:24:DEN@MIN,NBA:2026:04:24:DEN-MIN
NBA,2026-04-23,Dyson Daniels,nba:dyson_daniels,,,reb_ast,Dyson Daniels over 11.5,11.5,-105,oddstrader,True,NBA:2026:04:23:NYK@ATL,NBA:2026:04:23:ATL-NYK
NBA,2026-04-25,Reed Sheppard,nba:reed_sheppard,,,points,Reed Sheppard over 8.5,8.5,-115,oddstrader,True,NBA:2026:04:25:LAL@HOU,NBA:2026:04:25:HOU-LAL
NBA,2026-04-24,Anthony Edwards,nba:anthony_edwards,,,pts_reb,Anthony Edwards under 34.5,34.5,-120,oddstrader,True,NBA:2026:04:24:DEN@MIN,NBA:2026:04:24:DEN-MIN
NBA,2026-04-25,Cade Cunningham,nba:cade_cunningham,,,pts_reb,Cade Cunningham under 33.5,33.5,-115,oddstrader,True,NBA:2026:04:25:DET@ORL,NBA:2026:04:25:DET-ORL
NBA,2026-04-25,Luke Kornet,nba:luke_kornet,,,reb_ast,Luke Kornet under 9.5,9.5,-105,oddstrader,True,NBA:2026:04:25:SAS@POR,NBA:2026:04:25:POR-SAS
NBA,2026-04-24,Anthony Edwards,nba:anthony_edwards,,,pts_ast,Anthony Edwards under 33.5,33.5,-125,oddstrader,True,NBA:2026:04:24:DEN@MIN,NBA:2026:04:24:DEN-MIN
NBA,2026-04-25,Amen Thompson,nba:amen_thompson,,,pts_ast,Amen Thompson over 22.5,22.5,-120,oddstrader,True,NBA:2026:04:25:LAL@HOU,NBA:2026:04:25:HOU-LAL
NBA,2026-04-23,Dyson Daniels,nba:dyson_daniels,,,pts_reb_ast,Dyson Daniels over 21.5,21.5,-105,oddstrader,True,NBA:2026:04:23:NYK@ATL,NBA:2026:04:23:ATL-NYK
NBA,2026-04-25,Amen Thompson,nba:amen_thompson,,,pts_reb_ast,Amen Thompson over 30.5,30.5,-105,oddstrader,True,NBA:2026:04:25:LAL@HOU,NBA:2026:04:25:HOU-LAL
NBA,2026-04-25,Amen Thompson,nba:amen_thompson,,,pts_reb,Amen Thompson over 24.5,24.5,-115,oddstrader,True,NBA:2026:04:25:LAL@HOU,NBA:2026:04:25:HOU-LAL
NBA,2026-04-23,Josh Hart,nba:josh_hart,,,reb_ast,Josh Hart under 13.5,13.5,-110,oddstrader,True,NBA:2026:04:23:NYK@ATL,NBA:2026:04:23:ATL-NYK
NBA,2026-04-24,Anthony Edwards,nba:anthony_edwards,,,points,Anthony Edwards under 28.5,28.5,-120,oddstrader,True,NBA:2026:04:24:DEN@MIN,NBA:2026:04:24:DEN-MIN
NBA,2026-04-24,Nikola Jokic,nba:nikola_jokic,,,pts_reb_ast,Nikola Jokic under 53.5,53.5,-115,oddstrader,True,NBA:2026:04:24:DEN@MIN,NBA:2026:04:24:DEN-MIN
NBA,2026-04-24,Nikola Jokic,nba:nikola_jokic,,,pts_reb,Nikola Jokic under 43.5,43.5,-115,oddstrader,True,NBA:2026:04:24:DEN@MIN,NBA:2026:04:24:DEN-MIN
NBA,2026-04-24,Anthony Edwards,nba:anthony_edwards,,,reb_ast,Anthony Edwards under 10.5,10.5,-120,oddstrader,True,NBA:2026:04:24:DEN@MIN,NBA:2026:04:24:DEN-MIN
NBA,2026-04-25,Deni Avdija,nba:deni_avdija,,,pts_ast,Deni Avdija over 30.5,30.5,-105,oddstrader,True,NBA:2026:04:25:SAS@POR,NBA:2026:04:25:POR-SAS
NBA,2026-04-23,Karl-Anthony Towns,nba:karl_anthony_towns,,,pts_ast,Karl-Anthony Towns over 22.5,22.5,-105,oddstrader,True,NBA:2026:04:23:NYK@ATL,NBA:2026:04:23:ATL-NYK
NBA,2026-04-24,Derrick White,nba:derrick_white,,,rebounds,Derrick White under 3.5,3.5,150,oddstrader,True,NBA:2026:04:24:BOS@PHI,NBA:2026:04:24:BOS-PHI
NBA,2026-04-25,Deni Avdija,nba:deni_avdija,,,pts_reb_ast,Deni Avdija over 37.5,37.5,-110,oddstrader,True,NBA:2026:04:25:SAS@POR,NBA:2026:04:25:POR-SAS
NBA,2026-04-25,Reed Sheppard,nba:reed_sheppard,,,reb_ast,Reed Sheppard over 4.5,4.5,-150,oddstrader,True,NBA:2026:04:25:LAL@HOU,NBA:2026:04:25:HOU-LAL
NBA,2026-04-23,Mitchell Robinson,nba:mitchell_robinson,,,pts_reb_ast,Mitchell Robinson over 12.5,12.5,-120,oddstrader,True,NBA:2026:04:23:NYK@ATL,NBA:2026:04:23:ATL-NYK
NBA,2026-04-25,Luke Kornet,nba:luke_kornet,,,points,Luke Kornet under 8.5,8.5,-115,oddstrader,True,NBA:2026:04:25:SAS@POR,NBA:2026:04:25:POR-SAS
NBA,2026-04-23,Miles McBride,nba:miles_mcbride,,,points,Miles McBride over 5.5,5.5,-105,oddstrader,True,NBA:2026:04:23:NYK@ATL,NBA:2026:04:23:ATL-NYK
NBA,2026-04-25,Luke Kornet,nba:luke_kornet,,,pts_ast,Luke Kornet under 10.5,10.5,-105,oddstrader,True,NBA:2026:04:25:SAS@POR,NBA:2026:04:25:POR-SAS
NBA,2026-04-23,Mitchell Robinson,nba:mitchell_robinson,,,pts_reb,Mitchell Robinson over 11.5,11.5,-130,oddstrader,True,NBA:2026:04:23:NYK@ATL,NBA:2026:04:23:ATL-NYK
NBA,2026-04-24,Immanuel Quickley,nba:immanuel_quickley,,,reb_ast,Immanuel Quickley over 6.5,6.5,-105,oddstrader,True,NBA:2026:04:24:CLE@TOR,NBA:2026:04:24:CLE-TOR
NBA,2026-04-24,Anthony Edwards,nba:anthony_edwards,,,rebounds,Anthony Edwards under 5.5,5.5,115,oddstrader,True,NBA:2026:04:24:DEN@MIN,NBA:2026:04:24:DEN-MIN
NBA,2026-04-24,Nikola Jokic,nba:nikola_jokic,,,pts_ast,Nikola Jokic under 39.5,39.5,-110,oddstrader,True,NBA:2026:04:24:DEN@MIN,NBA:2026:04:24:DEN-MIN
NBA,2026-04-24,Derrick White,nba:derrick_white,,,pts_reb_ast,Derrick White under 22.5,22.5,-105,oddstrader,True,NBA:2026:04:24:BOS@PHI,NBA:2026:04:24:BOS-PHI
NBA,2026-04-23,Dyson Daniels,nba:dyson_daniels,,,pts_ast,Dyson Daniels over 14.5,14.5,-115,oddstrader,True,NBA:2026:04:23:NYK@ATL,NBA:2026:04:23:ATL-NYK
NBA,2026-04-25,De'Aaron Fox,nba:de_aaron_fox,,,reb_ast,De'Aaron Fox over 8.5,8.5,-115,oddstrader,True,NBA:2026:04:25:SAS@POR,NBA:2026:04:25:POR-SAS
NBA,2026-04-24,Keon Ellis,nba:keon_ellis,,,points,Keon Ellis over 1.5,1.5,-185,oddstrader,True,NBA:2026:04:24:CLE@TOR,NBA:2026:04:24:CLE-TOR
NBA,2026-04-24,Scottie Barnes,nba:scottie_barnes,,,steals,Scottie Barnes under 1.5,1.5,-135,oddstrader,True,NBA:2026:04:24:CLE@TOR,NBA:2026:04:24:CLE-TOR
NBA,2026-04-23,Josh Hart,nba:josh_hart,,,assists,Josh Hart under 4.5,4.5,100,oddstrader,True,NBA:2026:04:23:NYK@ATL,NBA:2026:04:23:ATL-NYK
NBA,2026-04-24,Derrick White,nba:derrick_white,,,reb_ast,Derrick White under 8.5,8.5,-110,oddstrader,True,NBA:2026:04:24:BOS@PHI,NBA:2026:04:24:BOS-PHI
NBA,2026-04-25,Deni Avdija,nba:deni_avdija,,,pts_reb,Deni Avdija over 31.5,31.5,-105,oddstrader,True,NBA:2026:04:25:SAS@POR,NBA:2026:04:25:POR-SAS
NBA,2026-04-24,Donte DiVincenzo,nba:donte_divincenzo,,,pts_reb_ast,Donte DiVincenzo under 17.5,17.5,-110,oddstrader,True,NBA:2026:04:24:DEN@MIN,NBA:2026:04:24:DEN-MIN
NBA,2026-04-25,Kevin Durant,nba:kevin_durant,,,reb_ast,Kevin Durant over 9.5,9.5,-145,oddstrader,True,NBA:2026:04:25:LAL@HOU,NBA:2026:04:25:HOU-LAL
NBA,2026-04-24,Derrick White,nba:derrick_white,,,pts_reb,Derrick White under 18.5,18.5,-115,oddstrader,True,NBA:2026:04:24:BOS@PHI,NBA:2026:04:24:BOS-PHI
NBA,2026-04-25,Amen Thompson,nba:amen_thompson,,,points,Amen Thompson over 17.5,17.5,-110,oddstrader,True,NBA:2026:04:25:LAL@HOU,NBA:2026:04:25:HOU-LAL
NBA,2026-04-24,Andre Drummond,nba:andre_drummond,,,pts_reb,Andre Drummond over 14.5,14.5,-115,oddstrader,True,NBA:2026:04:24:BOS@PHI,NBA:2026:04:24:BOS-PHI
NBA,2026-04-24,Evan Mobley,nba:evan_mobley,,,blocks,Evan Mobley under 1.5,1.5,-120,oddstrader,True,NBA:2026:04:24:CLE@TOR,NBA:2026:04:24:CLE-TOR
NBA,2026-04-24,Donte DiVincenzo,nba:donte_divincenzo,,,pts_ast,Donte DiVincenzo under 14.5,14.5,-125,oddstrader,True,NBA:2026:04:24:DEN@MIN,NBA:2026:04:24:DEN-MIN
NBA,2026-04-24,Donte DiVincenzo,nba:donte_divincenzo,,,reb_ast,Donte DiVincenzo under 6.5,6.5,105,oddstrader,True,NBA:2026:04:24:DEN@MIN,NBA:2026:04:24:DEN-MIN
NBA,2026-04-24,Jaden McDaniels,nba:jaden_mcdaniels,,,threes,Jaden McDaniels under 1.5,1.5,-160,oddstrader,True,NBA:2026:04:24:DEN@MIN,NBA:2026:04:24:DEN-MIN
NBA,2026-04-24,Naz Reid,nba:naz_reid,,,threes,Naz Reid under 1.5,1.5,100,oddstrader,True,NBA:2026:04:24:DEN@MIN,NBA:2026:04:24:DEN-MIN
NBA,2026-04-24,Ja'Kobe Walter,nba:ja_kobe_walter,,,pts_reb_ast,Ja'Kobe Walter over 11.5,11.5,-120,oddstrader,True,NBA:2026:04:24:CLE@TOR,NBA:2026:04:24:CLE-TOR
NBA,2026-04-24,Nikola Jokic,nba:nikola_jokic,,,points,Nikola Jokic under 29.5,29.5,-120,oddstrader,True,NBA:2026:04:24:DEN@MIN,NBA:2026:04:24:DEN-MIN
NBA,2026-04-25,Jerami Grant,nba:jerami_grant,,,points,Jerami Grant over 9.5,9.5,-115,oddstrader,True,NBA:2026:04:25:SAS@POR,NBA:2026:04:25:POR-SAS
NBA,2026-04-25,Jalen Duren,nba:jalen_duren,,,rebounds,Jalen Duren under 9.5,9.5,120,oddstrader,True,NBA:2026:04:25:DET@ORL,NBA:2026:04:25:DET-ORL
NBA,2026-04-25,Deni Avdija,nba:deni_avdija,,,points,Deni Avdija over 23.5,23.5,-110,oddstrader,True,NBA:2026:04:25:SAS@POR,NBA:2026:04:25:POR-SAS
NBA,2026-04-25,Devin Booker,nba:devin_booker,,,rebounds,Devin Booker under 4.5,4.5,-110,oddstrader,True,NBA:2026:04:25:OKC@PHX,NBA:2026:04:25:OKC-PHX
NBA,2026-04-25,Franz Wagner,nba:franz_wagner,,,pts_reb_ast,Franz Wagner over 23.5,23.5,-120,oddstrader,True,NBA:2026:04:25:DET@ORL,NBA:2026:04:25:DET-ORL
NBA,2026-04-24,Donte DiVincenzo,nba:donte_divincenzo,,,assists,Donte DiVincenzo under 3.5,3.5,-154,oddstrader,True,NBA:2026:04:24:DEN@MIN,NBA:2026:04:24:DEN-MIN
NBA,2026-04-24,Nikola Jokic,nba:nikola_jokic,,,reb_ast,Nikola Jokic under 23.5,23.5,-105,oddstrader,True,NBA:2026:04:24:DEN@MIN,NBA:2026:04:24:DEN-MIN
NBA,2026-04-24,Payton Pritchard,nba:payton_pritchard,,,pts_ast,Payton Pritchard over 17.5,17.5,-105,oddstrader,True,NBA:2026:04:24:BOS@PHI,NBA:2026:04:24:BOS-PHI
NBA,2026-04-23,Dyson Daniels,nba:dyson_daniels,,,pts_reb,Dyson Daniels over 15.5,15.5,-130,oddstrader,True,NBA:2026:04:23:NYK@ATL,NBA:2026:04:23:ATL-NYK
NBA,2026-04-24,Payton Pritchard,nba:payton_pritchard,,,pts_reb_ast,Payton Pritchard over 20.5,20.5,-110,oddstrader,True,NBA:2026:04:24:BOS@PHI,NBA:2026:04:24:BOS-PHI
NBA,2026-04-24,Ja'Kobe Walter,nba:ja_kobe_walter,,,pts_ast,Ja'Kobe Walter over 8.5,8.5,-125,oddstrader,True,NBA:2026:04:24:CLE@TOR,NBA:2026:04:24:CLE-TOR
NBA,2026-04-25,Robert Williams,nba:robert_williams,,,threes,Robert Williams,,-200,oddstrader,True,NBA:2026:04:25:SAS@POR,NBA:2026:04:25:POR-SAS
NBA,2026-04-24,Rudy Gobert,nba:rudy_gobert,,,steals,Rudy Gobert,,150,oddstrader,True,NBA:2026:04:24:DEN@MIN,NBA:2026:04:24:DEN-MIN
NBA,2026-04-25,Franz Wagner,nba:franz_wagner,,,reb_ast,Franz Wagner over 6.5,6.5,-150,oddstrader,True,NBA:2026:04:25:DET@ORL,NBA:2026:04:25:DET-ORL
NBA,2026-04-23,Mitchell Robinson,nba:mitchell_robinson,,,points,Mitchell Robinson over 4.5,4.5,-105,oddstrader,True,NBA:2026:04:23:NYK@ATL,NBA:2026:04:23:ATL-NYK
NBA,2026-04-25,Cade Cunningham,nba:cade_cunningham,,,assists,Cade Cunningham under 9.5,9.5,-110,oddstrader,True,NBA:2026:04:25:DET@ORL,NBA:2026:04:25:DET-ORL
NBA,2026-04-25,Deandre Ayton,nba:deandre_ayton,,,pts_reb,Deandre Ayton over 21.5,21.5,-105,oddstrader,True,NBA:2026:04:25:LAL@HOU,NBA:2026:04:25:HOU-LAL
NBA,2026-04-24,Nikola Jokic,nba:nikola_jokic,,,rebounds,Nikola Jokic under 13.5,13.5,-110,oddstrader,True,NBA:2026:04:24:DEN@MIN,NBA:2026:04:24:DEN-MIN
NBA,2026-04-23,Mikal Bridges,nba:mikal_bridges,,,pts_reb,Mikal Bridges under 15.5,15.5,100,oddstrader,True,NBA:2026:04:23:NYK@ATL,NBA:2026:04:23:ATL-NYK
NBA,2026-04-23,Miles McBride,nba:miles_mcbride,,,threes,Miles McBride over 1.5,1.5,150,oddstrader,True,NBA:2026:04:23:NYK@ATL,NBA:2026:04:23:ATL-NYK
NBA,2026-04-25,Cade Cunningham,nba:cade_cunningham,,,reb_ast,Cade Cunningham under 15.5,15.5,-125,oddstrader,True,NBA:2026:04:25:DET@ORL,NBA:2026:04:25:DET-ORL
NBA,2026-04-25,LeBron James,nba:lebron_james,,,threes,LeBron James under 1.5,1.5,105,oddstrader,True,NBA:2026:04:25:LAL@HOU,NBA:2026:04:25:HOU-LAL
NBA,2026-04-23,Josh Hart,NBA:josh_hart,,,rebounds,NBA:josh_hart::rebounds::OVER,7.5,-148,sportsline,True,NBA:2026:04:23:NYK@ATL,NBA:2026:04:23:ATL-NYK
NBA,2026-04-23,Josh Hart,NBA:josh_hart,,,pts_reb_ast,NBA:josh_hart::pts_reb_ast::OVER,24.5,-113,sportsline,True,NBA:2026:04:23:NYK@ATL,NBA:2026:04:23:ATL-NYK
NBA,2026-04-23,Cj Mccollum,NBA:cj_mccollum,,,points,NBA:cj_mccollum::points::OVER,18.5,-125,sportsline,True,NBA:2026:04:23:NYK@ATL,NBA:2026:04:23:ATL-NYK
NBA,2026-04-23,James Harden,NBA:james_harden,,,reb_ast,NBA:james_harden::reb_ast::OVER,10.5,-142,sportsline,True,NBA:2026:04:23:CLE@TOR,NBA:2026:04:23:CLE-TOR
NBA,2026-04-23,Collin Murray Boyles,NBA:collin_murray_boyles,,,points,NBA:collin_murray_boyles::points::OVER,10.5,100,sportsline,True,NBA:2026:04:23:CLE@TOR,NBA:2026:04:23:CLE-TOR
NBA,2026-04-23,Sandro Mamukelashvili,NBA:sandro_mamukelashvili,,,rebounds,NBA:sandro_mamukelashvili::rebounds::OVER,4.5,-141,sportsline,True,NBA:2026:04:23:CLE@TOR,NBA:2026:04:23:CLE-TOR
NBA,2026-04-23,Brandon Ingram,NBA:brandon_ingram,,,points,NBA:brandon_ingram::points::OVER,19.5,-121,sportsline,True,NBA:2026:04:23:CLE@TOR,NBA:2026:04:23:CLE-TOR
NBA,2026-04-23,Aaron Gordon,NBA:aaron_gordon,,,points,NBA:aaron_gordon::points::OVER,14.5,-110,sportsline,True,NBA:2026:04:23:DEN@MIN,NBA:2026:04:23:DEN-MIN
NBA,2026-04-23,Cameron Johnson,NBA:cameron_johnson,,,points,NBA:cameron_johnson::points::OVER,11.5,-115,sportsline,True,NBA:2026:04:23:DEN@MIN,NBA:2026:04:23:DEN-MIN
NBA,2026-04-24,Jayson Tatum,NBA:jayson_tatum,,,rebounds,NBA:jayson_tatum::rebounds::OVER,9.5,-137,sportsline,True,NBA:2026:04:24:BOS@PHI,NBA:2026:04:24:BOS-PHI
NBA,2026-04-23,CJ McCollum,nba:cj_mccollum,,,points,nba:cj_mccollum::points::OVER,19.5,-103,vegasinsider,True,NBA:2026:04:23:NYK@ATL,NBA:2026:04:23:ATL-NYK
NBA,2026-04-24,Deni Avdija,nba:deni_avdija,,,points,nba:deni_avdija::points::OVER,23.5,-113,vegasinsider,True,NBA:2026:04:24:SAS@POR,NBA:2026:04:24:POR-SAS
NBA,2026-04-27,Jaden Mcdaniels,NBA:jaden_mcdaniels,,,reb_ast,NBA:jaden_mcdaniels::reb_ast::OVER,7.5,-120,sportsline,True,NBA:2026:04:27:MIN@DEN,NBA:2026:04:27:DEN-MIN
NBA,2026-04-26,Scoot Henderson,NBA:scoot_henderson,,,points,NBA:scoot_henderson::points::OVER,14.5,-125,sportsline,True,NBA:2026:04:26:SAS@POR,NBA:2026:04:26:POR-SAS
NBA,2026-04-25,Ausar Thompson,NBA:ausar_thompson,,,pts_reb,NBA:ausar_thompson::pts_reb::OVER,14.5,-121,sportsline,True,NBA:2026:04:25:DET@ORL,NBA:2026:04:25:DET-ORL
NBA,2026-04-22,Devin Booker,NBA:devin_booker,,,points,NBA:devin_booker::points::OVER,22.5,-110,sportsline,True,NBA:2026:04:22:PHX@OKC,NBA:2026:04:22:OKC-PHX
NBA,2026-04-21,Andre Drummond,NBA:andre_drummond,,,pts_reb,NBA:andre_drummond::pts_reb::OVER,13.5,-128,sportsline,True,NBA:2026:04:21:PHI@BOS,NBA:2026:04:21:BOS-PHI
NBA,2026-04-20,Jamal Murray,NBA:jamal_murray,,,points,NBA:jamal_murray::points::OVER,26.5,-109,sportsline,True,NBA:2026:04:20:MIN@DEN,NBA:2026:04:20:DEN-MIN
NBA,2026-04-20,Karl Anthony Towns,NBA:karl_anthony_towns,,,pts_reb,NBA:karl_anthony_towns::pts_reb::OVER,31.5,-143,sportsline,True,NBA:2026:04:20:ATL@NYK,NBA:2026:04:20:ATL-NYK
NBA,2026-04-20,Scottie Barnes,NBA:scottie_barnes,,,rebounds,NBA:scottie_barnes::rebounds::OVER,6.5,-127,sportsline,True,NBA:2026:04:20:TOR@CLE,NBA:2026:04:20:CLE-TOR
NBA,2026-04-15,Brandin Podziemski,NBA:brandin_podziemski,,,points,NBA:brandin_podziemski::points::OVER,13.5,-128,sportsline,True,NBA:2026:04:15:GSW@LAC,NBA:2026:04:15:GSW-LAC
NBA,2026-04-15,Kelly Oubre Jr,NBA:kelly_oubre_jr,,,pts_reb,NBA:kelly_oubre_jr::pts_reb::OVER,18.5,-110,sportsline,True,NBA:2026:04:15:ORL@PHI,NBA:2026:04:15:ORL-PHI
NBA,2026-04-27,Wendell Carter Jr,NBA:wendell_carter_jr,,,pts_reb_ast,NBA:wendell_carter_jr::pts_reb_ast::OVER,20.5,-111,sportsline,True,NBA:2026:04:27:DET@ORL,NBA:2026:04:27:DET-ORL
NBA,2026-04-26,Joel Embiid,NBA:joel_embiid,,,points,NBA:joel_embiid::points::OVER,19.5,102,sportsline,True,NBA:2026:04:26:BOS@PHI,NBA:2026:04:26:BOS-PHI
NBA,2026-04-24,De Aaron Fox,NBA:de_aaron_fox,,,points,NBA:de_aaron_fox::points::OVER,19.5,-112,sportsline,True,NBA:2026:04:24:SAS@POR,NBA:2026:04:24:POR-SAS
NBA,2026-04-23,James Harden,NBA:james_harden,,,reb_ast,NBA:james_harden::reb_ast::OVER,10.5,-142,sportsline,True,NBA:2026:04:23:CLE@TOR,NBA:2026:04:23:CLE-TOR
NBA,2026-04-22,Cade Cunningham,NBA:cade_cunningham,,,pts_reb_ast,NBA:cade_cunningham::pts_reb_ast::UNDER,44.5,-117,sportsline,True,NBA:2026:04:22:ORL@DET,NBA:2026:04:22:DET-ORL
NBA,2026-04-21,Deni Avdija,NBA:deni_avdija,,,pts_reb_ast,NBA:deni_avdija::pts_reb_ast::OVER,36.5,-123,sportsline,True,NBA:2026:04:21:POR@SAS,NBA:2026:04:21:POR-SAS
NBA,2026-04-19,Jalen Duren,NBA:jalen_duren,,,points,NBA:jalen_duren::points::UNDER,19.5,-111,sportsline,True,NBA:2026:04:19:ORL@DET,NBA:2026:04:19:DET-ORL
NBA,2026-04-18,James Harden,NBA:james_harden,,,pts_reb_ast,NBA:james_harden::pts_reb_ast::UNDER,34.5,-116,sportsline,True,NBA:2026:04:18:TOR@CLE,NBA:2026:04:18:CLE-TOR
NBA,2026-04-15,Franz Wagner,NBA:franz_wagner,,,points,NBA:franz_wagner::points::OVER,17.5,-132,sportsline,True,NBA:2026:04:15:ORL@PHI,NBA:2026:04:15:ORL-PHI
NBA,2026-04-14,Dillon Brooks,NBA:dillon_brooks,,,points,NBA:dillon_brooks::points::UNDER,19.5,-118,sportsline,True,NBA:2026:04:14:POR@PHX,NBA:2026:04:14:PHX-POR
NBA,2026-04-10,Kon Knueppel,NBA:kon_knueppel,,,points,NBA:kon_knueppel::points::UNDER,18.5,-122,sportsline,True,NBA:2026:04:10:DET@CHA,NBA:2026:04:10:CHA-DET
NBA,2026-04-27,Jalen Duren,NBA:jalen_duren,,,points,NBA:jalen_duren::points::UNDER,15.5,-120,sportsline,True,NBA:2026:04:27:DET@ORL,NBA:2026:04:27:DET-ORL
NBA,2026-04-27,Dillon Brooks,NBA:dillon_brooks,,,points,NBA:dillon_brooks::points::OVER,18.5,-113,sportsline,True,NBA:2026:04:27:OKC@PHX,NBA:2026:04:27:OKC-PHX
NBA,2026-04-24,Alperen Sengun,NBA:alperen_sengun,,,assists,NBA:alperen_sengun::assists::OVER,5.5,-136,sportsline,True,NBA:2026:04:24:LAL@HOU,NBA:2026:04:24:HOU-LAL
NBA,2026-04-24,Jayson Tatum,NBA:jayson_tatum,,,pts_reb,NBA:jayson_tatum::pts_reb::OVER,33.5,-118,sportsline,True,NBA:2026:04:24:BOS@PHI,NBA:2026:04:24:BOS-PHI
NBA,2026-04-22,Jalen Williams,NBA:jalen_williams,,,pts_ast,NBA:jalen_williams::pts_ast::OVER,23.5,-110,sportsline,True,NBA:2026:04:22:PHX@OKC,NBA:2026:04:22:OKC-PHX
NBA,2026-04-17,Miles Bridges,NBA:miles_bridges,,,rebounds,NBA:miles_bridges::rebounds::OVER,5.5,-152,sportsline,True,NBA:2026:04:17:CHA@ORL,NBA:2026:04:17:CHA-ORL
NBA,2026-04-15,Draymond Green,NBA:draymond_green,,,assists,NBA:draymond_green::assists::OVER,5.5,-145,sportsline,True,NBA:2026:04:15:GSW@LAC,NBA:2026:04:15:GSW-LAC
NBA,2026-04-14,Devin Booker,NBA:devin_booker,,,points,NBA:devin_booker::points::OVER,26.5,-112,sportsline,True,NBA:2026:04:14:POR@PHX,NBA:2026:04:14:PHX-POR
NBA,2026-04-10,Evan Mobley,NBA:evan_mobley,,,pts_reb,NBA:evan_mobley::pts_reb::OVER,25.5,-161,sportsline,True,NBA:2026:04:10:CLE@ATL,NBA:2026:04:10:ATL-CLE
NBA,2026-04-27,Jalen Green,NBA:jalen_green,,,points,NBA:jalen_green::points::OVER,19.5,100,sportsline,True,NBA:2026:04:27:OKC@PHX,NBA:2026:04:27:OKC-PHX
NBA,2026-04-27,Ausar Thompson,NBA:ausar_thompson,,,reb_ast,NBA:ausar_thompson::reb_ast::OVER,8.5,-133,sportsline,True,NBA:2026:04:27:DET@ORL,NBA:2026:04:27:DET-ORL
NBA,2026-04-27,Christian Braun,NBA:christian_braun,,,pts_reb_ast,NBA:christian_braun::pts_reb_ast::OVER,17.5,-118,sportsline,True,NBA:2026:04:27:MIN@DEN,NBA:2026:04:27:DEN-MIN
NBA,2026-04-26,Marcus Smart,NBA:marcus_smart,,,assists,NBA:marcus_smart::assists::OVER,4.5,-128,sportsline,True,NBA:2026:04:26:LAL@HOU,NBA:2026:04:26:HOU-LAL
NBA,2026-04-26,Luke Kornet,NBA:luke_kornet,,,pts_reb_ast,NBA:luke_kornet::pts_reb_ast::OVER,10.5,-106,sportsline,True,NBA:2026:04:26:SAS@POR,NBA:2026:04:26:POR-SAS
NBA,2026-04-26,Collin Murray Boyles,NBA:collin_murray_boyles,,,pts_reb,NBA:collin_murray_boyles::pts_reb::OVER,16.5,-130,sportsline,True,NBA:2026:04:26:CLE@TOR,NBA:2026:04:26:CLE-TOR
NBA,2026-04-25,Dyson Daniels,NBA:dyson_daniels,,,reb_ast,NBA:dyson_daniels::reb_ast::OVER,11.5,-110,sportsline,True,NBA:2026:04:25:NYK@ATL,NBA:2026:04:25:ATL-NYK
NBA,2026-04-24,Luke Kornet,NBA:luke_kornet,,,pts_reb_ast,NBA:luke_kornet::pts_reb_ast::OVER,17.5,-115,sportsline,True,NBA:2026:04:24:SAS@POR,NBA:2026:04:24:POR-SAS
NBA,2026-04-24,Reed Sheppard,NBA:reed_sheppard,,,assists,NBA:reed_sheppard::assists::OVER,2.5,-114,sportsline,True,NBA:2026:04:24:LAL@HOU,NBA:2026:04:24:HOU-LAL
NBA,2026-04-24,Jayson Tatum,NBA:jayson_tatum,,,rebounds,NBA:jayson_tatum::rebounds::OVER,9.5,-137,sportsline,True,NBA:2026:04:24:BOS@PHI,NBA:2026:04:24:BOS-PHI
NBA,2026-04-23,Sandro Mamukelashvili,NBA:sandro_mamukelashvili,,,rebounds,NBA:sandro_mamukelashvili::rebounds::OVER,4.5,-130,sportsline,True,NBA:2026:04:23:CLE@TOR,NBA:2026:04:23:CLE-TOR
NBA,2026-04-23,Collin Murray Boyles,NBA:collin_murray_boyles,,,points,NBA:collin_murray_boyles::points::OVER,10.5,100,sportsline,True,NBA:2026:04:23:CLE@TOR,NBA:2026:04:23:CLE-TOR
NBA,2026-04-23,Josh Hart,NBA:josh_hart,,,rebounds,NBA:josh_hart::rebounds::OVER,7.5,-148,sportsline,True,NBA:2026:04:23:NYK@ATL,NBA:2026:04:23:ATL-NYK
NBA,2026-04-22,Oso Ighodaro,NBA:oso_ighodaro,,,reb_ast,NBA:oso_ighodaro::reb_ast::OVER,8.5,-125,sportsline,True,NBA:2026:04:22:PHX@OKC,NBA:2026:04:22:OKC-PHX
NBA,2026-04-22,Ausar Thompson,NBA:ausar_thompson,,,reb_ast,NBA:ausar_thompson::reb_ast::OVER,7.5,-138,sportsline,True,NBA:2026:04:22:ORL@DET,NBA:2026:04:22:DET-ORL
NBA,2026-04-21,Scoot Henderson,NBA:scoot_henderson,,,points,NBA:scoot_henderson::points::OVER,10.5,100,sportsline,True,NBA:2026:04:21:POR@SAS,NBA:2026:04:21:POR-SAS
NBA,2026-04-21,Jayson Tatum,NBA:jayson_tatum,,,rebounds,NBA:jayson_tatum::rebounds::OVER,9.5,-130,sportsline,True,NBA:2026:04:21:PHI@BOS,NBA:2026:04:21:BOS-PHI
NBA,2026-04-20,Nikola Jokic,NBA:nikola_jokic,,,assists,NBA:nikola_jokic::assists::OVER,9.5,-135,sportsline,True,NBA:2026:04:20:MIN@DEN,NBA:2026:04:20:DEN-MIN
NBA,2026-04-20,Sandro Mamukelashvili,NBA:sandro_mamukelashvili,,,rebounds,NBA:sandro_mamukelashvili::rebounds::OVER,4.5,120,sportsline,True,NBA:2026:04:20:TOR@CLE,NBA:2026:04:20:CLE-TOR
NBA,2026-04-20,Scottie Barnes,NBA:scottie_barnes,,,assists,NBA:scottie_barnes::assists::OVER,5.5,-140,sportsline,True,NBA:2026:04:20:TOR@CLE,NBA:2026:04:20:CLE-TOR
NBA,2026-04-19,Victor Wembanyama,NBA:victor_wembanyama,,,reb_ast,NBA:victor_wembanyama::reb_ast::OVER,15.5,-132,sportsline,True,NBA:2026:04:19:POR@SAS,NBA:2026:04:19:POR-SAS
NBA,2026-04-19,Paolo Banchero,NBA:paolo_banchero,,,points,NBA:paolo_banchero::points::OVER,20.5,-128,sportsline,True,NBA:2026:04:19:ORL@DET,NBA:2026:04:19:DET-ORL
NBA,2026-04-19,Jayson Tatum,NBA:jayson_tatum,,,rebounds,NBA:jayson_tatum::rebounds::OVER,9.5,110,sportsline,True,NBA:2026:04:19:PHI@BOS,NBA:2026:04:19:BOS-PHI
NBA,2026-04-18,Cameron Johnson,NBA:cameron_johnson,,,points,NBA:cameron_johnson::points::OVER,11.5,-115,sportsline,True,NBA:2026:04:18:MIN@DEN,NBA:2026:04:18:DEN-MIN
NBA,2026-04-17,Gui Santos,NBA:gui_santos,,,assists,NBA:gui_santos::assists::OVER,2.5,-155,sportsline,True,NBA:2026:04:17:GSW@PHX,NBA:2026:04:17:GSW-PHX
NBA,2026-04-17,Brandon Miller,NBA:brandon_miller,,,pts_reb_ast,NBA:brandon_miller::pts_reb_ast::OVER,28.5,-111,sportsline,True,NBA:2026:04:17:CHA@ORL,NBA:2026:04:17:CHA-ORL
NBA,2026-04-15,Gui Santos,NBA:gui_santos,,,rebounds,NBA:gui_santos::rebounds::OVER,5.5,118,sportsline,True,NBA:2026:04:15:GSW@LAC,NBA:2026:04:15:GSW-LAC
NBA,2026-04-15,Desmond Bane,NBA:desmond_bane,,,pts_reb,NBA:desmond_bane::pts_reb::OVER,23.5,-105,sportsline,True,NBA:2026:04:15:ORL@PHI,NBA:2026:04:15:ORL-PHI
NBA,2026-04-14,Jalen Green,NBA:jalen_green,,,points,NBA:jalen_green::points::OVER,17.5,-119,sportsline,True,NBA:2026:04:14:POR@PHX,NBA:2026:04:14:PHX-POR
NBA,2026-04-14,Tyler Herro,NBA:tyler_herro,,,points,NBA:tyler_herro::points::OVER,21.5,-127,sportsline,True,NBA:2026:04:14:MIA@CHA,NBA:2026:04:14:CHA-MIA
NBA,2026-04-12,Ousmane Dieng,NBA:ousmane_dieng,,,reb_ast,NBA:ousmane_dieng::reb_ast::OVER,12.5,-139,sportsline,True,NBA:2026:04:12:MIL@PHI,NBA:2026:04:12:MIL-PHI
NBA,2026-04-10,Deni Avdija,NBA:deni_avdija,,,rebounds,NBA:deni_avdija::rebounds::OVER,6.5,-148,sportsline,True,NBA:2026:04:10:LAC@POR,NBA:2026:04:10:LAC-POR
NBA,2026-04-10,Paolo Banchero,NBA:paolo_banchero,,,rebounds,NBA:paolo_banchero::rebounds::OVER,8.5,113,sportsline,True,NBA:2026:04:10:ORL@CHI,NBA:2026:04:10:CHI-ORL
NBA,2026-04-25,Cj Mccollum,NBA:cj_mccollum,,,points,NBA:cj_mccollum::points::OVER,19.5,-114,sportsline,True,NBA:2026:04:25:NYK@ATL,NBA:2026:04:25:ATL-NYK
NBA,2026-04-18,Scottie Barnes,NBA:scottie_barnes,,,pts_reb_ast,NBA:scottie_barnes::pts_reb_ast::OVER,30.5,-127,sportsline,True,NBA:2026:04:18:TOR@CLE,NBA:2026:04:18:CLE-TOR
NBA,2026-04-15,Andre Drummond,NBA:andre_drummond,,,pts_reb_ast,NBA:andre_drummond::pts_reb_ast::OVER,18.5,-120,sportsline,True,NBA:2026:04:15:ORL@PHI,NBA:2026:04:15:ORL-PHI
NBA,2026-04-14,Devin Booker,NBA:devin_booker,,,points,NBA:devin_booker::points::OVER,25.5,-127,sportsline,True,NBA:2026:04:14:POR@PHX,NBA:2026:04:14:PHX-POR
NBA,2026-04-27,Tobias Harris,NBA:tobias_harris,,,points,NBA:tobias_harris::points::OVER,15.5,-119,sportsline,True,NBA:2026:04:27:DET@ORL,NBA:2026:04:27:DET-ORL
NBA,2026-04-27,Dillon Brooks,NBA:dillon_brooks,,,points,NBA:dillon_brooks::points::OVER,18.5,-111,sportsline,True,NBA:2026:04:27:OKC@PHX,NBA:2026:04:27:OKC-PHX
NBA,2026-04-26,Jabari Smith,NBA:jabari_smith,,,points,NBA:jabari_smith::points::OVER,15.5,-112,sportsline,True,NBA:2026:04:26:LAL@HOU,NBA:2026:04:26:HOU-LAL
NBA,2026-04-26,Scoot Henderson,NBA:scoot_henderson,,,points,NBA:scoot_henderson::points::OVER,14.5,-125,sportsline,True,NBA:2026:04:26:SAS@POR,NBA:2026:04:26:POR-SAS
NBA,2026-04-25,Og Anunoby,NBA:og_anunoby,,,pts_reb,NBA:og_anunoby::pts_reb::OVER,21.5,-125,sportsline,True,NBA:2026:04:25:NYK@ATL,NBA:2026:04:25:ATL-NYK
NBA,2026-04-25,Cj Mccollum,NBA:cj_mccollum,,,points,NBA:cj_mccollum::points::OVER,19.5,-114,sportsline,True,NBA:2026:04:25:NYK@ATL,NBA:2026:04:25:ATL-NYK
NBA,2026-04-24,Scoot Henderson,NBA:scoot_henderson,,,points,NBA:scoot_henderson::points::OVER,13.5,-112,sportsline,True,NBA:2026:04:24:SAS@POR,NBA:2026:04:24:POR-SAS
NBA,2026-04-24,Jaylen Brown,NBA:jaylen_brown,,,points,NBA:jaylen_brown::points::OVER,25.5,-121,sportsline,True,NBA:2026:04:24:BOS@PHI,NBA:2026:04:24:BOS-PHI
NBA,2026-04-23,Cameron Johnson,NBA:cameron_johnson,,,points,NBA:cameron_johnson::points::OVER,11.5,-115,sportsline,True,NBA:2026:04:23:DEN@MIN,NBA:2026:04:23:DEN-MIN
NBA,2026-04-23,Brandon Ingram,NBA:brandon_ingram,,,points,NBA:brandon_ingram::points::OVER,19.5,-121,sportsline,True,NBA:2026:04:23:CLE@TOR,NBA:2026:04:23:CLE-TOR
NBA,2026-04-23,Cj Mccollum,NBA:cj_mccollum,,,points,NBA:cj_mccollum::points::OVER,18.5,-125,sportsline,True,NBA:2026:04:23:NYK@ATL,NBA:2026:04:23:ATL-NYK
NBA,2026-04-22,Franz Wagner,NBA:franz_wagner,,,points,NBA:franz_wagner::points::OVER,17.5,-122,sportsline,True,NBA:2026:04:22:ORL@DET,NBA:2026:04:22:DET-ORL
NBA,2026-04-21,Alperen Sengun,NBA:alperen_sengun,,,assists,NBA:alperen_sengun::assists::OVER,5.5,-114,sportsline,True,NBA:2026:04:21:HOU@LAL,NBA:2026:04:21:HOU-LAL
NBA,2026-04-21,Stephon Castle,NBA:stephon_castle,,,assists,NBA:stephon_castle::assists::OVER,6.5,-135,sportsline,True,NBA:2026:04:21:POR@SAS,NBA:2026:04:21:POR-SAS
NBA,2026-04-20,Cameron Johnson,NBA:cameron_johnson,,,points,NBA:cameron_johnson::points::OVER,11.5,-110,sportsline,True,NBA:2026:04:20:MIN@DEN,NBA:2026:04:20:DEN-MIN
NBA,2026-04-20,Dyson Daniels,NBA:dyson_daniels,,,reb_ast,NBA:dyson_daniels::reb_ast::OVER,12.5,-120,sportsline,True,NBA:2026:04:20:ATL@NYK,NBA:2026:04:20:ATL-NYK
NBA,2026-04-20,Cj Mccollum,NBA:cj_mccollum,,,points,NBA:cj_mccollum::points::OVER,17.5,-115,sportsline,True,NBA:2026:04:20:ATL@NYK,NBA:2026:04:20:ATL-NYK
NBA,2026-04-19,Harrison Barnes,NBA:harrison_barnes,,,points,NBA:harrison_barnes::points::OVER,4.5,-110,sportsline,True,NBA:2026:04:19:POR@SAS,NBA:2026:04:19:POR-SAS
NBA,2026-04-19,Jaylen Brown,NBA:jaylen_brown,,,points,NBA:jaylen_brown::points::OVER,25.5,-105,sportsline,True,NBA:2026:04:19:PHI@BOS,NBA:2026:04:19:BOS-PHI
NBA,2026-04-18,Amen Thompson,NBA:amen_thompson,,,rebounds,NBA:amen_thompson::rebounds::OVER,7.5,-130,sportsline,True,NBA:2026:04:18:HOU@LAL,NBA:2026:04:18:HOU-LAL
NBA,2026-04-18,Nickeil Alexander Walker,NBA:nickeil_alexander_walker,,,points,NBA:nickeil_alexander_walker::points::OVER,20.5,-123,sportsline,True,NBA:2026:04:18:ATL@NYK,NBA:2026:04:18:ATL-NYK
NBA,2026-04-18,Ayo Dosunmu,NBA:ayo_dosunmu,,,points,NBA:ayo_dosunmu::points::OVER,10.5,-118,sportsline,True,NBA:2026:04:18:MIN@DEN,NBA:2026:04:18:DEN-MIN
NBA,2026-04-17,Gui Santos,NBA:gui_santos,,,points,NBA:gui_santos::points::OVER,12.5,-119,sportsline,True,NBA:2026:04:17:GSW@PHX,NBA:2026:04:17:GSW-PHX
NBA,2026-04-17,Desmond Bane,NBA:desmond_bane,,,points,NBA:desmond_bane::points::OVER,19.5,-120,sportsline,True,NBA:2026:04:17:CHA@ORL,NBA:2026:04:17:CHA-ORL
NBA,2026-04-15,Draymond Green,NBA:draymond_green,,,assists,NBA:draymond_green::assists::OVER,5.5,-143,sportsline,True,NBA:2026:04:15:GSW@LAC,NBA:2026:04:15:GSW-LAC
NBA,2026-04-15,Paolo Banchero,NBA:paolo_banchero,,,points,NBA:paolo_banchero::points::OVER,22.5,-120,sportsline,True,NBA:2026:04:15:ORL@PHI,NBA:2026:04:15:ORL-PHI
NBA,2026-04-14,Coby White,NBA:coby_white,,,points,NBA:coby_white::points::OVER,12.5,-129,sportsline,True,NBA:2026:04:14:MIA@CHA,NBA:2026:04:14:CHA-MIA
NBA,2026-04-14,Brandon Miller,NBA:brandon_miller,,,points,NBA:brandon_miller::points::OVER,19.5,-130,sportsline,True,NBA:2026:04:14:MIA@CHA,NBA:2026:04:14:CHA-MIA
NBA,2026-04-12,Goga Bitadze,NBA:goga_bitadze,,,pts_reb_ast,NBA:goga_bitadze::pts_reb_ast::OVER,13.5,-120,sportsline,True,NBA:2026:04:12:ORL@BOS,NBA:2026:04:12:BOS-ORL
NBA,2026-04-10,Baylor Scheierman,NBA:baylor_scheierman,,,pts_reb,NBA:baylor_scheierman::pts_reb::OVER,14.5,-125,sportsline,True,NBA:2026:04:10:NOP@BOS,NBA:2026:04:10:BOS-NOP
NBA,2026-04-10,Evan Mobley,NBA:evan_mobley,,,pts_reb,NBA:evan_mobley::pts_reb::OVER,25.5,-128,sportsline,True,NBA:2026:04:10:CLE@ATL,NBA:2026:04:10:ATL-CLE
NBA,2026-04-27,Jalen Duren,NBA:jalen_duren,,,pts_reb_ast,NBA:jalen_duren::pts_reb_ast::UNDER,28.5,-117,sportsline,True,NBA:2026:04:27:DET@ORL,NBA:2026:04:27:DET-ORL
NBA,2026-04-26,Luke Kennard,NBA:luke_kennard,,,pts_reb_ast,NBA:luke_kennard::pts_reb_ast::OVER,23.5,100,sportsline,True,NBA:2026:04:26:LAL@HOU,NBA:2026:04:26:HOU-LAL
NBA,2026-04-26,Jabari Smith,NBA:jabari_smith,,,points,NBA:jabari_smith::points::OVER,17.5,102,sportsline,True,NBA:2026:04:26:LAL@HOU,NBA:2026:04:26:HOU-LAL
NBA,2026-04-26,Vj Edgecombe,NBA:vj_edgecombe,,,rebounds,NBA:vj_edgecombe::rebounds::OVER,5.5,-127,sportsline,True,NBA:2026:04:26:BOS@PHI,NBA:2026:04:26:BOS-PHI
NBA,2026-04-26,Keldon Johnson,NBA:keldon_johnson,,,rebounds,NBA:keldon_johnson::rebounds::OVER,3.5,-140,sportsline,True,NBA:2026:04:26:SAS@POR,NBA:2026:04:26:POR-SAS
NBA,2026-04-26,Scoot Henderson,NBA:scoot_henderson,,,points,NBA:scoot_henderson::points::OVER,14.5,-116,sportsline,True,NBA:2026:04:26:SAS@POR,NBA:2026:04:26:POR-SAS
NBA,2026-04-26,Collin Murray Boyles,NBA:collin_murray_boyles,,,points,NBA:collin_murray_boyles::points::OVER,10.5,-125,sportsline,True,NBA:2026:04:26:CLE@TOR,NBA:2026:04:26:CLE-TOR
NBA,2026-04-25,Anthony Edwards,NBA:anthony_edwards,,,rebounds,NBA:anthony_edwards::rebounds::OVER,5.5,-112,sportsline,True,NBA:2026:04:25:DEN@MIN,NBA:2026:04:25:DEN-MIN
NBA,2026-04-25,Donte Divincenzo,NBA:donte_divincenzo,,,points,NBA:donte_divincenzo::points::OVER,10.5,-115,sportsline,True,NBA:2026:04:25:DEN@MIN,NBA:2026:04:25:DEN-MIN
NBA,2026-04-25,Og Anunoby,NBA:og_anunoby,,,rebounds,NBA:og_anunoby::rebounds::OVER,5.5,-108,sportsline,True,NBA:2026:04:25:NYK@ATL,NBA:2026:04:25:ATL-NYK
NBA,2026-04-25,Jalen Duren,NBA:jalen_duren,,,pts_reb_ast,NBA:jalen_duren::pts_reb_ast::UNDER,28.5,-110,sportsline,True,NBA:2026:04:25:DET@ORL,NBA:2026:04:25:DET-ORL
NBA,2026-04-24,Keldon Johnson,NBA:keldon_johnson,,,rebounds,NBA:keldon_johnson::rebounds::OVER,4.5,-113,sportsline,True,NBA:2026:04:24:SAS@POR,NBA:2026:04:24:POR-SAS
NBA,2026-04-24,Scoot Henderson,NBA:scoot_henderson,,,points,NBA:scoot_henderson::points::OVER,13.5,-124,sportsline,True,NBA:2026:04:24:SAS@POR,NBA:2026:04:24:POR-SAS
NBA,2026-04-24,Jabari Smith,NBA:jabari_smith,,,pts_reb,NBA:jabari_smith::pts_reb::OVER,21.5,-123,sportsline,True,NBA:2026:04:24:LAL@HOU,NBA:2026:04:24:HOU-LAL
NBA,2026-04-24,Jayson Tatum,NBA:jayson_tatum,,,reb_ast,NBA:jayson_tatum::reb_ast::OVER,16.5,104,sportsline,True,NBA:2026:04:24:BOS@PHI,NBA:2026:04:24:BOS-PHI
NBA,2026-04-23,Anthony Edwards,NBA:anthony_edwards,,,rebounds,NBA:anthony_edwards::rebounds::OVER,5.5,-122,sportsline,True,NBA:2026:04:23:DEN@MIN,NBA:2026:04:23:DEN-MIN
NBA,2026-04-23,Sandro Mamukelashvili,NBA:sandro_mamukelashvili,,,rebounds,NBA:sandro_mamukelashvili::rebounds::OVER,4.5,-141,sportsline,True,NBA:2026:04:23:CLE@TOR,NBA:2026:04:23:CLE-TOR
NBA,2026-04-23,Josh Hart,NBA:josh_hart,,,pts_reb_ast,NBA:josh_hart::pts_reb_ast::OVER,24.5,-113,sportsline,True,NBA:2026:04:23:NYK@ATL,NBA:2026:04:23:ATL-NYK
NBA,2026-04-22,Jalen Williams,NBA:jalen_williams,,,reb_ast,NBA:jalen_williams::reb_ast::OVER,9.5,-132,sportsline,True,NBA:2026:04:22:PHX@OKC,NBA:2026:04:22:OKC-PHX
NBA,2026-04-22,Jalen Duren,NBA:jalen_duren,,,pts_ast,NBA:jalen_duren::pts_ast::UNDER,20.5,-108,sportsline,True,NBA:2026:04:22:ORL@DET,NBA:2026:04:22:DET-ORL
NBA,2026-04-22,Cade Cunningham,NBA:cade_cunningham,,,points,NBA:cade_cunningham::points::OVER,28.5,-118,sportsline,True,NBA:2026:04:22:ORL@DET,NBA:2026:04:22:DET-ORL
NBA,2026-04-21,Jabari Smith,NBA:jabari_smith,,,pts_reb,NBA:jabari_smith::pts_reb::OVER,20.5,-125,sportsline,True,NBA:2026:04:21:HOU@LAL,NBA:2026:04:21:HOU-LAL
NBA,2026-04-21,Deni Avdija,NBA:deni_avdija,,,points,NBA:deni_avdija::points::OVER,23.5,-114,sportsline,True,NBA:2026:04:21:POR@SAS,NBA:2026:04:21:POR-SAS
NBA,2026-04-21,Jayson Tatum,NBA:jayson_tatum,,,rebounds,NBA:jayson_tatum::rebounds::OVER,9.5,-120,sportsline,True,NBA:2026:04:21:PHI@BOS,NBA:2026:04:21:BOS-PHI
NBA,2026-04-21,Neemias Queta,NBA:neemias_queta,,,points,NBA:neemias_queta::points::OVER,9.5,-130,sportsline,True,NBA:2026:04:21:PHI@BOS,NBA:2026:04:21:BOS-PHI
NBA,2026-04-20,Anthony Edwards,NBA:anthony_edwards,,,rebounds,NBA:anthony_edwards::rebounds::OVER,5.5,128,sportsline,True,NBA:2026:04:20:MIN@DEN,NBA:2026:04:20:DEN-MIN
NBA,2026-04-20,Nikola Jokic,NBA:nikola_jokic,,,assists,NBA:nikola_jokic::assists::OVER,10.5,112,sportsline,True,NBA:2026:04:20:MIN@DEN,NBA:2026:04:20:DEN-MIN
NBA,2026-04-20,Jonathan Kuminga,NBA:jonathan_kuminga,,,pts_reb,NBA:jonathan_kuminga::pts_reb::UNDER,16.5,-120,sportsline,True,NBA:2026:04:20:ATL@NYK,NBA:2026:04:20:ATL-NYK
NBA,2026-04-20,Josh Hart,NBA:josh_hart,,,pts_reb_ast,NBA:josh_hart::pts_reb_ast::OVER,22.5,-125,sportsline,True,NBA:2026:04:20:ATL@NYK,NBA:2026:04:20:ATL-NYK
NBA,2026-04-20,Scottie Barnes,NBA:scottie_barnes,,,points,NBA:scottie_barnes::points::UNDER,18.5,-108,sportsline,True,NBA:2026:04:20:TOR@CLE,NBA:2026:04:20:CLE-TOR
NBA,2026-04-19,Dylan Harper,NBA:dylan_harper,,,points,NBA:dylan_harper::points::OVER,8.5,-118,sportsline,True,NBA:2026:04:19:POR@SAS,NBA:2026:04:19:POR-SAS
NBA,2026-04-19,Franz Wagner,NBA:franz_wagner,,,pts_reb_ast,NBA:franz_wagner::pts_reb_ast::UNDER,25.5,-115,sportsline,True,NBA:2026:04:19:ORL@DET,NBA:2026:04:19:DET-ORL
NBA,2026-04-19,Devin Booker,NBA:devin_booker,,,pts_ast,NBA:devin_booker::pts_ast::UNDER,29.5,-122,sportsline,True,NBA:2026:04:19:PHX@OKC,NBA:2026:04:19:OKC-PHX
NBA,2026-04-19,Jayson Tatum,NBA:jayson_tatum,,,rebounds,NBA:jayson_tatum::rebounds::OVER,9.5,100,sportsline,True,NBA:2026:04:19:PHI@BOS,NBA:2026:04:19:BOS-PHI
NBA,2026-04-18,Mitchell Robinson,NBA:mitchell_robinson,,,pts_reb,NBA:mitchell_robinson::pts_reb::OVER,13.5,-114,sportsline,True,NBA:2026:04:18:ATL@NYK,NBA:2026:04:18:ATL-NYK
NBA,2026-04-18,Scottie Barnes,NBA:scottie_barnes,,,pts_ast,NBA:scottie_barnes::pts_ast::UNDER,24.5,-121,sportsline,True,NBA:2026:04:18:TOR@CLE,NBA:2026:04:18:CLE-TOR
NBA,2026-04-17,De Anthony Melton,NBA:de_anthony_melton,,,pts_ast,NBA:de_anthony_melton::pts_ast::UNDER,12.5,-115,sportsline,True,NBA:2026:04:17:GSW@PHX,NBA:2026:04:17:GSW-PHX
NBA,2026-04-17,Jalen Green,NBA:jalen_green,,,points,NBA:jalen_green::points::OVER,18.5,-112,sportsline,True,NBA:2026:04:17:GSW@PHX,NBA:2026:04:17:GSW-PHX
NBA,2026-04-17,Kon Knueppel,NBA:kon_knueppel,,,pts_ast,NBA:kon_knueppel::pts_ast::UNDER,19.5,-111,sportsline,True,NBA:2026:04:17:CHA@ORL,NBA:2026:04:17:CHA-ORL
NBA,2026-04-15,Paolo Banchero,NBA:paolo_banchero,,,assists,NBA:paolo_banchero::assists::OVER,4.5,-133,sportsline,True,NBA:2026:04:15:ORL@PHI,NBA:2026:04:15:ORL-PHI
NBA,2026-04-14,Dillon Brooks,NBA:dillon_brooks,,,pts_reb_ast,NBA:dillon_brooks::pts_reb_ast::UNDER,24.5,-106,sportsline,True,NBA:2026:04:14:POR@PHX,NBA:2026:04:14:PHX-POR
NBA,2026-04-14,Miles Bridges,NBA:miles_bridges,,,pts_ast,NBA:miles_bridges::pts_ast::UNDER,18.5,-125,sportsline,True,NBA:2026:04:14:MIA@CHA,NBA:2026:04:14:CHA-MIA
NBA,2026-04-10,Scoot Henderson,NBA:scoot_henderson,,,pts_ast,NBA:scoot_henderson::pts_ast::UNDER,18.5,-121,sportsline,True,NBA:2026:04:10:LAC@POR,NBA:2026:04:10:LAC-POR
NBA,2026-04-10,Scottie Barnes,NBA:scottie_barnes,,,pts_reb_ast,NBA:scottie_barnes::pts_reb_ast::UNDER,31.5,-130,sportsline,True,NBA:2026:04:10:TOR@NYK,NBA:2026:04:10:NYK-TOR
NBA,2026-04-27,Julius Randle,NBA:julius_randle,,,points,NBA:julius_randle::points::OVER,21.5,-105,sportsline,True,NBA:2026:04:27:MIN@DEN,NBA:2026:04:27:DEN-MIN
NBA,2026-04-26,Deandre Ayton,NBA:deandre_ayton,,,points,NBA:deandre_ayton::points::OVER,10.5,102,sportsline,True,NBA:2026:04:26:LAL@HOU,NBA:2026:04:26:HOU-LAL
NBA,2026-04-25,Karl Anthony Towns,NBA:karl_anthony_towns,,,points,NBA:karl_anthony_towns::points::OVER,20.5,-108,sportsline,True,NBA:2026:04:25:NYK@ATL,NBA:2026:04:25:ATL-NYK
NBA,2026-04-24,Julian Champagnie,NBA:julian_champagnie,,,points,NBA:julian_champagnie::points::OVER,8.5,-130,sportsline,True,NBA:2026:04:24:SAS@POR,NBA:2026:04:24:POR-SAS
NBA,2026-04-24,Tari Eason,NBA:tari_eason,,,points,NBA:tari_eason::points::OVER,9.5,-122,sportsline,True,NBA:2026:04:24:LAL@HOU,NBA:2026:04:24:HOU-LAL
NBA,2026-04-24,Amen Thompson,NBA:amen_thompson,,,points,NBA:amen_thompson::points::OVER,18.5,-115,sportsline,True,NBA:2026:04:24:LAL@HOU,NBA:2026:04:24:HOU-LAL
NBA,2026-04-22,Oso Ighodaro,NBA:oso_ighodaro,,,points,NBA:oso_ighodaro::points::OVER,5.5,-125,sportsline,True,NBA:2026:04:22:PHX@OKC,NBA:2026:04:22:OKC-PHX
NBA,2026-04-21,Dylan Harper,NBA:dylan_harper,,,points,NBA:dylan_harper::points::OVER,9.5,101,sportsline,True,NBA:2026:04:21:POR@SAS,NBA:2026:04:21:POR-SAS
NBA,2026-04-20,Scottie Barnes,NBA:scottie_barnes,,,points,NBA:scottie_barnes::points::OVER,17.5,-121,sportsline,True,NBA:2026:04:20:TOR@CLE,NBA:2026:04:20:CLE-TOR
NBA,2026-04-19,Shaedon Sharpe,NBA:shaedon_sharpe,,,points,NBA:shaedon_sharpe::points::OVER,10.5,-110,sportsline,True,NBA:2026:04:19:POR@SAS,NBA:2026:04:19:POR-SAS
NBA,2026-04-18,Ayo Dosunmu,NBA:ayo_dosunmu,,,points,NBA:ayo_dosunmu::points::OVER,11.5,-104,sportsline,True,NBA:2026:04:18:MIN@DEN,NBA:2026:04:18:DEN-MIN
NBA,2026-04-17,Gui Santos,NBA:gui_santos,,,points,NBA:gui_santos::points::OVER,12.5,-108,sportsline,True,NBA:2026:04:17:GSW@PHX,NBA:2026:04:17:GSW-PHX
NBA,2026-04-17,Royce O Neale,NBA:royce_o_neale,,,points,NBA:royce_o_neale::points::OVER,6.5,-108,sportsline,True,NBA:2026:04:17:GSW@PHX,NBA:2026:04:17:GSW-PHX
