sport,pattern_id,sources_combo,market_type,direction,stat_type,n,wins,losses,pushes,win_rate,wilson_lower,units,roi,avg_odds,roi_eligible_count,confidence_bucket,recommendation
NBA,NBA|betql|player_prop,betql,player_prop,OVER,,16088,7949,8130,9,0.4944,0.4866,-1024.48,-0.0647,-51.1,15513,strong,needs_more_sample
NBA,NBA|action|player_prop,action,player_prop,OVER,,5673,2864,2800,9,0.5056,0.4926,-2543.17,-0.8238,-62.0,504,strong,needs_more_sample
NBA,NBA|bettingpros_experts|player_prop,bettingpros_experts,player_prop,UNDER,,5066,3004,1924,138,0.6096,0.5959,-67.24,-0.0138,-16607.1,33,strong,keep
MLB,MLB|action|moneyline,action,moneyline,team,,2735,1368,1367,0,0.5002,0.4815,-1363.19,-0.995,107.5,6,strong,needs_more_sample
MLB,MLB|action|total,action,total,over,,2151,1068,1008,75,0.5145,0.4929,-1006.14,-0.9273,-57.0,4,strong,needs_more_sample
NBA,NBA|oddstrader|player_prop,oddstrader,player_prop,OVER,,1960,1013,947,0,0.5168,0.4947,-157.18,-0.0832,-109.5,1820,strong,needs_more_sample
NBA,NBA|sportsline|player_prop,sportsline,player_prop,OVER,,1900,1016,884,0,0.5347,0.5123,-32.64,-0.0173,-105.6,114,strong,promote_candidate
NBA,NBA|action|spread,action,spread,,,1375,728,641,6,0.5318,0.5053,-326.79,-0.3314,-102.8,635,strong,promote_candidate
MLB,MLB|sportsline|moneyline,sportsline,moneyline,Pittsburgh,,1087,562,525,0,0.517,0.4873,-89.54,-0.0824,-89.0,0,strong,needs_more_sample
NBA,NBA|action|total,action,total,UNDER,,1059,576,479,4,0.546,0.5158,-251.94,-0.3456,-102.2,456,strong,promote_candidate
NBA,NBA|action|betql|player_prop,action|betql,player_prop,OVER,,961,494,452,15,0.5222,0.4903,-207.58,-0.2817,-80.8,532,strong,needs_more_sample
MLB,MLB|action|spread,action,spread,team,,887,403,467,17,0.4632,0.4303,-466.34,-0.9635,108.3,3,strong,investigate_data_quality
NBA,NBA|betql|total,betql,total,OVER,,803,357,436,10,0.4502,0.4159,-436.0,-0.9776,,0,strong,demote_candidate
NBA,NBA|covers|player_prop,covers,player_prop,OVER,,578,287,291,0,0.4965,0.4559,-61.23,-0.1132,-50.0,498,strong,investigate_data_quality
NBA,NBA|bettingpros_experts|moneyline,bettingpros_experts,moneyline,,,523,321,197,5,0.6197,0.5771,6.76,0.0131,-194.1,0,strong,keep
NBA,NBA|bettingpros_props|player_prop,bettingpros_props,player_prop,UNDER,,508,243,264,1,0.4793,0.4361,-44.88,-0.0884,-83.4,508,strong,investigate_data_quality
NBA,NBA|action|dimers|spread,action|dimers,spread,,,504,239,255,10,0.4838,0.44,-123.86,-0.3058,-83.6,143,strong,investigate_data_quality
NBA,NBA|bettingpros_experts|spread,bettingpros_experts,spread,HOU,,493,256,234,3,0.5224,0.4782,-14.79,-0.031,-81.5,2,strong,needs_more_sample
NBA,NBA|action|moneyline,action,moneyline,,,482,231,250,1,0.4802,0.4359,-123.61,-0.3424,69.4,213,strong,investigate_data_quality
NBA,NBA|betql|spread,betql,spread,TOR,,465,234,225,6,0.5098,0.4642,-218.14,-0.9243,-4.9,8,strong,needs_more_sample
NBA,NBA|dimers|player_prop,dimers,player_prop,OVER,,422,158,264,0,0.3744,0.3296,-32.47,-0.0769,140.2,422,strong,demote_candidate
NBA,NBA|action|sportsline|spread,action|sportsline,spread,,,408,215,187,6,0.5348,0.486,-115.08,-0.4246,-99.4,105,strong,needs_more_sample
NBA,NBA|bettingpros_experts|total,bettingpros_experts,total,UNDER,,383,220,163,0,0.5744,0.5244,16.8,0.0465,-87.0,1,strong,keep
NBA,NBA|oddstrader|spread,oddstrader,spread,PHI,,366,182,179,5,0.5042,0.4528,-150.91,-0.6829,-108.3,61,strong,investigate_data_quality
NBA,NBA|oddstrader|moneyline,oddstrader,moneyline,IND,,309,144,165,0,0.466,0.4112,-166.83,-1.005,-77.5,0,strong,demote_candidate
NBA,NBA|sportsline|spread,sportsline,spread,DAL,,307,158,144,5,0.5232,0.4669,-31.69,-0.1161,-110.5,1,strong,needs_more_sample
NBA,NBA|dimers|moneyline,dimers,moneyline,team,,248,100,148,0,0.4032,0.3441,-13.22,-0.054,190.9,56,strong,demote_candidate
NBA,NBA|sportsline|moneyline,sportsline,moneyline,AWAY,,232,133,99,0,0.5733,0.5089,-11.66,-0.0512,-138.7,1,strong,promote_candidate
NBA,NBA|juicereel_sxebets|player_prop,juicereel_sxebets,player_prop,OVER,,221,106,112,3,0.4862,0.4207,-27.43,-0.1515,79.5,83,strong,investigate_data_quality
NBA,NBA|oddstrader|total,oddstrader,total,under,,193,94,97,2,0.4921,0.4221,-90.83,-0.8569,-108.7,20,strong,investigate_data_quality
NBA,NBA|action|betql|spread,action|betql,spread,ORL,,189,87,102,0,0.4603,0.3908,-65.8,-0.4874,-90.0,66,strong,demote_candidate
MLB,MLB|action|sportsline|total,action|sportsline,total,UNDER,,188,85,93,10,0.4775,0.4054,-52.98,-0.3604,-80.5,0,strong,demote_candidate
MLB,MLB|sportsline|spread,sportsline,spread,N.Y. Yankees,,177,99,73,5,0.5756,0.5009,6.03,0.0341,-83.5,0,strong,promote_candidate
NBA,NBA|action|betql|total,action|betql,total,UNDER,,165,63,102,0,0.3818,0.3112,-92.23,-0.8162,-110.8,24,strong,demote_candidate
NBA,NBA|dimers|spread,dimers,spread,team,,158,88,70,0,0.557,0.4791,11.92,0.0769,-68.3,22,strong,needs_more_sample
NBA,NBA|betql|covers|player_prop,betql|covers,player_prop,OVER,,145,73,69,3,0.5141,0.4326,0.76,0.0052,-35.3,144,actionable,investigate_data_quality
NBA,NBA|action|dimers|moneyline,action|dimers,moneyline,,,139,65,74,0,0.4676,0.3867,-41.68,-0.3789,-58.4,40,actionable,demote_candidate
NBA,NBA|juicereel_nukethebooks|player_prop,juicereel_nukethebooks,player_prop,OVER,,126,74,52,0,0.5873,0.5,-23.08,-0.2715,-94.3,37,actionable,needs_more_sample
NBA,NBA|action|dimers|total,action|dimers,total,UNDER,,101,47,54,0,0.4653,0.3711,-35.62,-0.4879,-73.7,24,actionable,demote_candidate
NBA,NBA|dimers|total,dimers,total,UNDER,,101,46,55,0,0.4554,0.3617,-7.23,-0.0723,-41.3,16,actionable,demote_candidate
NBA,NBA|betql|oddstrader|player_prop,betql|oddstrader,player_prop,OVER,,97,51,46,0,0.5258,0.4273,-9.83,-0.1156,-55.4,71,actionable,investigate_data_quality
NBA,NBA|action|bettingpros_experts|spread,action|bettingpros_experts,spread,,,90,42,45,3,0.4828,0.3807,-18.15,-0.2298,-116.2,25,actionable,demote_candidate
NBA,NBA|action|dimers|sportsline|spread,action|dimers|sportsline,spread,,,76,54,22,0,0.7105,0.6004,-3.1,-0.0738,-101.2,18,actionable,keep
NBA,NBA|bettingpros_experts|sportsline|player_prop,bettingpros_experts|sportsline,player_prop,OVER,,76,49,27,0,0.6447,0.5326,5.57,0.0774,-195.2,6,actionable,keep
NBA,NBA|action|vegasinsider|spread,action|vegasinsider,spread,,,68,38,30,0,0.5588,0.4408,-6.17,-0.1143,-102.0,46,watchlist,investigate_data_quality
MLB,MLB|sportsline|total,sportsline,total,OVER,,68,33,33,2,0.5,0.3827,-2.81,-0.0414,-76.6,0,watchlist,demote_candidate
NBA,NBA|action|bettingpros_experts|total,action|bettingpros_experts,total,over,,61,33,28,0,0.541,0.4172,-10.83,-0.2355,-82.1,11,watchlist,demote_candidate
NBA,NBA|action|oddstrader|spread,action|oddstrader,spread,,,61,32,29,0,0.5246,0.4016,-18.85,-0.4713,-109.4,19,watchlist,demote_candidate
NBA,NBA|action|sportsline|moneyline,action|sportsline,moneyline,,,58,31,27,0,0.5345,0.408,-12.55,-0.2789,-89.9,14,watchlist,demote_candidate
NBA,NBA|action|juicereel_sxebets|player_prop,action|juicereel_sxebets,player_prop,OVER,,52,33,19,0,0.6346,0.4987,-11.62,-0.5054,-19.7,5,watchlist,needs_more_sample
NBA,NBA|action|dimers|oddstrader|spread,action|dimers|oddstrader,spread,,,49,17,32,0,0.3469,0.2292,-25.38,-0.6508,-71.8,13,watchlist,demote_candidate
NBA,NBA|betql|juicereel_sxebets|player_prop,betql|juicereel_sxebets,player_prop,OVER,,45,25,20,0,0.5556,0.4118,-5.58,-0.1801,-1.6,16,watchlist,demote_candidate
NBA,NBA|betql|dimers|total,betql|dimers,total,UNDER,,45,26,19,0,0.5778,0.433,-19.04,-1.0021,-108.0,0,watchlist,needs_more_sample
NBA,NBA|bettingpros_experts|oddstrader|moneyline,bettingpros_experts|oddstrader,moneyline,LAL,,44,30,14,0,0.6818,0.5344,1.26,0.036,-143.1,0,watchlist,needs_more_sample
NBA,NBA|action|covers|player_prop,action|covers,player_prop,OVER,,44,25,18,1,0.5814,0.4333,-1.67,-0.0463,-64.7,30,watchlist,needs_more_sample
NBA,NBA|action|dimers|sportsline|moneyline,action|dimers|sportsline,moneyline,,,38,10,28,0,0.2632,0.1497,-25.66,-0.7775,-129.8,7,watchlist,demote_candidate
NBA,NBA|bettingpros_experts|oddstrader|spread,bettingpros_experts|oddstrader,spread,CHA,,34,17,17,0,0.5,0.3407,-3.2,-0.0971,-86.8,4,watchlist,demote_candidate
NBA,NBA|betql|dimers|player_prop,betql|dimers,player_prop,OVER,,32,12,20,0,0.375,0.2293,-7.51,-0.2348,40.1,32,watchlist,demote_candidate
NBA,NBA|action|sportsline|vegasinsider|spread,action|sportsline|vegasinsider,spread,NOP,,32,19,13,0,0.5938,0.4226,-1.96,-0.0784,-110.8,12,watchlist,needs_more_sample
NBA,NBA|bettingpros_experts|oddstrader|total,bettingpros_experts|oddstrader,total,under,,31,12,19,0,0.3871,0.2373,-8.38,-0.2793,-66.7,13,watchlist,demote_candidate
NBA,NBA|action|juicereel_nukethebooks|player_prop,action|juicereel_nukethebooks,player_prop,UNDER,,31,12,19,0,0.3871,0.2373,-16.1,-0.7317,-93.9,5,watchlist,demote_candidate
NBA,NBA|action|bettingpros_experts|dimers|spread,action|bettingpros_experts|dimers,spread,team,,30,8,22,0,0.2667,0.1418,-19.24,-0.7127,-105.3,9,watchlist,demote_candidate
NBA,NBA|action|betql|vegasinsider|spread,action|betql|vegasinsider,spread,CLE,,33,20,10,3,0.6667,0.4878,-0.72,-0.0313,-109.9,17,watchlist,needs_more_sample
NBA,NBA|covers|oddstrader|player_prop,covers|oddstrader,player_prop,UNDER,,30,14,16,0,0.4667,0.3023,-7.91,-0.3166,-46.1,22,watchlist,demote_candidate
NBA,NBA|bettingpros_props|oddstrader|player_prop,bettingpros_props|oddstrader,player_prop,OVER,,30,3,27,0,0.1,0.0346,-25.66,-0.8552,-79.2,30,watchlist,demote_candidate
NBA,NBA|action|oddstrader|moneyline,action|oddstrader,moneyline,,,29,17,12,0,0.5862,0.4074,-7.04,-0.4138,-2.5,6,watchlist,needs_more_sample
NBA,NBA|sportsline|total,sportsline,total,OVER,,28,13,15,0,0.4643,0.2953,-5.01,-0.1928,-110.3,4,watchlist,needs_more_sample
NBA,NBA|covers|spread,covers,spread,team,,26,12,14,0,0.4615,0.2876,-3.75,-0.1787,-83.1,15,watchlist,needs_more_sample
NBA,NBA|action|betql|sportsline|spread,action|betql|sportsline,spread,NYK,,27,14,12,1,0.5385,0.3546,-6.52,-0.3429,-110.0,10,watchlist,needs_more_sample
NBA,NBA|juicereel_nukethebooks|juicereel_sxebets|player_prop,juicereel_nukethebooks|juicereel_sxebets,player_prop,OVER,,27,10,15,2,0.4,0.234,-8.12,-0.3247,-45.2,19,watchlist,needs_more_sample
NBA,NBA|betql|dimers|spread,betql|dimers,spread,IND,,25,8,17,0,0.32,0.172,-14.74,-0.6698,6.8,17,watchlist,needs_more_sample
NBA,NBA|action|betql|dimers|total,action|betql|dimers,total,UNDER,,25,13,11,1,0.5417,0.3507,-9.61,-0.7388,1.2,4,insufficient_sample,needs_more_sample
NBA,NBA|dimers|sportsline|moneyline,dimers|sportsline,moneyline,team,,24,15,9,0,0.625,0.4271,1.35,0.0562,-134.9,3,insufficient_sample,needs_more_sample
NBA,NBA|action|bettingpros_props|player_prop,action|bettingpros_props,player_prop,UNDER,,24,15,9,0,0.625,0.4271,4.23,0.1841,-72.4,23,insufficient_sample,needs_more_sample
NBA,NBA|covers|juicereel_sxebets|player_prop,covers|juicereel_sxebets,player_prop,UNDER,,23,11,12,0,0.4783,0.2924,-5.25,-0.25,32.4,14,insufficient_sample,needs_more_sample
NBA,NBA|covers|sportsline|player_prop,covers|sportsline,player_prop,OVER,,22,14,7,1,0.6667,0.4537,6.56,0.2982,-33.3,16,insufficient_sample,needs_more_sample
NBA,NBA|bettingpros_props|covers|player_prop,bettingpros_props|covers,player_prop,OVER,,21,16,5,0,0.7619,0.5491,9.56,0.4552,-60.9,21,insufficient_sample,needs_more_sample
NBA,NBA|action|oddstrader|sportsline|spread,action|oddstrader|sportsline,spread,,,20,8,12,0,0.4,0.2188,-8.54,-0.5338,-111.1,4,insufficient_sample,needs_more_sample
NBA,NBA|covers|dimers|player_prop,covers|dimers,player_prop,OVER,,20,12,8,0,0.6,0.3866,4.7,0.2351,27.8,20,insufficient_sample,needs_more_sample
NBA,NBA|juicereel_sxebets|oddstrader|player_prop,juicereel_sxebets|oddstrader,player_prop,UNDER,,20,13,7,0,0.65,0.4329,2.48,0.1773,313.8,10,insufficient_sample,needs_more_sample
NBA,NBA|action|covers|total,action|covers,total,UNDER,,19,14,5,0,0.7368,0.5121,-2.13,-0.2667,-107.2,4,insufficient_sample,needs_more_sample
NBA,NBA|action|covers|spread,action|covers,spread,team,,19,6,13,0,0.3158,0.1536,-10.32,-0.6453,-79.3,7,insufficient_sample,needs_more_sample
NBA,NBA|action|oddstrader|vegasinsider|spread,action|oddstrader|vegasinsider,spread,LAL,,19,7,12,0,0.3684,0.1915,-6.02,-0.3539,29.3,13,insufficient_sample,needs_more_sample
NBA,NBA|action|betql|bettingpros_experts|spread,action|betql|bettingpros_experts,spread,TOR,,18,10,8,0,0.5556,0.3372,-4.23,-0.3528,-53.3,2,insufficient_sample,needs_more_sample
NBA,NBA|covers|total,covers,total,UNDER,,18,8,10,0,0.4444,0.2456,-4.69,-0.2929,-110.2,14,insufficient_sample,needs_more_sample
NBA,NBA|action|covers|vegasinsider|spread,action|covers|vegasinsider,spread,CHA,,18,10,8,0,0.5556,0.3372,-0.87,-0.0581,-103.8,12,insufficient_sample,needs_more_sample
NBA,NBA|action|sportsline|player_prop,action|sportsline,player_prop,OVER,,18,9,9,0,0.5,0.2903,0.02,0.0011,-18.7,18,insufficient_sample,needs_more_sample
NBA,NBA|bettingpros_experts|sportsline|spread,bettingpros_experts|sportsline,spread,AWAY,,18,7,11,0,0.3889,0.203,-4.85,-0.2694,-88.0,0,insufficient_sample,needs_more_sample
NBA,NBA|bettingpros_props|sportsline|player_prop,bettingpros_props|sportsline,player_prop,OVER,,18,18,0,0,1.0,0.8241,17.22,0.9564,-53.9,18,insufficient_sample,needs_more_sample
NBA,NBA|betql|juicereel_nukethebooks|player_prop,betql|juicereel_nukethebooks,player_prop,OVER,,17,7,10,0,0.4118,0.2161,-5.56,-0.3707,-93.0,11,insufficient_sample,needs_more_sample
NBA,NBA|action|vegasinsider|moneyline,action|vegasinsider,moneyline,NYK,,17,9,8,0,0.5294,0.3096,-2.23,-0.1716,39.6,9,insufficient_sample,needs_more_sample
NBA,NBA|dimers|oddstrader|spread,dimers|oddstrader,spread,PHI,,17,12,5,0,0.7059,0.4687,-0.14,-0.0141,-104.1,6,insufficient_sample,needs_more_sample
NBA,NBA|dimers|oddstrader|total,dimers|oddstrader,total,over,,17,10,7,0,0.5882,0.3601,-1.56,-0.13,-39.8,1,insufficient_sample,needs_more_sample
NBA,NBA|sportsline|team_total,sportsline,team_total,UNDER,,16,10,6,0,0.625,0.3864,3.0,0.1874,-113.4,0,insufficient_sample,needs_more_sample
NBA,NBA|action|betql|dimers|spread,action|betql|dimers,spread,CHI,,15,15,0,0,1.0,0.7961,7.81,0.9765,-79.4,8,insufficient_sample,needs_more_sample
NBA,NBA|action|bettingpros_experts|moneyline,action|bettingpros_experts,moneyline,,,15,4,11,0,0.2667,0.109,-7.91,-0.5648,-3.7,3,insufficient_sample,needs_more_sample
NBA,NBA|covers|moneyline,covers,moneyline,LAC,,15,5,10,0,0.3333,0.1518,-4.77,-0.3404,51.1,13,insufficient_sample,needs_more_sample
NBA,NBA|action|sportsline|total,action|sportsline,total,over,,15,5,10,0,0.3333,0.1518,-8.35,-0.696,-110.7,6,insufficient_sample,needs_more_sample
NBA,NBA|dimers|vegasinsider|spread,dimers|vegasinsider,spread,,,15,5,10,0,0.3333,0.1518,-6.38,-0.4556,-60.2,11,insufficient_sample,needs_more_sample
NBA,NBA|action|betql|dimers|vegasinsider|spread,action|betql|dimers|vegasinsider,spread,BKN,,16,8,7,1,0.5333,0.3012,-3.28,-0.2729,-85.6,8,insufficient_sample,needs_more_sample
NBA,NBA|action|vegasinsider|total,action|vegasinsider,total,UNDER,,15,11,3,1,0.7857,0.5241,-1.14,-0.19,-110.0,3,insufficient_sample,needs_more_sample
NBA,NBA|action|dimers|vegasinsider|spread,action|dimers|vegasinsider,spread,,,14,8,6,0,0.5714,0.3259,-2.08,-0.2085,-57.1,8,insufficient_sample,needs_more_sample
NBA,NBA|betql|covers|oddstrader|player_prop,betql|covers|oddstrader,player_prop,UNDER,,14,6,8,0,0.4286,0.2138,-3.49,-0.2688,-77.5,13,insufficient_sample,needs_more_sample
NBA,NBA|vegasinsider|total,vegasinsider,total,UNDER,,14,8,6,0,0.5714,0.3259,0.51,0.0392,-111.2,10,insufficient_sample,needs_more_sample
NBA,NBA|dimers|oddstrader|moneyline,dimers|oddstrader,moneyline,team,,13,5,8,0,0.3846,0.1771,-4.83,-0.4832,193.3,5,insufficient_sample,needs_more_sample
NBA,NBA|vegasinsider|spread,vegasinsider,spread,,,13,7,6,0,0.5385,0.2914,0.37,0.0284,-110.2,13,insufficient_sample,needs_more_sample
NBA,NBA|action|betql|bettingpros_experts|total,action|betql|bettingpros_experts,total,UNDER,,12,6,6,0,0.5,0.2538,-6.3,-1.05,-137.5,1,insufficient_sample,needs_more_sample
NBA,NBA|sportsline|vegasinsider|spread,sportsline|vegasinsider,spread,LAC,,12,12,0,0,1.0,0.7575,9.44,0.9444,-111.9,8,insufficient_sample,needs_more_sample
NBA,NBA|vegasinsider|player_prop,vegasinsider,player_prop,OVER,,12,4,8,0,0.3333,0.1381,-3.65,-0.3041,-29.8,12,insufficient_sample,needs_more_sample
NBA,NBA|bettingpros_experts|dimers|oddstrader|spread,bettingpros_experts|dimers|oddstrader,spread,team,,12,2,10,0,0.1667,0.047,-9.23,-0.839,-49.8,7,insufficient_sample,needs_more_sample
NBA,NBA|dimers|sportsline|spread,dimers|sportsline,spread,SAC,,13,5,7,1,0.4167,0.1933,-3.33,-0.2777,-83.8,2,insufficient_sample,needs_more_sample
NBA,NBA|action|bettingpros_experts|dimers|moneyline,action|bettingpros_experts|dimers,moneyline,,,11,8,3,0,0.7273,0.4343,0.94,0.1171,-149.3,3,insufficient_sample,needs_more_sample
NBA,NBA|action|oddstrader|total,action|oddstrader,total,over,,11,5,6,0,0.4545,0.2127,-4.14,-0.5175,-108.0,4,insufficient_sample,needs_more_sample
NBA,NBA|betql|bettingpros_experts|total,betql|bettingpros_experts,total,UNDER,,11,7,4,0,0.6364,0.3538,-3.07,-0.5117,-500057.5,0,insufficient_sample,needs_more_sample
NBA,NBA|action|bettingpros_experts|vegasinsider|spread,action|bettingpros_experts|vegasinsider,spread,ORL,,11,9,2,0,0.8182,0.523,4.33,0.4807,-120.9,5,insufficient_sample,needs_more_sample
NBA,NBA|bettingpros_experts|dimers|moneyline,bettingpros_experts|dimers,moneyline,team,,10,7,3,0,0.7,0.3968,4.2,0.4198,106.0,3,insufficient_sample,needs_more_sample
NBA,NBA|oddstrader|sportsline|spread,oddstrader|sportsline,spread,SAS,,10,7,3,0,0.7,0.3968,-0.19,-0.0323,-110.5,1,insufficient_sample,needs_more_sample
NBA,NBA|covers|dimers|spread,covers|dimers,spread,MIN,,10,7,3,0,0.7,0.3968,1.81,0.201,-96.8,8,insufficient_sample,needs_more_sample
NBA,NBA|betql|vegasinsider|spread,betql|vegasinsider,spread,,,10,3,7,0,0.3,0.1078,-6.22,-0.7776,-109.2,5,insufficient_sample,needs_more_sample
NBA,NBA|betql|covers|juicereel_sxebets|player_prop,betql|covers|juicereel_sxebets,player_prop,UNDER,,10,8,2,0,0.8,0.4902,10.54,1.0539,-25.4,7,insufficient_sample,needs_more_sample
NBA,NBA|action|oddstrader|player_prop,action|oddstrader,player_prop,OVER,,10,7,3,0,0.7,0.3968,3.39,0.3394,-73.2,10,insufficient_sample,needs_more_sample
NBA,NBA|juicereel_nukethebooks|total,juicereel_nukethebooks,total,UNDER,,10,8,2,0,0.8,0.4902,5.54,0.554,-110.0,10,insufficient_sample,needs_more_sample
NBA,NBA|bettingpros_5star|moneyline,bettingpros_5star,moneyline,CHI,,10,1,9,0,0.1,0.0179,-1.2,-0.1195,1031.0,10,insufficient_sample,needs_more_sample
NBA,NBA|action|betql|dimers|sportsline|spread,action|betql|dimers|sportsline,spread,,,9,6,3,0,0.6667,0.3542,-1.86,-0.3716,0.3,3,insufficient_sample,needs_more_sample
NBA,NBA|action|bettingpros_experts|sportsline|spread,action|bettingpros_experts|sportsline,spread,team,,9,3,6,0,0.3333,0.1206,-4.36,-0.5449,-112.5,2,insufficient_sample,needs_more_sample
NBA,NBA|action|bettingpros_experts|oddstrader|vegasinsider|spread,action|bettingpros_experts|oddstrader|vegasinsider,spread,DEN,,9,3,6,0,0.3333,0.1206,-4.51,-0.5636,-120.0,3,insufficient_sample,needs_more_sample
NBA,NBA|betql|dimers|vegasinsider|spread,betql|dimers|vegasinsider,spread,CHI,,9,5,4,0,0.5556,0.2666,-1.76,-0.251,-26.1,7,insufficient_sample,needs_more_sample
NBA,NBA|betql|covers|dimers|player_prop,betql|covers|dimers,player_prop,OVER,,8,7,1,0,0.875,0.5291,6.11,0.7635,2.9,8,insufficient_sample,needs_more_sample
NBA,NBA|betql|oddstrader|spread,betql|oddstrader,spread,DAL,,8,4,4,0,0.5,0.2152,-2.05,-0.3413,-103.3,3,insufficient_sample,needs_more_sample
NBA,NBA|action|juicereel_nukethebooks|moneyline,action|juicereel_nukethebooks,moneyline,LAL,,8,6,2,0,0.75,0.4093,-2.0,-1.0,,0,insufficient_sample,needs_more_sample
NBA,NBA|action|bettingpros_experts|oddstrader|spread,action|bettingpros_experts|oddstrader,spread,ATL,,8,6,2,0,0.75,0.4093,-0.32,-0.08,-126.7,0,insufficient_sample,needs_more_sample
NBA,NBA|dimers|oddstrader|player_prop,dimers|oddstrader,player_prop,OVER,,8,4,4,0,0.5,0.2152,-0.82,-0.1171,10.8,4,insufficient_sample,needs_more_sample
NBA,NBA|covers|vegasinsider|spread,covers|vegasinsider,spread,CHA,,8,2,6,0,0.25,0.0715,-3.66,-0.457,-99.6,8,insufficient_sample,needs_more_sample
NBA,NBA|juicereel_nukethebooks|sportsline|player_prop,juicereel_nukethebooks|sportsline,player_prop,OVER,,8,7,1,0,0.875,0.5291,5.68,0.7096,-58.2,7,insufficient_sample,needs_more_sample
NBA,NBA|juicereel_nukethebooks|moneyline,juicereel_nukethebooks,moneyline,IND PACERS,,8,2,6,0,0.25,0.0715,-3.2,-0.3998,19.0,7,insufficient_sample,needs_more_sample
NBA,NBA|action|betql|covers|spread,action|betql|covers,spread,HOU,,8,3,5,0,0.375,0.1368,-3.11,-0.4443,-108.3,3,insufficient_sample,needs_more_sample
NBA,NBA|action|betql|bettingpros_experts|vegasinsider|spread,action|betql|bettingpros_experts|vegasinsider,spread,PHX,,8,6,2,0,0.75,0.4093,1.51,0.2512,-84.6,2,insufficient_sample,needs_more_sample
NBA,NBA|bettingpros_5star|bettingpros_experts|oddstrader|total,bettingpros_5star|bettingpros_experts|oddstrader,total,UNDER,,8,4,4,0,0.5,0.2152,-1.83,-0.2609,-111.0,1,insufficient_sample,needs_more_sample
NBA,NBA|betql|dimers|oddstrader|spread,betql|dimers|oddstrader,spread,team,,7,5,2,0,0.7143,0.3589,1.19,0.199,-16.5,5,insufficient_sample,needs_more_sample
NBA,NBA|oddstrader|sportsline|moneyline,oddstrader|sportsline,moneyline,NYK,,7,4,3,0,0.5714,0.2505,-1.34,-0.2672,-65.3,0,insufficient_sample,needs_more_sample
NBA,NBA|betql|covers|spread,betql|covers,spread,MIN,,7,3,4,0,0.4286,0.1582,-1.41,-0.235,-79.7,3,insufficient_sample,needs_more_sample
NBA,NBA|vegasinsider|moneyline,vegasinsider,moneyline,,,7,4,3,0,0.5714,0.2505,1.98,0.283,120.0,7,insufficient_sample,needs_more_sample
NBA,NBA|action|covers|dimers|vegasinsider|spread,action|covers|dimers|vegasinsider,spread,LAC,,7,3,4,0,0.4286,0.1582,-2.04,-0.3408,-2.8,3,insufficient_sample,needs_more_sample
NBA,NBA|betql|sportsline|total,betql|sportsline,total,OVER,,7,2,5,0,0.2857,0.0822,-5.07,-1.014,-114.0,1,insufficient_sample,needs_more_sample
NBA,NBA|covers|vegasinsider|player_prop,covers|vegasinsider,player_prop,OVER,,6,4,2,0,0.6667,0.3,2.39,0.398,-0.2,6,insufficient_sample,needs_more_sample
NBA,NBA|action|juicereel_sxebets|moneyline,action|juicereel_sxebets,moneyline,BOS,,6,5,1,0,0.8333,0.4365,-1.0,-1.0,,0,insufficient_sample,needs_more_sample
NBA,NBA|juicereel_nukethebooks|oddstrader|player_prop,juicereel_nukethebooks|oddstrader,player_prop,UNDER,,6,2,4,0,0.3333,0.0968,-2.56,-0.5118,-112.5,3,insufficient_sample,needs_more_sample
NBA,NBA|action|bettingpros_experts|sportsline|total,action|bettingpros_experts|sportsline,total,under,,6,2,4,0,0.3333,0.0968,-2.81,-0.563,-14.3,1,insufficient_sample,needs_more_sample
NBA,NBA|action|bettingpros_experts|covers|spread,action|bettingpros_experts|covers,spread,MEM,,6,4,2,0,0.6667,0.3,-0.19,-0.0475,-113.3,1,insufficient_sample,needs_more_sample
NBA,NBA|betql|sportsline|player_prop,betql|sportsline,player_prop,OVER,,6,4,2,0,0.6667,0.3,1.78,0.296,-74.5,6,insufficient_sample,needs_more_sample
NBA,NBA|bettingpros_experts|dimers|spread,bettingpros_experts|dimers,spread,team,,6,2,4,0,0.3333,0.0968,-2.02,-0.337,-34.0,3,insufficient_sample,needs_more_sample
NBA,NBA|action|bettingpros_experts|sportsline|vegasinsider|spread,action|bettingpros_experts|sportsline|vegasinsider,spread,CLE,,6,0,6,0,0.0,0.0,-6.29,-1.0483,-115.5,2,insufficient_sample,needs_more_sample
NBA,NBA|oddstrader|sportsline|player_prop,oddstrader|sportsline,player_prop,OVER,,6,5,1,0,0.8333,0.4365,3.33,0.5552,-126.0,6,insufficient_sample,needs_more_sample
NBA,NBA|bettingpros_experts|vegasinsider|spread,bettingpros_experts|vegasinsider,spread,,,6,4,2,0,0.6667,0.3,1.3,0.2175,-135.8,3,insufficient_sample,needs_more_sample
NBA,NBA|dimers|vegasinsider|moneyline,dimers|vegasinsider,moneyline,team,,6,3,3,0,0.5,0.1876,-1.91,-0.383,-146.4,4,insufficient_sample,needs_more_sample
NBA,NBA|action|bettingpros_experts|covers|vegasinsider|spread,action|bettingpros_experts|covers|vegasinsider,spread,DET,,6,4,2,0,0.6667,0.3,0.88,0.1764,-56.2,3,insufficient_sample,needs_more_sample
NBA,NBA|action|bettingpros_experts|covers|dimers|oddstrader|spread,action|bettingpros_experts|covers|dimers|oddstrader,spread,WAS,,6,2,4,0,0.3333,0.0968,-3.03,-0.6066,-1.5,2,insufficient_sample,needs_more_sample
NBA,NBA|action|covers|dimers|spread,action|covers|dimers,spread,DET,,6,3,3,0,0.5,0.1876,-1.95,-0.4878,37.0,3,insufficient_sample,needs_more_sample
NBA,NBA|bettingpros_5star|dimers|moneyline,bettingpros_5star|dimers,moneyline,team,,6,0,6,0,0.0,0.0,-3.0,-0.5,955.2,4,insufficient_sample,needs_more_sample
NBA,NBA|action|juicereel_nukethebooks|spread,action|juicereel_nukethebooks,spread,DET,,6,4,2,0,0.6667,0.3,-1.04,-0.3483,-110.0,1,insufficient_sample,needs_more_sample
NBA,NBA|action|betql|covers|player_prop,action|betql|covers,player_prop,UNDER,,5,0,5,0,0.0,-0.0,-5.05,-1.01,-104.0,3,insufficient_sample,needs_more_sample
NBA,NBA|action|sportsline|vegasinsider|total,action|sportsline|vegasinsider,total,OVER,,5,3,2,0,0.6,0.2307,-2.0,-1.0,,0,insufficient_sample,needs_more_sample
NBA,NBA|betql|covers|juicereel_nukethebooks|player_prop,betql|covers|juicereel_nukethebooks,player_prop,OVER,,5,3,2,0,0.6,0.2307,0.76,0.152,33.0,3,insufficient_sample,needs_more_sample
NBA,NBA|action|covers|sportsline|vegasinsider|spread,action|covers|sportsline|vegasinsider,spread,DEN,,5,2,3,0,0.4,0.1176,-2.12,-0.53,-112.5,2,insufficient_sample,needs_more_sample
NBA,NBA|action|betql|juicereel_nukethebooks|player_prop,action|betql|juicereel_nukethebooks,player_prop,UNDER,,5,3,2,0,0.6,0.2307,-0.98,-0.328,-31.3,3,insufficient_sample,needs_more_sample
NBA,NBA|covers|juicereel_nukethebooks|player_prop,covers|juicereel_nukethebooks,player_prop,OVER,,5,5,0,0,1.0,0.5655,2.98,0.7443,-120.0,2,insufficient_sample,needs_more_sample
NBA,NBA|action|covers|oddstrader|player_prop,action|covers|oddstrader,player_prop,OVER,,5,2,3,0,0.4,0.1176,-2.3,-0.5745,-117.0,4,insufficient_sample,needs_more_sample
NBA,NBA|bettingpros_5star|bettingpros_experts|total,bettingpros_5star|bettingpros_experts,total,UNDER,,5,2,3,0,0.4,0.1176,-1.49,-0.2978,-132.2,0,insufficient_sample,needs_more_sample
NBA,NBA|bettingpros_experts|covers|player_prop,bettingpros_experts|covers,player_prop,OVER,,6,1,4,1,0.2,0.0362,-3.19,-0.5308,46.6,5,insufficient_sample,needs_more_sample
NBA,NBA|betql|oddstrader|total,betql|oddstrader,total,UNDER,,5,4,1,0,0.8,0.3755,-1.0,-1.0,,0,insufficient_sample,needs_more_sample
NBA,NBA|bettingpros_experts|sportsline|moneyline,bettingpros_experts|sportsline,moneyline,HOME,,5,5,0,0,1.0,0.5655,3.95,0.7898,-164.4,0,insufficient_sample,needs_more_sample
MLB,MLB|bettingpros_props|player_prop,bettingpros_props,player_prop,UNDER,,5,4,1,0,0.8,0.3755,2.52,0.5046,-84.6,0,insufficient_sample,needs_more_sample
NBA,NBA|action|juicereel_nukethebooks|juicereel_sxebets|player_prop,action|juicereel_nukethebooks|juicereel_sxebets,player_prop,UNDER,,5,0,4,1,0.0,0.0,-4.01,-0.802,7.5,2,insufficient_sample,needs_more_sample
NBA,NBA|action|betql|oddstrader|total,action|betql|oddstrader,total,OVER,,4,2,2,0,0.5,0.15,-2.0,-1.0,,0,insufficient_sample,needs_more_sample
NBA,NBA|action|covers|sportsline|spread,action|covers|sportsline,spread,BOS,,4,2,2,0,0.5,0.15,-2.05,-1.025,-110.0,0,insufficient_sample,needs_more_sample
NBA,NBA|covers|dimers|vegasinsider|moneyline,covers|dimers|vegasinsider,moneyline,DET,,4,2,2,0,0.5,0.15,-0.26,-0.0648,-113.8,2,insufficient_sample,needs_more_sample
NBA,NBA|action|dimers|vegasinsider|moneyline,action|dimers|vegasinsider,moneyline,TOR,,4,0,4,0,0.0,0.0,-4.19,-1.0475,-114.0,2,insufficient_sample,needs_more_sample
NBA,NBA|action|bettingpros_experts|oddstrader|moneyline,action|bettingpros_experts|oddstrader,moneyline,MIA,,4,4,0,0,1.0,0.5101,1.68,0.84,-60.0,0,insufficient_sample,needs_more_sample
NBA,NBA|action|betql|dimers|sportsline|vegasinsider|spread,action|betql|dimers|sportsline|vegasinsider,spread,IND,,4,0,4,0,0.0,0.0,-4.12,-1.03,-108.0,2,insufficient_sample,needs_more_sample
NBA,NBA|betql|vegasinsider|total,betql|vegasinsider,total,OVER,,4,3,1,0,0.75,0.3006,-1.0,-1.0,,0,insufficient_sample,needs_more_sample
NBA,NBA|action|bettingpros_experts|dimers|total,action|bettingpros_experts|dimers,total,under,,4,2,2,0,0.5,0.15,-1.0,-0.3343,,2,insufficient_sample,needs_more_sample
NBA,NBA|betql|dimers|oddstrader|total,betql|dimers|oddstrader,total,UNDER,,4,2,2,0,0.5,0.15,-2.0,-1.0,,0,insufficient_sample,needs_more_sample
NBA,NBA|juicereel_sxebets|moneyline,juicereel_sxebets,moneyline,Memphis Grizzlies 6.5,,4,0,4,0,0.0,0.0,-4.1,-1.025,-55.0,4,insufficient_sample,needs_more_sample
NBA,NBA|betql|covers|dimers|spread,betql|covers|dimers,spread,DAL,,4,0,4,0,0.0,0.0,-4.06,-1.015,-37.7,2,insufficient_sample,needs_more_sample
NBA,NBA|bettingpros_experts|covers|spread,bettingpros_experts|covers,spread,MIA,,4,2,2,0,0.5,0.15,-0.22,-0.056,-112.2,1,insufficient_sample,needs_more_sample
NBA,NBA|bettingpros|bettingpros_experts|oddstrader|moneyline,bettingpros|bettingpros_experts|oddstrader,moneyline,MIL,,4,1,3,0,0.25,0.0456,-2.17,-0.5425,11.8,0,insufficient_sample,needs_more_sample
NBA,NBA|bettingpros|bettingpros_experts|oddstrader|spread,bettingpros|bettingpros_experts|oddstrader,spread,BOS,,4,2,2,0,0.5,0.15,0.5,0.126,85.0,0,insufficient_sample,needs_more_sample
NBA,NBA|action|bettingpros|bettingpros_experts|total,action|bettingpros|bettingpros_experts,total,UNDER,,4,0,4,0,0.0,0.0,-4.0,-1.0,,0,insufficient_sample,needs_more_sample
NBA,NBA|dimers|juicereel_nukethebooks|player_prop,dimers|juicereel_nukethebooks,player_prop,OVER,,4,2,2,0,0.5,0.15,-0.3,-0.0745,116.5,3,insufficient_sample,needs_more_sample
NBA,NBA|bettingpros_5star|bettingpros_experts|dimers|oddstrader|moneyline,bettingpros_5star|bettingpros_experts|dimers|oddstrader,moneyline,IND,,4,0,4,0,0.0,0.0,-2.21,-0.5525,654.7,2,insufficient_sample,needs_more_sample
NBA,NBA|bettingpros_5star|oddstrader|moneyline,bettingpros_5star|oddstrader,moneyline,PHI,,4,1,3,0,0.25,0.0456,-3.0,-1.0,,0,insufficient_sample,needs_more_sample
NBA,NBA|bettingpros_5star|bettingpros_experts|dimers|moneyline,bettingpros_5star|bettingpros_experts|dimers,moneyline,MEM,,4,0,4,0,0.0,0.0,-1.0,-0.25,1084.5,3,insufficient_sample,needs_more_sample
NBA,NBA|action|betql|bettingpros_experts|oddstrader|spread,action|betql|bettingpros_experts|oddstrader,spread,SAS,,4,4,0,0,1.0,0.5101,2.02,1.008,2.5,0,insufficient_sample,needs_more_sample
NBA,NBA|action|betql|vegasinsider|total,action|betql|vegasinsider,total,OVER,,4,2,2,0,0.5,0.15,-2.0,-1.0,,0,insufficient_sample,needs_more_sample
NBA,NBA|betql|bettingpros_experts|oddstrader|player_prop,betql|bettingpros_experts|oddstrader,player_prop,OVER,,4,2,2,0,0.5,0.15,-1.04,-0.3467,-104.0,2,insufficient_sample,needs_more_sample
NBA,NBA|oddstrader|sportsline|vegasinsider|spread,oddstrader|sportsline|vegasinsider,spread,CHA,,4,4,0,0,1.0,0.5101,1.89,0.9465,-111.5,2,insufficient_sample,needs_more_sample
NBA,NBA|bettingpros_experts|vegasinsider|moneyline,bettingpros_experts|vegasinsider,moneyline,,,4,2,2,0,0.5,0.15,0.5,0.126,129.5,2,insufficient_sample,needs_more_sample
NBA,NBA|action|bettingpros_experts|oddstrader|sportsline|spread,action|bettingpros_experts|oddstrader|sportsline,spread,POR,,4,0,4,0,0.0,0.0,-4.07,-1.0175,-114.0,0,insufficient_sample,needs_more_sample
NBA,NBA|action|bettingpros_experts|dimers|oddstrader|sportsline|vegasinsider|spread,action|bettingpros_experts|dimers|oddstrader|sportsline|vegasinsider,spread,DET,,4,4,0,0,1.0,0.5101,2.99,0.998,-33.7,2,insufficient_sample,needs_more_sample
NBA,NBA|action|bettingpros_experts|dimers|vegasinsider|moneyline,action|bettingpros_experts|dimers|vegasinsider,moneyline,LAL,,4,0,4,0,0.0,0.0,-4.27,-1.0675,-120.3,2,insufficient_sample,needs_more_sample
NBA,NBA|action|bettingpros_experts|dimers|oddstrader|vegasinsider|spread,action|bettingpros_experts|dimers|oddstrader|vegasinsider,spread,team,,4,0,4,0,0.0,0.0,-4.15,-1.0375,-47.0,2,insufficient_sample,needs_more_sample
NBA,NBA|action|dimers|juicereel_unitvacuum|vegasinsider|spread,action|dimers|juicereel_unitvacuum|vegasinsider,spread,NOP,,4,4,0,0,1.0,0.5101,2.04,1.0195,4.5,2,insufficient_sample,needs_more_sample
NBA,NBA|action|bettingpros_experts|dimers|vegasinsider|spread,action|bettingpros_experts|dimers|vegasinsider,spread,DEN,,4,0,4,0,0.0,0.0,-4.09,-1.0225,-39.7,3,insufficient_sample,needs_more_sample
NBA,NBA|action|covers|dimers|juicereel_unitvacuum|vegasinsider|spread,action|covers|dimers|juicereel_unitvacuum|vegasinsider,spread,MIA,,4,4,0,0,1.0,0.5101,2.97,0.9907,-35.7,3,insufficient_sample,needs_more_sample
NBA,NBA|action|betql|dimers|juicereel_unitvacuum|oddstrader|sportsline|vegasinsider|spread,action|betql|dimers|juicereel_unitvacuum|oddstrader|sportsline|vegasinsider,spread,NOP,,4,0,4,0,0.0,0.0,-4.04,-1.01,-5.0,2,insufficient_sample,needs_more_sample
NBA,NBA|covers|dimers|sportsline|player_prop,covers|dimers|sportsline,player_prop,OVER,,4,0,4,0,0.0,0.0,-3.87,-0.9675,58.2,4,insufficient_sample,needs_more_sample
NBA,NBA|action|bettingpros_experts|dimers|juicereel_unitvacuum|sportsline|vegasinsider|spread,action|bettingpros_experts|dimers|juicereel_unitvacuum|sportsline|vegasinsider,spread,ORL,,4,0,4,0,0.0,0.0,-4.43,-1.1075,-86.0,1,insufficient_sample,needs_more_sample
NBA,NBA|action|juicereel_unitvacuum|spread,action|juicereel_unitvacuum,spread,MIA,,4,2,2,0,0.5,0.15,-2.02,-1.01,-105.0,1,insufficient_sample,needs_more_sample
NBA,NBA|bettingpros_experts|team_total,bettingpros_experts,team_total,OVER,,4,3,1,0,0.75,0.3006,2.16,0.539,10.5,0,insufficient_sample,needs_more_sample
MLB,MLB|action|covers|moneyline,action|covers,moneyline,,,4,0,4,0,0.0,0.0,-4.43,-1.1075,-133.7,3,insufficient_sample,needs_more_sample
MLB,MLB|action|covers|total,action|covers,total,under,,4,4,0,0,1.0,0.5101,2.87,0.9557,-43.3,3,insufficient_sample,needs_more_sample
NBA,NBA|sportscapping|spread,sportscapping,spread,,,3,1,2,0,0.3333,0.0615,-1.1,-0.368,-111.0,2,insufficient_sample,needs_more_sample
NBA,NBA|action|betql|oddstrader|spread,action|betql|oddstrader,spread,HOU,,3,3,0,0,1.0,0.4385,0.95,0.946,-112.0,1,insufficient_sample,needs_more_sample
NBA,NBA|action|betql|dimers|oddstrader|spread,action|betql|dimers|oddstrader,spread,WAS,,3,0,3,0,0.0,0.0,-3.17,-1.0567,-140.0,1,insufficient_sample,needs_more_sample
NBA,NBA|action|betql|oddstrader|sportsline|spread,action|betql|oddstrader|sportsline,spread,ATL,,3,0,3,0,0.0,0.0,-3.04,-1.0133,-108.0,1,insufficient_sample,needs_more_sample
NBA,NBA|covers|dimers|moneyline,covers|dimers,moneyline,DAL,,3,2,1,0,0.6667,0.2077,0.51,0.1687,-143.3,1,insufficient_sample,needs_more_sample
NBA,NBA|action|dimers|sportsline|vegasinsider|spread,action|dimers|sportsline|vegasinsider,spread,,,3,0,3,0,0.0,0.0,-3.12,-1.04,-112.0,1,insufficient_sample,needs_more_sample
NBA,NBA|juicereel_nukethebooks|juicereel_sxebets|moneyline,juicereel_nukethebooks|juicereel_sxebets,moneyline,MIL,,3,2,1,0,0.6667,0.2077,1.67,0.5563,189.7,3,insufficient_sample,needs_more_sample
NBA,NBA|covers|dimers|total,covers|dimers,total,UNDER,,3,3,0,0,1.0,0.4385,0.97,0.971,-107.5,0,insufficient_sample,needs_more_sample
NBA,NBA|dimers|juicereel_sxebets|player_prop,dimers|juicereel_sxebets,player_prop,OVER,,3,0,3,0,0.0,0.0,-3.0,-1.0,0.5,2,insufficient_sample,needs_more_sample
NBA,NBA|action|covers|moneyline,action|covers,moneyline,BOS,,3,1,2,0,0.3333,0.0615,-1.29,-0.4313,-55.0,2,insufficient_sample,needs_more_sample
NBA,NBA|bettingpros|bettingpros_experts|total,bettingpros|bettingpros_experts,total,OVER,,3,2,1,0,0.6667,0.2077,0.79,0.265,-115.0,1,insufficient_sample,needs_more_sample
NBA,NBA|action|dimers|oddstrader|sportsline|spread,action|dimers|oddstrader|sportsline,spread,team,,3,0,3,0,0.0,0.0,-3.1,-1.0333,-110.5,1,insufficient_sample,needs_more_sample
NBA,NBA|bettingpros_5star|total,bettingpros_5star,total,UNDER,,3,1,2,0,0.3333,0.0615,-1.1,-0.3683,-111.0,2,insufficient_sample,needs_more_sample
NBA,NBA|bettingpros_5star|bettingpros_experts|moneyline,bettingpros_5star|bettingpros_experts,moneyline,DEN,,3,2,1,0,0.6667,0.2077,2.11,0.7043,410.0,0,insufficient_sample,needs_more_sample
NBA,NBA|action|bettingpros_experts|dimers|sportsline|spread,action|bettingpros_experts|dimers|sportsline,spread,TOR,,3,3,0,0,1.0,0.4385,1.54,0.7675,-86.5,1,insufficient_sample,needs_more_sample
NBA,NBA|betql|bettingpros_experts|dimers|oddstrader|spread,betql|bettingpros_experts|dimers|oddstrader,spread,MEM,,4,0,3,1,0.0,0.0,-2.91,-0.7275,9.8,2,insufficient_sample,needs_more_sample
NBA,NBA|action|bettingpros_experts|covers|vegasinsider|moneyline,action|bettingpros_experts|covers|vegasinsider,moneyline,ORL,,3,0,3,0,0.0,0.0,-2.76,-0.92,127.5,1,insufficient_sample,needs_more_sample
NBA,NBA|action|covers|vegasinsider|moneyline,action|covers|vegasinsider,moneyline,LAL,,3,3,0,0,1.0,0.4385,2.17,1.0835,118.5,2,insufficient_sample,needs_more_sample
NBA,NBA|bettingpros_experts|dimers|vegasinsider|spread,bettingpros_experts|dimers|vegasinsider,spread,team,,3,0,3,0,0.0,0.0,-3.11,-1.0367,-107.7,2,insufficient_sample,needs_more_sample
NBA,NBA|bettingpros_experts|covers|dimers|oddstrader|vegasinsider|spread,bettingpros_experts|covers|dimers|oddstrader|vegasinsider,spread,ORL,,3,2,1,0,0.6667,0.2077,0.92,0.3053,-106.0,2,insufficient_sample,needs_more_sample
NBA,NBA|betql|bettingpros_experts|player_prop,betql|bettingpros_experts,player_prop,OVER,,3,2,1,0,0.6667,0.2077,-0.04,-0.0185,-107.0,1,insufficient_sample,needs_more_sample
NBA,NBA|action|dimers|sportsline|vegasinsider|moneyline,action|dimers|sportsline|vegasinsider,moneyline,team,,3,0,3,0,0.0,0.0,-3.26,-1.0867,-129.5,1,insufficient_sample,needs_more_sample
NBA,NBA|action|covers|juicereel_nukethebooks|sportsline|vegasinsider|spread,action|covers|juicereel_nukethebooks|sportsline|vegasinsider,spread,MIA,,3,0,3,0,0.0,0.0,-3.04,-1.0133,-108.0,1,insufficient_sample,needs_more_sample
NBA,NBA|action|dimers|oddstrader|vegasinsider|moneyline,action|dimers|oddstrader|vegasinsider,moneyline,team,,3,3,0,0,1.0,0.4385,1.74,0.869,-130.0,2,insufficient_sample,needs_more_sample
NBA,NBA|betql|bettingpros_experts|dimers|oddstrader|vegasinsider|spread,betql|bettingpros_experts|dimers|oddstrader|vegasinsider,spread,team,,3,3,0,0,1.0,0.4385,2.19,0.7303,-270.0,2,insufficient_sample,needs_more_sample
NBA,NBA|action|betql|bettingpros_experts|dimers|oddstrader|spread,action|betql|bettingpros_experts|dimers|oddstrader,spread,IND,,3,2,1,0,0.6667,0.2077,-0.19,-0.094,-122.0,1,insufficient_sample,needs_more_sample
NBA,NBA|bettingpros_experts|dimers|total,bettingpros_experts|dimers,total,UNDER,,3,1,2,0,0.3333,0.0615,-1.39,-0.4643,-135.7,1,insufficient_sample,needs_more_sample
NBA,NBA|action|bettingpros_experts|covers|dimers|spread,action|bettingpros_experts|covers|dimers,spread,ORL,,3,3,0,0,1.0,0.4385,1.17,0.586,-46.0,2,insufficient_sample,needs_more_sample
NBA,NBA|bettingpros_experts|covers|dimers|vegasinsider|moneyline,bettingpros_experts|covers|dimers|vegasinsider,moneyline,OKC,,3,0,3,0,0.0,0.0,-3.42,-1.14,-132.7,2,insufficient_sample,needs_more_sample
NBA,NBA|action|betql|bettingpros_experts|juicereel_unitvacuum|oddstrader|vegasinsider|spread,action|betql|bettingpros_experts|juicereel_unitvacuum|oddstrader|vegasinsider,spread,ATL,,3,3,0,0,1.0,0.4385,2.0,1.0,,2,insufficient_sample,needs_more_sample
NBA,NBA|bettingpros_experts|covers|total,bettingpros_experts|covers,total,UNDER,,3,1,2,0,0.3333,0.0615,-1.17,-0.3903,13.3,0,insufficient_sample,needs_more_sample
NBA,NBA|betql|dimers|vegasinsider|total,betql|dimers|vegasinsider,total,OVER,,3,2,1,0,0.6667,0.2077,-1.0,-1.0,,0,insufficient_sample,needs_more_sample
NBA,NBA|action|bettingpros_5star|bettingpros_experts|total,action|bettingpros_5star|bettingpros_experts,total,OVER,,3,0,3,0,0.0,0.0,-3.1,-1.0333,-110.0,2,insufficient_sample,needs_more_sample
NBA,NBA|action|betql|bettingpros_experts|dimers|spread,action|betql|bettingpros_experts|dimers,spread,NYK,,3,0,3,0,0.0,0.0,-2.92,-0.9733,8.5,1,insufficient_sample,needs_more_sample
NBA,NBA|action|bettingpros_experts|oddstrader|vegasinsider|moneyline,action|bettingpros_experts|oddstrader|vegasinsider,moneyline,SAC,,3,0,3,0,0.0,0.0,-3.07,-1.0233,-115.0,1,insufficient_sample,needs_more_sample
NBA,NBA|dimers|juicereel_unitvacuum|oddstrader|vegasinsider|spread,dimers|juicereel_unitvacuum|oddstrader|vegasinsider,spread,NOP,,3,0,3,0,0.0,0.0,-3.03,-1.01,-3.0,2,insufficient_sample,needs_more_sample
NBA,NBA|action|betql|bettingpros_experts|dimers|juicereel_unitvacuum|spread,action|betql|bettingpros_experts|dimers|juicereel_unitvacuum,spread,ORL,,3,0,3,0,0.0,0.0,-3.06,-1.02,-106.0,2,insufficient_sample,needs_more_sample
NBA,NBA|bettingpros_experts|covers|dimers|vegasinsider|spread,bettingpros_experts|covers|dimers|vegasinsider,spread,CHI,,3,0,3,0,0.0,0.0,-3.01,-1.0033,-1.0,2,insufficient_sample,needs_more_sample
NBA,NBA|dimers|oddstrader|vegasinsider|moneyline,dimers|oddstrader|vegasinsider,moneyline,ATL,,3,0,3,0,0.0,0.0,-3.14,-1.0467,-115.0,2,insufficient_sample,needs_more_sample
NBA,NBA|action|dimers|oddstrader|total,action|dimers|oddstrader,total,under,,3,3,0,0,1.0,0.4385,0.95,0.955,-110.0,0,insufficient_sample,needs_more_sample
NBA,NBA|bettingpros_experts|dimers|sportsline|moneyline,bettingpros_experts|dimers|sportsline,moneyline,AWAY,,3,0,3,0,0.0,0.0,-3.54,-1.18,-148.3,0,insufficient_sample,needs_more_sample
NBA,NBA|betql|sportsline|spread,betql|sportsline,spread,POR,,3,0,3,0,0.0,0.0,-2.25,-0.75,-10.0,1,insufficient_sample,needs_more_sample
NBA,NBA|betql|bettingpros_experts|spread,betql|bettingpros_experts,spread,DET,,3,3,0,0,1.0,0.4385,1.53,0.763,-173.0,0,insufficient_sample,needs_more_sample
NBA,NBA|dimers|sportsline|vegasinsider|moneyline,dimers|sportsline|vegasinsider,moneyline,PHX,,3,0,3,0,0.0,0.0,-3.4,-1.1333,-150.0,2,insufficient_sample,needs_more_sample
NBA,NBA|betql|bettingpros_props|player_prop,betql|bettingpros_props,player_prop,UNDER,,4,1,2,1,0.3333,0.0615,-1.12,-0.279,-6.2,4,insufficient_sample,needs_more_sample
NBA,NBA|action|dimers|vegasinsider|player_prop,action|dimers|vegasinsider,player_prop,OVER,,3,3,0,0,1.0,0.4385,2.68,0.8943,-59.3,3,insufficient_sample,needs_more_sample
MLB,MLB|covers|moneyline,covers,moneyline,team,,3,1,2,0,0.3333,0.0615,-1.35,-0.4493,-128.0,3,insufficient_sample,needs_more_sample
MLB,MLB|covers|total,covers,total,over,,3,1,2,0,0.3333,0.0615,-1.03,-0.343,-35.3,3,insufficient_sample,needs_more_sample
MLB,MLB|oddstrader|total,oddstrader,total,UNDER,,3,1,2,0,0.3333,0.0615,-2.08,-1.04,-108.5,2,insufficient_sample,needs_more_sample
NBA,NBA|sportscapping|total,sportscapping,total,UNDER,,2,2,0,0,1.0,0.3424,0.93,0.93,-115.0,1,insufficient_sample,needs_more_sample
NBA,NBA|action|betql|bettingpros_experts|dimers|total,action|betql|bettingpros_experts|dimers,total,UNDER,,2,2,0,0,1.0,0.3424,0.95,0.955,-110.0,1,insufficient_sample,needs_more_sample
NBA,NBA|action|betql|covers|dimers|total,action|betql|covers|dimers,total,over,,2,0,2,0,0.0,0.0,-2.1,-1.05,-110.0,2,insufficient_sample,needs_more_sample
NBA,NBA|betql|juicereel_nukethebooks|juicereel_sxebets|player_prop,betql|juicereel_nukethebooks|juicereel_sxebets,player_prop,OVER,,2,0,2,0,0.0,0.0,-2.15,-1.075,-116.5,2,insufficient_sample,needs_more_sample
NBA,NBA|action|covers|sportsline|vegasinsider|total,action|covers|sportsline|vegasinsider,total,OVER,,2,2,0,0,1.0,0.3424,0.95,0.955,-110.0,0,insufficient_sample,needs_more_sample
NBA,NBA|covers|juicereel_sxebets|sportsline|player_prop,covers|juicereel_sxebets|sportsline,player_prop,OVER,,2,0,2,0,0.0,0.0,-3.0,-1.5,-103.0,1,insufficient_sample,needs_more_sample
NBA,NBA|action|covers|dimers|total,action|covers|dimers,total,OVER,,2,0,2,0,0.0,0.0,-2.05,-1.025,-110.0,1,insufficient_sample,needs_more_sample
NBA,NBA|action|juicereel_nukethebooks|juicereel_sxebets|moneyline,action|juicereel_nukethebooks|juicereel_sxebets,moneyline,PHI,,2,1,1,0,0.5,0.0945,-1.0,-1.0,,0,insufficient_sample,needs_more_sample
NBA,NBA|betql|juicereel_nukethebooks|oddstrader|player_prop,betql|juicereel_nukethebooks|oddstrader,player_prop,OVER,,2,0,2,0,0.0,0.0,-2.19,-1.095,-121.0,2,insufficient_sample,needs_more_sample
NBA,NBA|betql|bettingpros_experts|oddstrader|sportsline|total,betql|bettingpros_experts|oddstrader|sportsline,total,UNDER,,2,2,0,0,1.0,0.3424,0.0,0.0,,0,insufficient_sample,needs_more_sample
NBA,NBA|betql|bettingpros_experts|dimers|total,betql|bettingpros_experts|dimers,total,UNDER,,2,2,0,0,1.0,0.3424,0.0,0.0,,0,insufficient_sample,needs_more_sample
NBA,NBA|action|betql|bettingpros_experts|oddstrader|total,action|betql|bettingpros_experts|oddstrader,total,OVER,,2,0,2,0,0.0,0.0,-2.02,-1.01,-105.0,1,insufficient_sample,needs_more_sample
NBA,NBA|action|betql|bettingpros_experts|sportsline|spread,action|betql|bettingpros_experts|sportsline,spread,DET,,2,0,2,0,0.0,0.0,-2.05,-1.025,-110.0,0,insufficient_sample,needs_more_sample
NBA,NBA|action|dimers|juicereel_sxebets|total,action|dimers|juicereel_sxebets,total,UNDER,,2,0,2,0,0.0,0.0,-2.03,-1.015,-106.0,0,insufficient_sample,needs_more_sample
NBA,NBA|betql|oddstrader|vegasinsider|spread,betql|oddstrader|vegasinsider,spread,MIA,,2,2,0,0,1.0,0.3424,0.97,0.971,-105.0,1,insufficient_sample,needs_more_sample
NBA,NBA|action|bettingpros_experts|vegasinsider|total,action|bettingpros_experts|vegasinsider,total,UNDER,,2,2,0,0,1.0,0.3424,0.91,0.908,-120.0,0,insufficient_sample,needs_more_sample
NBA,NBA|action|covers|oddstrader|moneyline,action|covers|oddstrader,moneyline,MIA,,2,2,0,0,1.0,0.3424,1.07,1.069,115.0,1,insufficient_sample,needs_more_sample
NBA,NBA|action|dimers|juicereel_sxebets|oddstrader|vegasinsider|total,action|dimers|juicereel_sxebets|oddstrader|vegasinsider,total,UNDER,,2,0,2,0,0.0,0.0,-2.05,-1.025,-110.0,1,insufficient_sample,needs_more_sample
NBA,NBA|action|betql|bettingpros_experts|dimers|oddstrader|total,action|betql|bettingpros_experts|dimers|oddstrader,total,OVER,,2,2,0,0,1.0,0.3424,0.97,0.971,-105.0,1,insufficient_sample,needs_more_sample
NBA,NBA|bettingpros|bettingpros_experts|oddstrader|total,bettingpros|bettingpros_experts|oddstrader,total,under,,2,1,1,0,0.5,0.0945,-0.1,-0.052,-111.0,1,insufficient_sample,needs_more_sample
NBA,NBA|action|bettingpros|bettingpros_experts|spread,action|bettingpros|bettingpros_experts,spread,PHI,,2,2,0,0,1.0,0.3424,0.95,0.946,-112.0,0,insufficient_sample,needs_more_sample
NBA,NBA|bettingpros|moneyline,bettingpros,moneyline,TOR,,2,1,1,0,0.5,0.0945,0.58,0.288,180.0,2,insufficient_sample,needs_more_sample
NBA,NBA|action|dimers|player_prop,action|dimers,player_prop,OVER,,2,2,0,0,1.0,0.3424,1.0,1.0,100.0,1,insufficient_sample,needs_more_sample
NBA,NBA|bettingpros_experts|covers|oddstrader|total,bettingpros_experts|covers|oddstrader,total,UNDER,,2,0,2,0,0.0,0.0,-2.03,-1.015,-2.5,1,insufficient_sample,needs_more_sample
NBA,NBA|bettingpros_5star|bettingpros_experts|oddstrader|moneyline,bettingpros_5star|bettingpros_experts|oddstrader,moneyline,SAC,,2,1,1,0,0.5,0.0945,0.85,0.4235,267.5,0,insufficient_sample,needs_more_sample
NBA,NBA|action|bettingpros_experts|juicereel_nukethebooks|total,action|bettingpros_experts|juicereel_nukethebooks,total,OVER,,2,0,2,0,0.0,0.0,-2.39,-1.195,-228.0,0,insufficient_sample,needs_more_sample
NBA,NBA|bettingpros_experts|covers|oddstrader|vegasinsider|spread,bettingpros_experts|covers|oddstrader|vegasinsider,spread,MIA,,2,2,0,0,1.0,0.3424,1.94,0.968,-107.0,1,insufficient_sample,needs_more_sample
NBA,NBA|action|bettingpros_experts|dimers|oddstrader|spread,action|bettingpros_experts|dimers|oddstrader,spread,PHI,,2,1,1,0,0.5,0.0945,-0.46,-0.2285,-269.0,0,insufficient_sample,needs_more_sample
NBA,NBA|bettingpros_experts|dimers|oddstrader|total,bettingpros_experts|dimers|oddstrader,total,UNDER,,2,0,2,0,0.0,0.0,-2.08,-1.04,-108.5,1,insufficient_sample,needs_more_sample
NBA,NBA|juicereel_nukethebooks|spread,juicereel_nukethebooks,spread,NYK,,2,0,2,0,0.0,0.0,-2.07,-1.035,-107.5,2,insufficient_sample,needs_more_sample
NBA,NBA|covers|oddstrader|sportsline|player_prop,covers|oddstrader|sportsline,player_prop,OVER,,2,1,1,0,0.5,0.0945,-0.09,-0.045,-110.0,2,insufficient_sample,needs_more_sample
NBA,NBA|action|betql|covers|sportsline|spread,action|betql|covers|sportsline,spread,DEN,,2,0,2,0,0.0,0.0,-2.07,-1.035,-115.0,0,insufficient_sample,needs_more_sample
NBA,NBA|action|bettingpros_experts|oddstrader|total,action|bettingpros_experts|oddstrader,total,over,,2,0,2,0,0.0,0.0,-2.03,-1.015,-3.0,1,insufficient_sample,needs_more_sample
NBA,NBA|sportsline|vegasinsider|player_prop,sportsline|vegasinsider,player_prop,OVER,,2,2,0,0,1.0,0.3424,1.78,0.8885,-125.5,2,insufficient_sample,needs_more_sample
NBA,NBA|action|betql|juicereel_nukethebooks|total,action|betql|juicereel_nukethebooks,total,UNDER,,2,2,0,0,1.0,0.3424,0.0,0.0,,0,insufficient_sample,needs_more_sample
NBA,NBA|bettingpros_experts|covers|sportsline|vegasinsider|spread,bettingpros_experts|covers|sportsline|vegasinsider,spread,ATL,,2,2,0,0,1.0,0.3424,1.94,0.9725,-105.5,1,insufficient_sample,needs_more_sample
NBA,NBA|covers|sportsline|spread,covers|sportsline,spread,LAL,,2,2,0,0,1.0,0.3424,0.92,0.915,-118.0,0,insufficient_sample,needs_more_sample
NBA,NBA|bettingpros_experts|dimers|oddstrader|sportsline|moneyline,bettingpros_experts|dimers|oddstrader|sportsline,moneyline,team,,2,2,0,0,1.0,0.3424,1.62,0.8115,-146.0,1,insufficient_sample,needs_more_sample
NBA,NBA|betql|bettingpros_experts|vegasinsider|spread,betql|bettingpros_experts|vegasinsider,spread,,,2,1,1,0,0.5,0.0945,0.36,0.1825,65.0,1,insufficient_sample,needs_more_sample
NBA,NBA|action|betql|juicereel_sxebets|player_prop,action|betql|juicereel_sxebets,player_prop,UNDER,,2,1,1,0,0.5,0.0945,0.84,0.42,-6.5,0,insufficient_sample,needs_more_sample
NBA,NBA|action|bettingpros_experts|covers|total,action|bettingpros_experts|covers,total,UNDER,,2,0,2,0,0.0,0.0,-2.0,-1.0,,0,insufficient_sample,needs_more_sample
NBA,NBA|action|betql|covers|total,action|betql|covers,total,OVER,,2,0,2,0,0.0,0.0,-2.0,-1.0,,0,insufficient_sample,needs_more_sample
NBA,NBA|betql|vegasinsider|player_prop,betql|vegasinsider,player_prop,UNDER,,2,2,0,0,1.0,0.3424,1.98,0.99,-101.0,2,insufficient_sample,needs_more_sample
NBA,NBA|betql|bettingpros_experts|oddstrader|vegasinsider|spread,betql|bettingpros_experts|oddstrader|vegasinsider,spread,DET,,2,2,0,0,1.0,0.3424,1.96,0.9775,-5.0,1,insufficient_sample,needs_more_sample
NBA,NBA|action|betql|juicereel_unitvacuum|spread,action|betql|juicereel_unitvacuum,spread,CHA,,2,2,0,0,1.0,0.3424,1.71,1.706,-17.0,1,insufficient_sample,needs_more_sample
NBA,NBA|juicereel_unitvacuum|sportsline|vegasinsider|spread,juicereel_unitvacuum|sportsline|vegasinsider,spread,MIA,,2,2,0,0,1.0,0.3424,0.92,0.915,-118.0,1,insufficient_sample,needs_more_sample
NBA,NBA|bettingpros_5star|bettingpros_experts|oddstrader|spread,bettingpros_5star|bettingpros_experts|oddstrader,spread,IND,,2,1,1,0,0.5,0.0945,-0.14,-0.0675,-115.0,0,insufficient_sample,needs_more_sample
NBA,NBA|juicereel_unitvacuum|spread,juicereel_unitvacuum,spread,MIA,,3,2,0,1,1.0,0.3424,1.91,0.6367,-40.0,3,insufficient_sample,needs_more_sample
NBA,NBA|betql|bettingpros_experts|dimers|spread,betql|bettingpros_experts|dimers,spread,team,,2,0,2,0,0.0,0.0,-2.03,-1.015,-3.0,1,insufficient_sample,needs_more_sample
NBA,NBA|action|bettingpros_experts|dimers|oddstrader|total,action|bettingpros_experts|dimers|oddstrader,total,UNDER,,2,2,0,0,1.0,0.3424,0.85,0.846,-136.0,0,insufficient_sample,needs_more_sample
NBA,NBA|dimers|juicereel_unitvacuum|oddstrader|moneyline,dimers|juicereel_unitvacuum|oddstrader,moneyline,NOP,,2,0,2,0,0.0,0.0,-1.72,-0.86,178.0,1,insufficient_sample,needs_more_sample
NBA,NBA|action|oddstrader|sportsline|moneyline,action|oddstrader|sportsline,moneyline,CHA,,2,2,0,0,1.0,0.3424,0.0,0.0,,0,insufficient_sample,needs_more_sample
NBA,NBA|betql|covers|oddstrader|total,betql|covers|oddstrader,total,UNDER,,2,0,2,0,0.0,0.0,-2.06,-1.03,-112.0,1,insufficient_sample,needs_more_sample
NBA,NBA|action|betql|bettingpros_experts|covers|spread,action|betql|bettingpros_experts|covers,spread,ATL,,2,0,2,0,0.0,0.0,-2.0,-1.0,,0,insufficient_sample,needs_more_sample
NBA,NBA|bettingpros_experts|dimers|sportsline|spread,bettingpros_experts|dimers|sportsline,spread,IND,,2,1,1,0,0.5,0.0945,-0.15,-0.0735,-115.5,1,insufficient_sample,needs_more_sample
NBA,NBA|bettingpros_experts|vegasinsider|total,bettingpros_experts|vegasinsider,total,OVER,,2,1,1,0,0.5,0.0945,-0.12,-0.0575,-112.0,1,insufficient_sample,needs_more_sample
NBA,NBA|bettingpros_5star|bettingpros_experts|oddstrader|vegasinsider|spread,bettingpros_5star|bettingpros_experts|oddstrader|vegasinsider,spread,MIN,,2,0,2,0,0.0,0.0,-2.08,-1.04,-108.5,2,insufficient_sample,needs_more_sample
NBA,NBA|action|betql|bettingpros_5star|bettingpros_experts|juicereel_nukethebooks|total,action|betql|bettingpros_5star|bettingpros_experts|juicereel_nukethebooks,total,UNDER,,2,2,0,0,1.0,0.3424,0.21,0.211,-850.0,0,insufficient_sample,needs_more_sample
NBA,NBA|action|betql|juicereel_unitvacuum|total,action|betql|juicereel_unitvacuum,total,UNDER,,2,0,2,0,0.0,0.0,-2.0,-1.0,,0,insufficient_sample,needs_more_sample
NBA,NBA|bettingpros_experts|oddstrader|vegasinsider|spread,bettingpros_experts|oddstrader|vegasinsider,spread,CHA,,2,1,1,0,0.5,0.0945,-0.34,-0.1685,-143.5,1,insufficient_sample,needs_more_sample
NBA,NBA|action|bettingpros_experts|covers|sportsline|moneyline,action|bettingpros_experts|covers|sportsline,moneyline,ATL,,2,2,0,0,1.0,0.3424,0.0,0.0,,0,insufficient_sample,needs_more_sample
NBA,NBA|action|juicereel_nukethebooks|total,action|juicereel_nukethebooks,total,OVER,,3,0,2,1,0.0,0.0,-2.0,-0.6667,-110.0,1,insufficient_sample,needs_more_sample
NBA,NBA|action|bettingpros_experts|covers|moneyline,action|bettingpros_experts|covers,moneyline,PHI,,2,0,2,0,0.0,0.0,-2.32,-1.16,-192.0,0,insufficient_sample,needs_more_sample
NBA,NBA|bettingpros_experts|covers|vegasinsider|spread,bettingpros_experts|covers|vegasinsider,spread,ATL,,2,2,0,0,1.0,0.3424,1.91,0.955,-110.0,2,insufficient_sample,needs_more_sample
NBA,NBA|dimers|juicereel_unitvacuum|spread,dimers|juicereel_unitvacuum,spread,team,,2,0,2,0,0.0,0.0,-1.9,-0.95,111.0,1,insufficient_sample,needs_more_sample
NBA,NBA|action|juicereel_unitvacuum|vegasinsider|total,action|juicereel_unitvacuum|vegasinsider,total,UNDER,,2,0,2,0,0.0,0.0,-2.05,-1.025,-110.0,1,insufficient_sample,needs_more_sample
NBA,NBA|action|juicereel_sxebets|sportsline|player_prop,action|juicereel_sxebets|sportsline,player_prop,OVER,,2,0,2,0,0.0,0.0,-1.93,-0.965,116.0,1,insufficient_sample,needs_more_sample
NBA,NBA|action|covers|dimers|oddstrader|sportsline|spread,action|covers|dimers|oddstrader|sportsline,spread,ATL,,2,0,2,0,0.0,0.0,-1.94,-0.97,113.0,1,insufficient_sample,needs_more_sample
NBA,NBA|action|oddstrader|vegasinsider|moneyline,action|oddstrader|vegasinsider,moneyline,DET,,2,0,2,0,0.0,0.0,-2.09,-1.045,-120.0,1,insufficient_sample,needs_more_sample
NBA,NBA|betql|covers|dimers|oddstrader|spread,betql|covers|dimers|oddstrader,spread,IND,,2,0,2,0,0.0,0.0,-2.0,-1.0,100.0,1,insufficient_sample,needs_more_sample
NBA,NBA|bettingpros_5star|oddstrader|total,bettingpros_5star|oddstrader,total,UNDER,,2,1,1,0,0.5,0.0945,-1.0,-1.0,,0,insufficient_sample,needs_more_sample
NBA,NBA|dimers|oddstrader|sportsline|moneyline,dimers|oddstrader|sportsline,moneyline,NYK,,2,1,1,0,0.5,0.0945,-0.46,-0.232,-159.5,0,insufficient_sample,needs_more_sample
NBA,NBA|action|dimers|oddstrader|moneyline,action|dimers|oddstrader,moneyline,SAS,,2,2,0,0,1.0,0.3424,0.0,0.0,,0,insufficient_sample,needs_more_sample
NBA,NBA|action|vegasinsider|player_prop,action|vegasinsider,player_prop,OVER,,2,0,2,0,0.0,0.0,-1.97,-0.985,3.0,2,insufficient_sample,needs_more_sample
NBA,NBA|action|oddstrader|sportsline|vegasinsider|spread,action|oddstrader|sportsline|vegasinsider,spread,CHA,,2,0,2,0,0.0,0.0,-2.05,-1.025,-110.0,1,insufficient_sample,needs_more_sample
NBA,NBA|action|bettingpros_5star|sportsline|vegasinsider|spread,action|bettingpros_5star|sportsline|vegasinsider,spread,,,2,0,2,0,0.0,0.0,-2.1,-1.05,-110.0,2,insufficient_sample,needs_more_sample
NBA,NBA|action|betql|sportsline|vegasinsider|spread,action|betql|sportsline|vegasinsider,spread,DEN,,2,2,0,0,1.0,0.3424,1.91,0.955,-110.0,2,insufficient_sample,needs_more_sample
NBA,NBA|action|betql|oddstrader|sportsline|vegasinsider|spread,action|betql|oddstrader|sportsline|vegasinsider,spread,ORL,,2,2,0,0,1.0,0.3424,0.95,0.955,-110.0,1,insufficient_sample,needs_more_sample
NBA,NBA|action|bettingpros_props|sportsline|player_prop,action|bettingpros_props|sportsline,player_prop,OVER,,2,0,2,0,0.0,0.0,-1.86,-0.93,133.0,1,insufficient_sample,needs_more_sample
NBA,NBA|action|betql|bettingpros_experts|oddstrader|vegasinsider|spread,action|betql|bettingpros_experts|oddstrader|vegasinsider,spread,ORL,,2,0,2,0,0.0,0.0,-1.92,-0.96,10.0,1,insufficient_sample,needs_more_sample
NBA,NBA|action|betql|covers|sportsline|vegasinsider|spread,action|betql|covers|sportsline|vegasinsider,spread,HOU,,2,0,2,0,0.0,0.0,-2.05,-1.025,-110.0,1,insufficient_sample,needs_more_sample
MLB,MLB|action|covers|sportsline|moneyline,action|covers|sportsline,moneyline,team,,2,0,2,0,0.0,0.0,-2.1,-1.05,-110.0,2,insufficient_sample,needs_more_sample
MLB,MLB|action|covers|spread,action|covers,spread,team,,2,1,1,0,0.5,0.0945,-0.2,-0.0985,-122.5,2,insufficient_sample,needs_more_sample
NBA,NBA|action|oddstrader|vegasinsider|player_prop,action|oddstrader|vegasinsider,player_prop,OVER,,1,1,0,0,1.0,0.2065,0.95,0.955,-110.0,1,insufficient_sample,needs_more_sample
NBA,NBA|betql|covers|dimers|oddstrader|player_prop,betql|covers|dimers|oddstrader,player_prop,OVER,,1,1,0,0,1.0,0.2065,0.97,0.971,-105.0,1,insufficient_sample,needs_more_sample
NBA,NBA|action|betql|oddstrader|player_prop,action|betql|oddstrader,player_prop,OVER,,1,0,1,0,0.0,0.0,-1.05,-1.05,-110.0,1,insufficient_sample,needs_more_sample
NBA,NBA|action|juicereel_nukethebooks|oddstrader|moneyline,action|juicereel_nukethebooks|oddstrader,moneyline,SAC,,1,0,1,0,0.0,0.0,-1.0,-1.0,,0,insufficient_sample,needs_more_sample
NBA,NBA|betql|covers|sportsline|total,betql|covers|sportsline,total,UNDER,,1,0,1,0,0.0,0.0,-1.0,-1.0,,0,insufficient_sample,needs_more_sample
NBA,NBA|covers|juicereel_sxebets|oddstrader|player_prop,covers|juicereel_sxebets|oddstrader,player_prop,OVER,,1,1,0,0,1.0,0.2065,0.95,0.955,-110.0,1,insufficient_sample,needs_more_sample
NBA,NBA|bettingpros|bettingpros_experts|dimers|vegasinsider|total,bettingpros|bettingpros_experts|dimers|vegasinsider,total,UNDER,,1,1,0,0,1.0,0.2065,1.0,1.0,-100.0,0,insufficient_sample,needs_more_sample
NBA,NBA|bettingpros|juicereel_nukethebooks|total,bettingpros|juicereel_nukethebooks,total,UNDER,,1,0,1,0,0.0,0.0,-0.9,-0.9,-105.0,0,insufficient_sample,needs_more_sample
NBA,NBA|bettingpros|oddstrader|moneyline,bettingpros|oddstrader,moneyline,BKN,,1,0,1,0,0.0,0.0,-1.0,-1.0,,0,insufficient_sample,needs_more_sample
NBA,NBA|bettingpros|total,bettingpros,total,OVER,,1,1,0,0,1.0,0.2065,0.95,0.955,-110.0,1,insufficient_sample,needs_more_sample
NBA,NBA|bettingpros|bettingpros_experts|moneyline,bettingpros|bettingpros_experts,moneyline,IND,,1,0,1,0,0.0,0.0,-0.27,-0.27,650.0,0,insufficient_sample,needs_more_sample
NBA,NBA|covers|juicereel_nukethebooks|oddstrader|player_prop,covers|juicereel_nukethebooks|oddstrader,player_prop,OVER,,1,0,1,0,0.0,0.0,-1.0,-1.0,101.0,1,insufficient_sample,needs_more_sample
NBA,NBA|juicereel_sxebets|spread,juicereel_sxebets,spread,MIA,,1,0,1,0,0.0,0.0,-1.02,-1.02,-105.0,1,insufficient_sample,needs_more_sample
NBA,NBA|action|covers|juicereel_sxebets|player_prop,action|covers|juicereel_sxebets,player_prop,OVER,,1,1,0,0,1.0,0.2065,0.96,0.963,-107.0,1,insufficient_sample,needs_more_sample
NBA,NBA|juicereel_sxebets|total,juicereel_sxebets,total,UNDER,,1,0,1,0,0.0,0.0,-1.0,-1.0,-101.0,1,insufficient_sample,needs_more_sample
NBA,NBA|betql|covers|total,betql|covers,total,UNDER,,1,1,0,0,1.0,0.2065,0.0,0.0,,0,insufficient_sample,needs_more_sample
NBA,NBA|oddstrader|vegasinsider|player_prop,oddstrader|vegasinsider,player_prop,OVER,,1,0,1,0,0.0,0.0,-1.0,-1.0,,0,insufficient_sample,needs_more_sample
NBA,NBA|action|betql|bettingpros_experts|covers|player_prop,action|betql|bettingpros_experts|covers,player_prop,UNDER,,2,0,1,1,0.0,0.0,-0.92,-0.46,118.0,2,insufficient_sample,needs_more_sample
NBA,NBA|action|bettingpros_experts|juicereel_nukethebooks|player_prop,action|bettingpros_experts|juicereel_nukethebooks,player_prop,OVER,,1,0,1,0,0.0,0.0,-1.03,-1.03,-106.0,1,insufficient_sample,needs_more_sample
NBA,NBA|betql|covers|sportsline|player_prop,betql|covers|sportsline,player_prop,OVER,,1,1,0,0,1.0,0.2065,0.97,0.971,-105.0,1,insufficient_sample,needs_more_sample
NBA,NBA|dimers|vegasinsider|total,dimers|vegasinsider,total,OVER,,1,1,0,0,1.0,0.2065,0.0,0.0,,0,insufficient_sample,needs_more_sample
NBA,NBA|betql|bettingpros_experts|oddstrader|spread,betql|bettingpros_experts|oddstrader,spread,CLE,,1,1,0,0,1.0,0.2065,0.95,0.955,-110.0,0,insufficient_sample,needs_more_sample
NBA,NBA|bettingpros_experts|oddstrader|sportsline|moneyline,bettingpros_experts|oddstrader|sportsline,moneyline,CHA,,1,0,1,0,0.0,0.0,-1.0,-1.0,,0,insufficient_sample,needs_more_sample
NBA,NBA|bettingpros_experts|juicereel_unitvacuum|total,bettingpros_experts|juicereel_unitvacuum,total,UNDER,,1,1,0,0,1.0,0.2065,0.38,0.377,-430.0,0,insufficient_sample,needs_more_sample
NBA,NBA|action|betql|sportsline|vegasinsider|total,action|betql|sportsline|vegasinsider,total,OVER,,1,1,0,0,1.0,0.2065,0.0,0.0,,0,insufficient_sample,needs_more_sample
NBA,NBA|sportsline|vegasinsider|total,sportsline|vegasinsider,total,OVER,,1,1,0,0,1.0,0.2065,0.0,0.0,,0,insufficient_sample,needs_more_sample
NBA,NBA|covers|juicereel_nukethebooks|moneyline,covers|juicereel_nukethebooks,moneyline,IND,,1,1,0,0,1.0,0.2065,1.21,1.209,155.0,1,insufficient_sample,needs_more_sample
NBA,NBA|juicereel_unitvacuum|total,juicereel_unitvacuum,total,OVER,,1,1,0,0,1.0,0.2065,0.95,0.955,-110.0,1,insufficient_sample,needs_more_sample
NBA,NBA|bettingpros_experts|covers|moneyline,bettingpros_experts|covers,moneyline,PHI,,1,1,0,0,1.0,0.2065,0.87,0.869,-130.0,1,insufficient_sample,needs_more_sample
NBA,NBA|betql|bettingpros_5star|dimers|oddstrader|total,betql|bettingpros_5star|dimers|oddstrader,total,UNDER,,1,1,0,0,1.0,0.2065,0.0,0.0,,0,insufficient_sample,needs_more_sample
NBA,NBA|action|betql|dimers|oddstrader|total,action|betql|dimers|oddstrader,total,under,,1,0,1,0,0.0,0.0,-1.0,-1.0,,0,insufficient_sample,needs_more_sample
NBA,NBA|dimers|oddstrader|sportsline|spread,dimers|oddstrader|sportsline,spread,MIL,,1,1,0,0,1.0,0.2065,0.95,0.946,-111.0,0,insufficient_sample,needs_more_sample
NBA,NBA|action|dimers|oddstrader|sportsline|moneyline,action|dimers|oddstrader|sportsline,moneyline,NYK,,1,1,0,0,1.0,0.2065,0.87,0.869,-130.0,0,insufficient_sample,needs_more_sample
NBA,NBA|covers|oddstrader|spread,covers|oddstrader,spread,DEN,,1,1,0,0,1.0,0.2065,0.0,0.0,,0,insufficient_sample,needs_more_sample
NBA,NBA|betql|bettingpros_experts|dimers|oddstrader|sportsline|spread,betql|bettingpros_experts|dimers|oddstrader|sportsline,spread,BKN,,1,0,1,0,0.0,0.0,-1.05,-1.05,-110.0,0,insufficient_sample,needs_more_sample
NBA,NBA|covers|sportsline|vegasinsider|spread,covers|sportsline|vegasinsider,spread,ATL,,1,1,0,0,1.0,0.2065,0.95,0.955,-110.0,0,insufficient_sample,needs_more_sample
NBA,NBA|betql|sportsline|vegasinsider|spread,betql|sportsline|vegasinsider,spread,TOR,,1,1,0,0,1.0,0.2065,0.95,0.955,-110.0,0,insufficient_sample,needs_more_sample
NBA,NBA|sportsline|1st_half_spread,sportsline,1st_half_spread,LAC,,1,0,1,0,0.0,0.0,-1.04,-1.04,-108.0,0,insufficient_sample,needs_more_sample
NBA,NBA|betql|covers|sportsline|spread,betql|covers|sportsline,spread,HOU,,1,1,0,0,1.0,0.2065,0.0,0.0,,0,insufficient_sample,needs_more_sample
NBA,NBA|oddstrader|sportsline|total,oddstrader|sportsline,total,OVER,,1,0,1,0,0.0,0.0,-1.05,-1.05,-110.0,1,insufficient_sample,needs_more_sample
NBA,NBA|betql|oddstrader|vegasinsider|total,betql|oddstrader|vegasinsider,total,OVER,,1,0,1,0,0.0,0.0,-1.0,-1.0,,0,insufficient_sample,needs_more_sample
NBA,NBA|bettingpros_props|dimers|player_prop,bettingpros_props|dimers,player_prop,OVER,,1,0,1,0,0.0,0.0,-0.96,-0.96,108.0,1,insufficient_sample,needs_more_sample
NBA,NBA|action|bettingpros_5star|total,action|bettingpros_5star,total,UNDER,,1,0,1,0,0.0,0.0,-1.02,-1.02,-105.0,1,insufficient_sample,needs_more_sample
NBA,NBA|action|covers|sportsline|player_prop,action|covers|sportsline,player_prop,OVER,,1,1,0,0,1.0,0.2065,1.13,1.126,128.0,1,insufficient_sample,needs_more_sample
NBA,NBA|action|oddstrader|vegasinsider|total,action|oddstrader|vegasinsider,total,UNDER,,1,1,0,0,1.0,0.2065,0.0,0.0,,0,insufficient_sample,needs_more_sample
NBA,NBA|action|betql|sportsline|total,action|betql|sportsline,total,OVER,,1,0,1,0,0.0,0.0,-1.05,-1.05,-110.0,1,insufficient_sample,needs_more_sample
NBA,NBA|action|betql|vegasinsider|player_prop,action|betql|vegasinsider,player_prop,OVER,,1,1,0,0,1.0,0.2065,0.97,0.971,-105.0,1,insufficient_sample,needs_more_sample
