pattern_id,sport,market_type,source_combo,current_tier_if_known,n,wins,losses,pushes,win_rate,wilson_lower,units,roi,confidence_bucket,audit_flag,proposed_policy,proposed_reason,manual_decision,manual_note
NBA|betql|player_prop,NBA,player_prop,betql,,16088,7949,8130,9,0.4944,0.4866,-1024.48,-0.0647,strong,acceptable,keep_auto_a,Acceptable edge: wilson=0.487,,
NBA|action|player_prop,NBA,player_prop,action,,5673,2864,2800,9,0.5056,0.4926,-2543.17,-0.8238,strong,acceptable,keep_auto_a,Acceptable edge: wilson=0.493,,
NBA|bettingpros_experts|player_prop,NBA,player_prop,bettingpros_experts,strong_list,5066,3004,1924,138,0.6096,0.5959,-67.24,-0.0138,strong,strong,keep_auto_a,"Strong: wilson=0.596, n=4928",,
MLB|action|moneyline,MLB,moneyline,action,,2735,1368,1367,0,0.5002,0.4815,-1363.19,-0.995,strong,mlb_immature,watchlist_only,MLB patterns not yet mature,,
MLB|action|total,MLB,total,action,,2151,1068,1008,75,0.5145,0.4929,-1006.14,-0.9273,strong,mlb_immature,watchlist_only,MLB patterns not yet mature,,
NBA|oddstrader|player_prop,NBA,player_prop,oddstrader,,1960,1013,947,0,0.5168,0.4947,-157.18,-0.0832,strong,acceptable,keep_auto_a,Acceptable edge: wilson=0.495,,
NBA|sportsline|player_prop,NBA,player_prop,sportsline,strong_list,1900,1016,884,0,0.5347,0.5123,-32.64,-0.0173,strong,solid,keep_auto_a,"Solid: wilson=0.512, n=1900",,
NBA|action|spread,NBA,spread,action,strong_list,1375,728,641,6,0.5318,0.5053,-326.79,-0.3314,strong,solid,keep_auto_a,"Solid: wilson=0.505, n=1369",,
MLB|sportsline|moneyline,MLB,moneyline,sportsline,,1087,562,525,0,0.517,0.4873,-89.54,-0.0824,strong,mlb_immature,watchlist_only,MLB patterns not yet mature,,
NBA|action|total,NBA,total,action,strong_list,1059,576,479,4,0.546,0.5158,-251.94,-0.3456,strong,solid,keep_auto_a,"Solid: wilson=0.516, n=1055",,
NBA|action|betql|player_prop,NBA,player_prop,action|betql,,961,494,452,15,0.5222,0.4903,-207.58,-0.2817,strong,acceptable,keep_auto_a,Acceptable edge: wilson=0.490,,
MLB|action|spread,MLB,spread,action,suspicious_list,887,403,467,17,0.4632,0.4303,-466.34,-0.9635,strong,mlb_immature,watchlist_only,MLB patterns not yet mature,,
NBA|betql|total,NBA,total,betql,suspicious_list,803,357,436,10,0.4502,0.4159,-436.0,-0.9776,strong,below_breakeven,exclude_from_auto_a,Below break-even: wilson=0.416,,
NBA|covers|player_prop,NBA,player_prop,covers,suspicious_list,578,287,291,0,0.4965,0.4559,-61.23,-0.1132,strong,marginal,exclude_from_auto_a,"Marginal: wilson=0.456, insufficient edge",,
NBA|bettingpros_experts|moneyline,NBA,moneyline,bettingpros_experts,strong_list,523,321,197,5,0.6197,0.5771,6.76,0.0131,strong,strong,keep_auto_a,"Strong: wilson=0.577, n=518",,
NBA|bettingpros_props|player_prop,NBA,player_prop,bettingpros_props,suspicious_list,508,243,264,1,0.4793,0.4361,-44.88,-0.0884,strong,marginal,exclude_from_auto_a,"Marginal: wilson=0.436, insufficient edge",,
NBA|action|dimers|spread,NBA,spread,action|dimers,suspicious_list,504,239,255,10,0.4838,0.44,-123.86,-0.3058,strong,marginal,exclude_from_auto_a,"Marginal: wilson=0.440, insufficient edge",,
NBA|bettingpros_experts|spread,NBA,spread,bettingpros_experts,,493,256,234,3,0.5224,0.4782,-14.79,-0.031,strong,acceptable,keep_auto_a,Acceptable edge: wilson=0.478,,
NBA|action|moneyline,NBA,moneyline,action,suspicious_list,482,231,250,1,0.4802,0.4359,-123.61,-0.3424,strong,marginal,exclude_from_auto_a,"Marginal: wilson=0.436, insufficient edge",,
NBA|betql|spread,NBA,spread,betql,,465,234,225,6,0.5098,0.4642,-218.14,-0.9243,strong,acceptable,keep_auto_a,Acceptable edge: wilson=0.464,,
NBA|dimers|player_prop,NBA,player_prop,dimers,suspicious_list,422,158,264,0,0.3744,0.3296,-32.47,-0.0769,strong,very_weak,exclude_from_auto_a,"Very weak: wilson=0.330, 158W-264L",,
NBA|action|sportsline|spread,NBA,spread,action|sportsline,,408,215,187,6,0.5348,0.486,-115.08,-0.4246,strong,acceptable,keep_auto_a,Acceptable edge: wilson=0.486,,
NBA|bettingpros_experts|total,NBA,total,bettingpros_experts,strong_list,383,220,163,0,0.5744,0.5244,16.8,0.0465,strong,strong,keep_auto_a,"Strong: wilson=0.524, n=383",,
NBA|oddstrader|spread,NBA,spread,oddstrader,suspicious_list,366,182,179,5,0.5042,0.4528,-150.91,-0.6829,strong,marginal,exclude_from_auto_a,"Marginal: wilson=0.453, insufficient edge",,
NBA|oddstrader|moneyline,NBA,moneyline,oddstrader,suspicious_list,309,144,165,0,0.466,0.4112,-166.83,-1.005,strong,below_breakeven,exclude_from_auto_a,Below break-even: wilson=0.411,,
NBA|sportsline|spread,NBA,spread,sportsline,,307,158,144,5,0.5232,0.4669,-31.69,-0.1161,strong,acceptable,keep_auto_a,Acceptable edge: wilson=0.467,,
NBA|dimers|moneyline,NBA,moneyline,dimers,suspicious_list,248,100,148,0,0.4032,0.3441,-13.22,-0.054,strong,very_weak,exclude_from_auto_a,"Very weak: wilson=0.344, 100W-148L",,
NBA|sportsline|moneyline,NBA,moneyline,sportsline,strong_list,232,133,99,0,0.5733,0.5089,-11.66,-0.0512,strong,solid,keep_auto_a,"Solid: wilson=0.509, n=232",,
NBA|juicereel_sxebets|player_prop,NBA,player_prop,juicereel_sxebets,suspicious_list,221,106,112,3,0.4862,0.4207,-27.43,-0.1515,strong,marginal,exclude_from_auto_a,"Marginal: wilson=0.421, insufficient edge",,
NBA|oddstrader|total,NBA,total,oddstrader,suspicious_list,193,94,97,2,0.4921,0.4221,-90.83,-0.8569,strong,marginal,exclude_from_auto_a,"Marginal: wilson=0.422, insufficient edge",,
NBA|action|betql|spread,NBA,spread,action|betql,suspicious_list,189,87,102,0,0.4603,0.3908,-65.8,-0.4874,strong,below_breakeven,exclude_from_auto_a,Below break-even: wilson=0.391,,
MLB|action|sportsline|total,MLB,total,action|sportsline,suspicious_list,188,85,93,10,0.4775,0.4054,-52.98,-0.3604,strong,mlb_immature,watchlist_only,MLB patterns not yet mature,,
MLB|sportsline|spread,MLB,spread,sportsline,strong_list,177,99,73,5,0.5756,0.5009,6.03,0.0341,strong,mlb_watchlist,watchlist_only,MLB approaching but needs more sample,,
NBA|action|betql|total,NBA,total,action|betql,suspicious_list,165,63,102,0,0.3818,0.3112,-92.23,-0.8162,strong,very_weak,exclude_from_auto_a,"Very weak: wilson=0.311, 63W-102L",,
NBA|dimers|spread,NBA,spread,dimers,,158,88,70,0,0.557,0.4791,11.92,0.0769,strong,acceptable,keep_auto_a,Acceptable edge: wilson=0.479,,
NBA|betql|covers|player_prop,NBA,player_prop,betql|covers,suspicious_list,145,73,69,3,0.5141,0.4326,0.76,0.0052,actionable,marginal,exclude_from_auto_a,"Marginal: wilson=0.433, insufficient edge",,
NBA|action|dimers|moneyline,NBA,moneyline,action|dimers,suspicious_list,139,65,74,0,0.4676,0.3867,-41.68,-0.3789,actionable,below_breakeven,exclude_from_auto_a,Below break-even: wilson=0.387,,
NBA|juicereel_nukethebooks|player_prop,NBA,player_prop,juicereel_nukethebooks,strong_list,126,74,52,0,0.5873,0.5,-23.08,-0.2715,actionable,solid,keep_auto_a,"Solid: wilson=0.500, n=126",,
NBA|action|dimers|total,NBA,total,action|dimers,suspicious_list,101,47,54,0,0.4653,0.3711,-35.62,-0.4879,actionable,below_breakeven,exclude_from_auto_a,Below break-even: wilson=0.371,,
NBA|dimers|total,NBA,total,dimers,suspicious_list,101,46,55,0,0.4554,0.3617,-7.23,-0.0723,actionable,below_breakeven,exclude_from_auto_a,Below break-even: wilson=0.362,,
NBA|betql|oddstrader|player_prop,NBA,player_prop,betql|oddstrader,suspicious_list,97,51,46,0,0.5258,0.4273,-9.83,-0.1156,actionable,marginal,exclude_from_auto_a,"Marginal: wilson=0.427, insufficient edge",,
NBA|action|bettingpros_experts|spread,NBA,spread,action|bettingpros_experts,suspicious_list,90,42,45,3,0.4828,0.3807,-18.15,-0.2298,actionable,below_breakeven,exclude_from_auto_a,Below break-even: wilson=0.381,,
NBA|action|dimers|sportsline|spread,NBA,spread,action|dimers|sportsline,strong_list,76,54,22,0,0.7105,0.6004,-3.1,-0.0738,actionable,strong,keep_auto_a,"Strong: wilson=0.600, n=76",,
NBA|bettingpros_experts|sportsline|player_prop,NBA,player_prop,bettingpros_experts|sportsline,strong_list,76,49,27,0,0.6447,0.5326,5.57,0.0774,actionable,strong,keep_auto_a,"Strong: wilson=0.533, n=76",,
NBA|action|vegasinsider|spread,NBA,spread,action|vegasinsider,suspicious_list,68,38,30,0,0.5588,0.4408,-6.17,-0.1143,watchlist,marginal,exclude_from_auto_a,"Marginal: wilson=0.441, insufficient edge",,
MLB|sportsline|total,MLB,total,sportsline,suspicious_list,68,33,33,2,0.5,0.3827,-2.81,-0.0414,watchlist,mlb_immature,watchlist_only,MLB patterns not yet mature,,
NBA|action|bettingpros_experts|total,NBA,total,action|bettingpros_experts,suspicious_list,61,33,28,0,0.541,0.4172,-10.83,-0.2355,watchlist,below_breakeven,exclude_from_auto_a,Below break-even: wilson=0.417,,
NBA|action|oddstrader|spread,NBA,spread,action|oddstrader,suspicious_list,61,32,29,0,0.5246,0.4016,-18.85,-0.4713,watchlist,below_breakeven,exclude_from_auto_a,Below break-even: wilson=0.402,,
NBA|action|sportsline|moneyline,NBA,moneyline,action|sportsline,suspicious_list,58,31,27,0,0.5345,0.408,-12.55,-0.2789,watchlist,below_breakeven,exclude_from_auto_a,Below break-even: wilson=0.408,,
NBA|action|juicereel_sxebets|player_prop,NBA,player_prop,action|juicereel_sxebets,,52,33,19,0,0.6346,0.4987,-11.62,-0.5054,watchlist,acceptable,keep_auto_a,Acceptable edge: wilson=0.499,,
NBA|action|dimers|oddstrader|spread,NBA,spread,action|dimers|oddstrader,suspicious_list,49,17,32,0,0.3469,0.2292,-25.38,-0.6508,watchlist,very_weak,exclude_from_auto_a,"Very weak: wilson=0.229, 17W-32L",,
NBA|betql|juicereel_sxebets|player_prop,NBA,player_prop,betql|juicereel_sxebets,suspicious_list,45,25,20,0,0.5556,0.4118,-5.58,-0.1801,watchlist,below_breakeven,exclude_from_auto_a,Below break-even: wilson=0.412,,
NBA|betql|dimers|total,NBA,total,betql|dimers,suspicious_list,45,26,19,0,0.5778,0.433,-19.04,-1.0021,watchlist,marginal,exclude_from_auto_a,"Marginal: wilson=0.433, insufficient edge",,
NBA|bettingpros_experts|oddstrader|moneyline,NBA,moneyline,bettingpros_experts|oddstrader,,44,30,14,0,0.6818,0.5344,1.26,0.036,watchlist,promising_low_n,needs_more_sample,Edge present but n=44 < 50,,
NBA|action|covers|player_prop,NBA,player_prop,action|covers,suspicious_list,44,25,18,1,0.5814,0.4333,-1.67,-0.0463,watchlist,marginal,exclude_from_auto_a,"Marginal: wilson=0.433, insufficient edge",,
NBA|action|dimers|sportsline|moneyline,NBA,moneyline,action|dimers|sportsline,suspicious_list,38,10,28,0,0.2632,0.1497,-25.66,-0.7775,watchlist,severe_loser,exclude_from_auto_a,"Severe: wilson=0.150, 10W-28L",,
NBA|bettingpros_experts|oddstrader|spread,NBA,spread,bettingpros_experts|oddstrader,suspicious_list,34,17,17,0,0.5,0.3407,-3.2,-0.0971,watchlist,very_weak,exclude_from_auto_a,"Very weak: wilson=0.341, 17W-17L",,
NBA|betql|dimers|player_prop,NBA,player_prop,betql|dimers,suspicious_list,32,12,20,0,0.375,0.2293,-7.51,-0.2348,watchlist,very_weak,exclude_from_auto_a,"Very weak: wilson=0.229, 12W-20L",,
NBA|action|sportsline|vegasinsider|spread,NBA,spread,action|sportsline|vegasinsider,suspicious_list,32,19,13,0,0.5938,0.4226,-1.96,-0.0784,watchlist,marginal,exclude_from_auto_a,"Marginal: wilson=0.423, insufficient edge",,
NBA|bettingpros_experts|oddstrader|total,NBA,total,bettingpros_experts|oddstrader,suspicious_list,31,12,19,0,0.3871,0.2373,-8.38,-0.2793,watchlist,very_weak,exclude_from_auto_a,"Very weak: wilson=0.237, 12W-19L",,
NBA|action|juicereel_nukethebooks|player_prop,NBA,player_prop,action|juicereel_nukethebooks,suspicious_list,31,12,19,0,0.3871,0.2373,-16.1,-0.7317,watchlist,very_weak,exclude_from_auto_a,"Very weak: wilson=0.237, 12W-19L",,
NBA|action|bettingpros_experts|dimers|spread,NBA,spread,action|bettingpros_experts|dimers,suspicious_list,30,8,22,0,0.2667,0.1418,-19.24,-0.7127,watchlist,severe_loser,exclude_from_auto_a,"Severe: wilson=0.142, 8W-22L",,
NBA|action|betql|vegasinsider|spread,NBA,spread,action|betql|vegasinsider,,33,20,10,3,0.6667,0.4878,-0.72,-0.0313,watchlist,promising_low_n,needs_more_sample,Edge present but n=30 < 50,,
NBA|covers|oddstrader|player_prop,NBA,player_prop,covers|oddstrader,suspicious_list,30,14,16,0,0.4667,0.3023,-7.91,-0.3166,watchlist,very_weak,exclude_from_auto_a,"Very weak: wilson=0.302, 14W-16L",,
NBA|bettingpros_props|oddstrader|player_prop,NBA,player_prop,bettingpros_props|oddstrader,suspicious_list,30,3,27,0,0.1,0.0346,-25.66,-0.8552,watchlist,severe_loser,exclude_from_auto_a,"Severe: wilson=0.035, 3W-27L",,
NBA|action|oddstrader|moneyline,NBA,moneyline,action|oddstrader,suspicious_list,29,17,12,0,0.5862,0.4074,-7.04,-0.4138,watchlist,marginal,exclude_from_auto_a,"Marginal: wilson=0.407, insufficient edge",,
NBA|sportsline|total,NBA,total,sportsline,suspicious_list,28,13,15,0,0.4643,0.2953,-5.01,-0.1928,watchlist,marginal,exclude_from_auto_a,"Marginal: wilson=0.295, insufficient edge",,
NBA|covers|spread,NBA,spread,covers,suspicious_list,26,12,14,0,0.4615,0.2876,-3.75,-0.1787,watchlist,marginal,exclude_from_auto_a,"Marginal: wilson=0.288, insufficient edge",,
NBA|action|betql|sportsline|spread,NBA,spread,action|betql|sportsline,suspicious_list,27,14,12,1,0.5385,0.3546,-6.52,-0.3429,watchlist,marginal,exclude_from_auto_a,"Marginal: wilson=0.355, insufficient edge",,
NBA|juicereel_nukethebooks|juicereel_sxebets|player_prop,NBA,player_prop,juicereel_nukethebooks|juicereel_sxebets,suspicious_list,27,10,15,2,0.4,0.234,-8.12,-0.3247,watchlist,marginal,exclude_from_auto_a,"Marginal: wilson=0.234, insufficient edge",,
NBA|betql|dimers|spread,NBA,spread,betql|dimers,suspicious_list,25,8,17,0,0.32,0.172,-14.74,-0.6698,watchlist,severe_loser,exclude_from_auto_a,"Severe: wilson=0.172, 8W-17L",,
NBA|action|betql|dimers|total,NBA,total,action|betql|dimers,,25,13,11,1,0.5417,0.3507,-9.61,-0.7388,insufficient_sample,low_sample,needs_more_sample,n=24 < 25,,
NBA|dimers|sportsline|moneyline,NBA,moneyline,dimers|sportsline,,24,15,9,0,0.625,0.4271,1.35,0.0562,insufficient_sample,low_sample,needs_more_sample,n=24 < 25,,
NBA|action|bettingpros_props|player_prop,NBA,player_prop,action|bettingpros_props,,24,15,9,0,0.625,0.4271,4.23,0.1841,insufficient_sample,low_sample,needs_more_sample,n=24 < 25,,
NBA|covers|juicereel_sxebets|player_prop,NBA,player_prop,covers|juicereel_sxebets,,23,11,12,0,0.4783,0.2924,-5.25,-0.25,insufficient_sample,low_sample,needs_more_sample,n=23 < 25,,
NBA|covers|sportsline|player_prop,NBA,player_prop,covers|sportsline,,22,14,7,1,0.6667,0.4537,6.56,0.2982,insufficient_sample,low_sample,needs_more_sample,n=21 < 25,,
NBA|bettingpros_props|covers|player_prop,NBA,player_prop,bettingpros_props|covers,,21,16,5,0,0.7619,0.5491,9.56,0.4552,insufficient_sample,low_sample,needs_more_sample,n=21 < 25,,
NBA|action|oddstrader|sportsline|spread,NBA,spread,action|oddstrader|sportsline,,20,8,12,0,0.4,0.2188,-8.54,-0.5338,insufficient_sample,low_sample,needs_more_sample,n=20 < 25,,
NBA|covers|dimers|player_prop,NBA,player_prop,covers|dimers,,20,12,8,0,0.6,0.3866,4.7,0.2351,insufficient_sample,low_sample,needs_more_sample,n=20 < 25,,
NBA|juicereel_sxebets|oddstrader|player_prop,NBA,player_prop,juicereel_sxebets|oddstrader,,20,13,7,0,0.65,0.4329,2.48,0.1773,insufficient_sample,low_sample,needs_more_sample,n=20 < 25,,
NBA|action|covers|total,NBA,total,action|covers,,19,14,5,0,0.7368,0.5121,-2.13,-0.2667,insufficient_sample,low_sample,needs_more_sample,n=19 < 25,,
NBA|action|covers|spread,NBA,spread,action|covers,,19,6,13,0,0.3158,0.1536,-10.32,-0.6453,insufficient_sample,low_sample,needs_more_sample,n=19 < 25,,
NBA|action|oddstrader|vegasinsider|spread,NBA,spread,action|oddstrader|vegasinsider,,19,7,12,0,0.3684,0.1915,-6.02,-0.3539,insufficient_sample,low_sample,needs_more_sample,n=19 < 25,,
NBA|action|betql|bettingpros_experts|spread,NBA,spread,action|betql|bettingpros_experts,,18,10,8,0,0.5556,0.3372,-4.23,-0.3528,insufficient_sample,low_sample,needs_more_sample,n=18 < 25,,
NBA|covers|total,NBA,total,covers,,18,8,10,0,0.4444,0.2456,-4.69,-0.2929,insufficient_sample,low_sample,needs_more_sample,n=18 < 25,,
NBA|action|covers|vegasinsider|spread,NBA,spread,action|covers|vegasinsider,,18,10,8,0,0.5556,0.3372,-0.87,-0.0581,insufficient_sample,low_sample,needs_more_sample,n=18 < 25,,
NBA|action|sportsline|player_prop,NBA,player_prop,action|sportsline,,18,9,9,0,0.5,0.2903,0.02,0.0011,insufficient_sample,low_sample,needs_more_sample,n=18 < 25,,
NBA|bettingpros_experts|sportsline|spread,NBA,spread,bettingpros_experts|sportsline,,18,7,11,0,0.3889,0.203,-4.85,-0.2694,insufficient_sample,low_sample,needs_more_sample,n=18 < 25,,
NBA|bettingpros_props|sportsline|player_prop,NBA,player_prop,bettingpros_props|sportsline,,18,18,0,0,1.0,0.8241,17.22,0.9564,insufficient_sample,low_sample,needs_more_sample,n=18 < 25,,
NBA|betql|juicereel_nukethebooks|player_prop,NBA,player_prop,betql|juicereel_nukethebooks,,17,7,10,0,0.4118,0.2161,-5.56,-0.3707,insufficient_sample,low_sample,needs_more_sample,n=17 < 25,,
NBA|action|vegasinsider|moneyline,NBA,moneyline,action|vegasinsider,,17,9,8,0,0.5294,0.3096,-2.23,-0.1716,insufficient_sample,low_sample,needs_more_sample,n=17 < 25,,
NBA|dimers|oddstrader|spread,NBA,spread,dimers|oddstrader,,17,12,5,0,0.7059,0.4687,-0.14,-0.0141,insufficient_sample,low_sample,needs_more_sample,n=17 < 25,,
NBA|dimers|oddstrader|total,NBA,total,dimers|oddstrader,,17,10,7,0,0.5882,0.3601,-1.56,-0.13,insufficient_sample,low_sample,needs_more_sample,n=17 < 25,,
NBA|sportsline|team_total,NBA,team_total,sportsline,,16,10,6,0,0.625,0.3864,3.0,0.1874,insufficient_sample,low_sample,needs_more_sample,n=16 < 25,,
NBA|action|betql|dimers|spread,NBA,spread,action|betql|dimers,,15,15,0,0,1.0,0.7961,7.81,0.9765,insufficient_sample,low_sample,needs_more_sample,n=15 < 25,,
NBA|action|bettingpros_experts|moneyline,NBA,moneyline,action|bettingpros_experts,,15,4,11,0,0.2667,0.109,-7.91,-0.5648,insufficient_sample,low_sample,needs_more_sample,n=15 < 25,,
NBA|covers|moneyline,NBA,moneyline,covers,,15,5,10,0,0.3333,0.1518,-4.77,-0.3404,insufficient_sample,low_sample,needs_more_sample,n=15 < 25,,
NBA|action|sportsline|total,NBA,total,action|sportsline,,15,5,10,0,0.3333,0.1518,-8.35,-0.696,insufficient_sample,low_sample,needs_more_sample,n=15 < 25,,
NBA|dimers|vegasinsider|spread,NBA,spread,dimers|vegasinsider,,15,5,10,0,0.3333,0.1518,-6.38,-0.4556,insufficient_sample,low_sample,needs_more_sample,n=15 < 25,,
NBA|action|betql|dimers|vegasinsider|spread,NBA,spread,action|betql|dimers|vegasinsider,,16,8,7,1,0.5333,0.3012,-3.28,-0.2729,insufficient_sample,low_sample,needs_more_sample,n=15 < 25,,
NBA|action|vegasinsider|total,NBA,total,action|vegasinsider,,15,11,3,1,0.7857,0.5241,-1.14,-0.19,insufficient_sample,low_sample,needs_more_sample,n=14 < 25,,
NBA|action|dimers|vegasinsider|spread,NBA,spread,action|dimers|vegasinsider,,14,8,6,0,0.5714,0.3259,-2.08,-0.2085,insufficient_sample,low_sample,needs_more_sample,n=14 < 25,,
NBA|betql|covers|oddstrader|player_prop,NBA,player_prop,betql|covers|oddstrader,,14,6,8,0,0.4286,0.2138,-3.49,-0.2688,insufficient_sample,low_sample,needs_more_sample,n=14 < 25,,
NBA|vegasinsider|total,NBA,total,vegasinsider,,14,8,6,0,0.5714,0.3259,0.51,0.0392,insufficient_sample,low_sample,needs_more_sample,n=14 < 25,,
NBA|dimers|oddstrader|moneyline,NBA,moneyline,dimers|oddstrader,,13,5,8,0,0.3846,0.1771,-4.83,-0.4832,insufficient_sample,low_sample,needs_more_sample,n=13 < 25,,
NBA|vegasinsider|spread,NBA,spread,vegasinsider,,13,7,6,0,0.5385,0.2914,0.37,0.0284,insufficient_sample,low_sample,needs_more_sample,n=13 < 25,,
NBA|action|betql|bettingpros_experts|total,NBA,total,action|betql|bettingpros_experts,,12,6,6,0,0.5,0.2538,-6.3,-1.05,insufficient_sample,low_sample,needs_more_sample,n=12 < 25,,
NBA|sportsline|vegasinsider|spread,NBA,spread,sportsline|vegasinsider,,12,12,0,0,1.0,0.7575,9.44,0.9444,insufficient_sample,low_sample,needs_more_sample,n=12 < 25,,
NBA|vegasinsider|player_prop,NBA,player_prop,vegasinsider,,12,4,8,0,0.3333,0.1381,-3.65,-0.3041,insufficient_sample,low_sample,needs_more_sample,n=12 < 25,,
NBA|bettingpros_experts|dimers|oddstrader|spread,NBA,spread,bettingpros_experts|dimers|oddstrader,,12,2,10,0,0.1667,0.047,-9.23,-0.839,insufficient_sample,low_sample,needs_more_sample,n=12 < 25,,
NBA|dimers|sportsline|spread,NBA,spread,dimers|sportsline,,13,5,7,1,0.4167,0.1933,-3.33,-0.2777,insufficient_sample,low_sample,needs_more_sample,n=12 < 25,,
NBA|action|bettingpros_experts|dimers|moneyline,NBA,moneyline,action|bettingpros_experts|dimers,,11,8,3,0,0.7273,0.4343,0.94,0.1171,insufficient_sample,low_sample,needs_more_sample,n=11 < 25,,
NBA|action|oddstrader|total,NBA,total,action|oddstrader,,11,5,6,0,0.4545,0.2127,-4.14,-0.5175,insufficient_sample,low_sample,needs_more_sample,n=11 < 25,,
NBA|betql|bettingpros_experts|total,NBA,total,betql|bettingpros_experts,,11,7,4,0,0.6364,0.3538,-3.07,-0.5117,insufficient_sample,low_sample,needs_more_sample,n=11 < 25,,
NBA|action|bettingpros_experts|vegasinsider|spread,NBA,spread,action|bettingpros_experts|vegasinsider,,11,9,2,0,0.8182,0.523,4.33,0.4807,insufficient_sample,low_sample,needs_more_sample,n=11 < 25,,
NBA|bettingpros_experts|dimers|moneyline,NBA,moneyline,bettingpros_experts|dimers,,10,7,3,0,0.7,0.3968,4.2,0.4198,insufficient_sample,low_sample,needs_more_sample,n=10 < 25,,
NBA|oddstrader|sportsline|spread,NBA,spread,oddstrader|sportsline,,10,7,3,0,0.7,0.3968,-0.19,-0.0323,insufficient_sample,low_sample,needs_more_sample,n=10 < 25,,
NBA|covers|dimers|spread,NBA,spread,covers|dimers,,10,7,3,0,0.7,0.3968,1.81,0.201,insufficient_sample,low_sample,needs_more_sample,n=10 < 25,,
NBA|betql|vegasinsider|spread,NBA,spread,betql|vegasinsider,,10,3,7,0,0.3,0.1078,-6.22,-0.7776,insufficient_sample,low_sample,needs_more_sample,n=10 < 25,,
NBA|betql|covers|juicereel_sxebets|player_prop,NBA,player_prop,betql|covers|juicereel_sxebets,,10,8,2,0,0.8,0.4902,10.54,1.0539,insufficient_sample,low_sample,needs_more_sample,n=10 < 25,,
NBA|action|oddstrader|player_prop,NBA,player_prop,action|oddstrader,,10,7,3,0,0.7,0.3968,3.39,0.3394,insufficient_sample,low_sample,needs_more_sample,n=10 < 25,,
NBA|juicereel_nukethebooks|total,NBA,total,juicereel_nukethebooks,,10,8,2,0,0.8,0.4902,5.54,0.554,insufficient_sample,low_sample,needs_more_sample,n=10 < 25,,
NBA|bettingpros_5star|moneyline,NBA,moneyline,bettingpros_5star,,10,1,9,0,0.1,0.0179,-1.2,-0.1195,insufficient_sample,low_sample,needs_more_sample,n=10 < 25,,
NBA|action|betql|dimers|sportsline|spread,NBA,spread,action|betql|dimers|sportsline,,9,6,3,0,0.6667,0.3542,-1.86,-0.3716,insufficient_sample,low_sample,needs_more_sample,n=9 < 25,,
NBA|action|bettingpros_experts|sportsline|spread,NBA,spread,action|bettingpros_experts|sportsline,,9,3,6,0,0.3333,0.1206,-4.36,-0.5449,insufficient_sample,low_sample,needs_more_sample,n=9 < 25,,
NBA|action|bettingpros_experts|oddstrader|vegasinsider|spread,NBA,spread,action|bettingpros_experts|oddstrader|vegasinsider,,9,3,6,0,0.3333,0.1206,-4.51,-0.5636,insufficient_sample,low_sample,needs_more_sample,n=9 < 25,,
NBA|betql|dimers|vegasinsider|spread,NBA,spread,betql|dimers|vegasinsider,,9,5,4,0,0.5556,0.2666,-1.76,-0.251,insufficient_sample,low_sample,needs_more_sample,n=9 < 25,,
NBA|betql|covers|dimers|player_prop,NBA,player_prop,betql|covers|dimers,,8,7,1,0,0.875,0.5291,6.11,0.7635,insufficient_sample,low_sample,needs_more_sample,n=8 < 25,,
NBA|betql|oddstrader|spread,NBA,spread,betql|oddstrader,,8,4,4,0,0.5,0.2152,-2.05,-0.3413,insufficient_sample,low_sample,needs_more_sample,n=8 < 25,,
NBA|action|juicereel_nukethebooks|moneyline,NBA,moneyline,action|juicereel_nukethebooks,,8,6,2,0,0.75,0.4093,-2.0,-1.0,insufficient_sample,low_sample,needs_more_sample,n=8 < 25,,
NBA|action|bettingpros_experts|oddstrader|spread,NBA,spread,action|bettingpros_experts|oddstrader,,8,6,2,0,0.75,0.4093,-0.32,-0.08,insufficient_sample,low_sample,needs_more_sample,n=8 < 25,,
NBA|dimers|oddstrader|player_prop,NBA,player_prop,dimers|oddstrader,,8,4,4,0,0.5,0.2152,-0.82,-0.1171,insufficient_sample,low_sample,needs_more_sample,n=8 < 25,,
NBA|covers|vegasinsider|spread,NBA,spread,covers|vegasinsider,,8,2,6,0,0.25,0.0715,-3.66,-0.457,insufficient_sample,low_sample,needs_more_sample,n=8 < 25,,
NBA|juicereel_nukethebooks|sportsline|player_prop,NBA,player_prop,juicereel_nukethebooks|sportsline,,8,7,1,0,0.875,0.5291,5.68,0.7096,insufficient_sample,low_sample,needs_more_sample,n=8 < 25,,
NBA|juicereel_nukethebooks|moneyline,NBA,moneyline,juicereel_nukethebooks,,8,2,6,0,0.25,0.0715,-3.2,-0.3998,insufficient_sample,low_sample,needs_more_sample,n=8 < 25,,
NBA|action|betql|covers|spread,NBA,spread,action|betql|covers,,8,3,5,0,0.375,0.1368,-3.11,-0.4443,insufficient_sample,low_sample,needs_more_sample,n=8 < 25,,
NBA|action|betql|bettingpros_experts|vegasinsider|spread,NBA,spread,action|betql|bettingpros_experts|vegasinsider,,8,6,2,0,0.75,0.4093,1.51,0.2512,insufficient_sample,low_sample,needs_more_sample,n=8 < 25,,
NBA|bettingpros_5star|bettingpros_experts|oddstrader|total,NBA,total,bettingpros_5star|bettingpros_experts|oddstrader,,8,4,4,0,0.5,0.2152,-1.83,-0.2609,insufficient_sample,low_sample,needs_more_sample,n=8 < 25,,
NBA|betql|dimers|oddstrader|spread,NBA,spread,betql|dimers|oddstrader,,7,5,2,0,0.7143,0.3589,1.19,0.199,insufficient_sample,low_sample,needs_more_sample,n=7 < 25,,
NBA|oddstrader|sportsline|moneyline,NBA,moneyline,oddstrader|sportsline,,7,4,3,0,0.5714,0.2505,-1.34,-0.2672,insufficient_sample,low_sample,needs_more_sample,n=7 < 25,,
NBA|betql|covers|spread,NBA,spread,betql|covers,,7,3,4,0,0.4286,0.1582,-1.41,-0.235,insufficient_sample,low_sample,needs_more_sample,n=7 < 25,,
NBA|vegasinsider|moneyline,NBA,moneyline,vegasinsider,,7,4,3,0,0.5714,0.2505,1.98,0.283,insufficient_sample,low_sample,needs_more_sample,n=7 < 25,,
NBA|action|covers|dimers|vegasinsider|spread,NBA,spread,action|covers|dimers|vegasinsider,,7,3,4,0,0.4286,0.1582,-2.04,-0.3408,insufficient_sample,low_sample,needs_more_sample,n=7 < 25,,
NBA|betql|sportsline|total,NBA,total,betql|sportsline,,7,2,5,0,0.2857,0.0822,-5.07,-1.014,insufficient_sample,low_sample,needs_more_sample,n=7 < 25,,
NBA|covers|vegasinsider|player_prop,NBA,player_prop,covers|vegasinsider,,6,4,2,0,0.6667,0.3,2.39,0.398,insufficient_sample,low_sample,needs_more_sample,n=6 < 25,,
NBA|action|juicereel_sxebets|moneyline,NBA,moneyline,action|juicereel_sxebets,,6,5,1,0,0.8333,0.4365,-1.0,-1.0,insufficient_sample,low_sample,needs_more_sample,n=6 < 25,,
NBA|juicereel_nukethebooks|oddstrader|player_prop,NBA,player_prop,juicereel_nukethebooks|oddstrader,,6,2,4,0,0.3333,0.0968,-2.56,-0.5118,insufficient_sample,low_sample,needs_more_sample,n=6 < 25,,
NBA|action|bettingpros_experts|sportsline|total,NBA,total,action|bettingpros_experts|sportsline,,6,2,4,0,0.3333,0.0968,-2.81,-0.563,insufficient_sample,low_sample,needs_more_sample,n=6 < 25,,
NBA|action|bettingpros_experts|covers|spread,NBA,spread,action|bettingpros_experts|covers,,6,4,2,0,0.6667,0.3,-0.19,-0.0475,insufficient_sample,low_sample,needs_more_sample,n=6 < 25,,
NBA|betql|sportsline|player_prop,NBA,player_prop,betql|sportsline,,6,4,2,0,0.6667,0.3,1.78,0.296,insufficient_sample,low_sample,needs_more_sample,n=6 < 25,,
NBA|bettingpros_experts|dimers|spread,NBA,spread,bettingpros_experts|dimers,,6,2,4,0,0.3333,0.0968,-2.02,-0.337,insufficient_sample,low_sample,needs_more_sample,n=6 < 25,,
NBA|action|bettingpros_experts|sportsline|vegasinsider|spread,NBA,spread,action|bettingpros_experts|sportsline|vegasinsider,,6,0,6,0,0.0,0.0,-6.29,-1.0483,insufficient_sample,low_sample,needs_more_sample,n=6 < 25,,
NBA|oddstrader|sportsline|player_prop,NBA,player_prop,oddstrader|sportsline,,6,5,1,0,0.8333,0.4365,3.33,0.5552,insufficient_sample,low_sample,needs_more_sample,n=6 < 25,,
NBA|bettingpros_experts|vegasinsider|spread,NBA,spread,bettingpros_experts|vegasinsider,,6,4,2,0,0.6667,0.3,1.3,0.2175,insufficient_sample,low_sample,needs_more_sample,n=6 < 25,,
NBA|dimers|vegasinsider|moneyline,NBA,moneyline,dimers|vegasinsider,,6,3,3,0,0.5,0.1876,-1.91,-0.383,insufficient_sample,low_sample,needs_more_sample,n=6 < 25,,
NBA|action|bettingpros_experts|covers|vegasinsider|spread,NBA,spread,action|bettingpros_experts|covers|vegasinsider,,6,4,2,0,0.6667,0.3,0.88,0.1764,insufficient_sample,low_sample,needs_more_sample,n=6 < 25,,
NBA|action|bettingpros_experts|covers|dimers|oddstrader|spread,NBA,spread,action|bettingpros_experts|covers|dimers|oddstrader,,6,2,4,0,0.3333,0.0968,-3.03,-0.6066,insufficient_sample,low_sample,needs_more_sample,n=6 < 25,,
NBA|action|covers|dimers|spread,NBA,spread,action|covers|dimers,,6,3,3,0,0.5,0.1876,-1.95,-0.4878,insufficient_sample,low_sample,needs_more_sample,n=6 < 25,,
NBA|bettingpros_5star|dimers|moneyline,NBA,moneyline,bettingpros_5star|dimers,,6,0,6,0,0.0,0.0,-3.0,-0.5,insufficient_sample,low_sample,needs_more_sample,n=6 < 25,,
NBA|action|juicereel_nukethebooks|spread,NBA,spread,action|juicereel_nukethebooks,,6,4,2,0,0.6667,0.3,-1.04,-0.3483,insufficient_sample,low_sample,needs_more_sample,n=6 < 25,,
NBA|action|betql|covers|player_prop,NBA,player_prop,action|betql|covers,,5,0,5,0,0.0,-0.0,-5.05,-1.01,insufficient_sample,low_sample,needs_more_sample,n=5 < 25,,
NBA|action|sportsline|vegasinsider|total,NBA,total,action|sportsline|vegasinsider,,5,3,2,0,0.6,0.2307,-2.0,-1.0,insufficient_sample,low_sample,needs_more_sample,n=5 < 25,,
NBA|betql|covers|juicereel_nukethebooks|player_prop,NBA,player_prop,betql|covers|juicereel_nukethebooks,,5,3,2,0,0.6,0.2307,0.76,0.152,insufficient_sample,low_sample,needs_more_sample,n=5 < 25,,
NBA|action|covers|sportsline|vegasinsider|spread,NBA,spread,action|covers|sportsline|vegasinsider,,5,2,3,0,0.4,0.1176,-2.12,-0.53,insufficient_sample,low_sample,needs_more_sample,n=5 < 25,,
NBA|action|betql|juicereel_nukethebooks|player_prop,NBA,player_prop,action|betql|juicereel_nukethebooks,,5,3,2,0,0.6,0.2307,-0.98,-0.328,insufficient_sample,low_sample,needs_more_sample,n=5 < 25,,
NBA|covers|juicereel_nukethebooks|player_prop,NBA,player_prop,covers|juicereel_nukethebooks,,5,5,0,0,1.0,0.5655,2.98,0.7443,insufficient_sample,low_sample,needs_more_sample,n=5 < 25,,
NBA|action|covers|oddstrader|player_prop,NBA,player_prop,action|covers|oddstrader,,5,2,3,0,0.4,0.1176,-2.3,-0.5745,insufficient_sample,low_sample,needs_more_sample,n=5 < 25,,
NBA|bettingpros_5star|bettingpros_experts|total,NBA,total,bettingpros_5star|bettingpros_experts,,5,2,3,0,0.4,0.1176,-1.49,-0.2978,insufficient_sample,low_sample,needs_more_sample,n=5 < 25,,
NBA|bettingpros_experts|covers|player_prop,NBA,player_prop,bettingpros_experts|covers,,6,1,4,1,0.2,0.0362,-3.19,-0.5308,insufficient_sample,low_sample,needs_more_sample,n=5 < 25,,
NBA|betql|oddstrader|total,NBA,total,betql|oddstrader,,5,4,1,0,0.8,0.3755,-1.0,-1.0,insufficient_sample,low_sample,needs_more_sample,n=5 < 25,,
NBA|bettingpros_experts|sportsline|moneyline,NBA,moneyline,bettingpros_experts|sportsline,,5,5,0,0,1.0,0.5655,3.95,0.7898,insufficient_sample,low_sample,needs_more_sample,n=5 < 25,,
MLB|bettingpros_props|player_prop,MLB,player_prop,bettingpros_props,,5,4,1,0,0.8,0.3755,2.52,0.5046,insufficient_sample,mlb_immature,watchlist_only,MLB patterns not yet mature,,
NBA|action|juicereel_nukethebooks|juicereel_sxebets|player_prop,NBA,player_prop,action|juicereel_nukethebooks|juicereel_sxebets,,5,0,4,1,0.0,0.0,-4.01,-0.802,insufficient_sample,low_sample,needs_more_sample,n=4 < 25,,
NBA|action|betql|oddstrader|total,NBA,total,action|betql|oddstrader,,4,2,2,0,0.5,0.15,-2.0,-1.0,insufficient_sample,low_sample,needs_more_sample,n=4 < 25,,
NBA|action|covers|sportsline|spread,NBA,spread,action|covers|sportsline,,4,2,2,0,0.5,0.15,-2.05,-1.025,insufficient_sample,low_sample,needs_more_sample,n=4 < 25,,
NBA|covers|dimers|vegasinsider|moneyline,NBA,moneyline,covers|dimers|vegasinsider,,4,2,2,0,0.5,0.15,-0.26,-0.0648,insufficient_sample,low_sample,needs_more_sample,n=4 < 25,,
NBA|action|dimers|vegasinsider|moneyline,NBA,moneyline,action|dimers|vegasinsider,,4,0,4,0,0.0,0.0,-4.19,-1.0475,insufficient_sample,low_sample,needs_more_sample,n=4 < 25,,
NBA|action|bettingpros_experts|oddstrader|moneyline,NBA,moneyline,action|bettingpros_experts|oddstrader,,4,4,0,0,1.0,0.5101,1.68,0.84,insufficient_sample,low_sample,needs_more_sample,n=4 < 25,,
NBA|action|betql|dimers|sportsline|vegasinsider|spread,NBA,spread,action|betql|dimers|sportsline|vegasinsider,,4,0,4,0,0.0,0.0,-4.12,-1.03,insufficient_sample,low_sample,needs_more_sample,n=4 < 25,,
NBA|betql|vegasinsider|total,NBA,total,betql|vegasinsider,,4,3,1,0,0.75,0.3006,-1.0,-1.0,insufficient_sample,low_sample,needs_more_sample,n=4 < 25,,
NBA|action|bettingpros_experts|dimers|total,NBA,total,action|bettingpros_experts|dimers,,4,2,2,0,0.5,0.15,-1.0,-0.3343,insufficient_sample,low_sample,needs_more_sample,n=4 < 25,,
NBA|betql|dimers|oddstrader|total,NBA,total,betql|dimers|oddstrader,,4,2,2,0,0.5,0.15,-2.0,-1.0,insufficient_sample,low_sample,needs_more_sample,n=4 < 25,,
NBA|juicereel_sxebets|moneyline,NBA,moneyline,juicereel_sxebets,,4,0,4,0,0.0,0.0,-4.1,-1.025,insufficient_sample,low_sample,needs_more_sample,n=4 < 25,,
NBA|betql|covers|dimers|spread,NBA,spread,betql|covers|dimers,,4,0,4,0,0.0,0.0,-4.06,-1.015,insufficient_sample,low_sample,needs_more_sample,n=4 < 25,,
NBA|bettingpros_experts|covers|spread,NBA,spread,bettingpros_experts|covers,,4,2,2,0,0.5,0.15,-0.22,-0.056,insufficient_sample,low_sample,needs_more_sample,n=4 < 25,,
NBA|bettingpros|bettingpros_experts|oddstrader|moneyline,NBA,moneyline,bettingpros|bettingpros_experts|oddstrader,,4,1,3,0,0.25,0.0456,-2.17,-0.5425,insufficient_sample,low_sample,needs_more_sample,n=4 < 25,,
NBA|bettingpros|bettingpros_experts|oddstrader|spread,NBA,spread,bettingpros|bettingpros_experts|oddstrader,,4,2,2,0,0.5,0.15,0.5,0.126,insufficient_sample,low_sample,needs_more_sample,n=4 < 25,,
NBA|action|bettingpros|bettingpros_experts|total,NBA,total,action|bettingpros|bettingpros_experts,,4,0,4,0,0.0,0.0,-4.0,-1.0,insufficient_sample,low_sample,needs_more_sample,n=4 < 25,,
NBA|dimers|juicereel_nukethebooks|player_prop,NBA,player_prop,dimers|juicereel_nukethebooks,,4,2,2,0,0.5,0.15,-0.3,-0.0745,insufficient_sample,low_sample,needs_more_sample,n=4 < 25,,
NBA|bettingpros_5star|bettingpros_experts|dimers|oddstrader|moneyline,NBA,moneyline,bettingpros_5star|bettingpros_experts|dimers|oddstrader,,4,0,4,0,0.0,0.0,-2.21,-0.5525,insufficient_sample,low_sample,needs_more_sample,n=4 < 25,,
NBA|bettingpros_5star|oddstrader|moneyline,NBA,moneyline,bettingpros_5star|oddstrader,,4,1,3,0,0.25,0.0456,-3.0,-1.0,insufficient_sample,low_sample,needs_more_sample,n=4 < 25,,
NBA|bettingpros_5star|bettingpros_experts|dimers|moneyline,NBA,moneyline,bettingpros_5star|bettingpros_experts|dimers,,4,0,4,0,0.0,0.0,-1.0,-0.25,insufficient_sample,low_sample,needs_more_sample,n=4 < 25,,
NBA|action|betql|bettingpros_experts|oddstrader|spread,NBA,spread,action|betql|bettingpros_experts|oddstrader,,4,4,0,0,1.0,0.5101,2.02,1.008,insufficient_sample,low_sample,needs_more_sample,n=4 < 25,,
NBA|action|betql|vegasinsider|total,NBA,total,action|betql|vegasinsider,,4,2,2,0,0.5,0.15,-2.0,-1.0,insufficient_sample,low_sample,needs_more_sample,n=4 < 25,,
NBA|betql|bettingpros_experts|oddstrader|player_prop,NBA,player_prop,betql|bettingpros_experts|oddstrader,,4,2,2,0,0.5,0.15,-1.04,-0.3467,insufficient_sample,low_sample,needs_more_sample,n=4 < 25,,
NBA|oddstrader|sportsline|vegasinsider|spread,NBA,spread,oddstrader|sportsline|vegasinsider,,4,4,0,0,1.0,0.5101,1.89,0.9465,insufficient_sample,low_sample,needs_more_sample,n=4 < 25,,
NBA|bettingpros_experts|vegasinsider|moneyline,NBA,moneyline,bettingpros_experts|vegasinsider,,4,2,2,0,0.5,0.15,0.5,0.126,insufficient_sample,low_sample,needs_more_sample,n=4 < 25,,
NBA|action|bettingpros_experts|oddstrader|sportsline|spread,NBA,spread,action|bettingpros_experts|oddstrader|sportsline,,4,0,4,0,0.0,0.0,-4.07,-1.0175,insufficient_sample,low_sample,needs_more_sample,n=4 < 25,,
NBA|action|bettingpros_experts|dimers|oddstrader|sportsline|vegasinsider|spread,NBA,spread,action|bettingpros_experts|dimers|oddstrader|sportsline|vegasinsider,,4,4,0,0,1.0,0.5101,2.99,0.998,insufficient_sample,low_sample,needs_more_sample,n=4 < 25,,
NBA|action|bettingpros_experts|dimers|vegasinsider|moneyline,NBA,moneyline,action|bettingpros_experts|dimers|vegasinsider,,4,0,4,0,0.0,0.0,-4.27,-1.0675,insufficient_sample,low_sample,needs_more_sample,n=4 < 25,,
NBA|action|bettingpros_experts|dimers|oddstrader|vegasinsider|spread,NBA,spread,action|bettingpros_experts|dimers|oddstrader|vegasinsider,,4,0,4,0,0.0,0.0,-4.15,-1.0375,insufficient_sample,low_sample,needs_more_sample,n=4 < 25,,
NBA|action|dimers|juicereel_unitvacuum|vegasinsider|spread,NBA,spread,action|dimers|juicereel_unitvacuum|vegasinsider,,4,4,0,0,1.0,0.5101,2.04,1.0195,insufficient_sample,low_sample,needs_more_sample,n=4 < 25,,
NBA|action|bettingpros_experts|dimers|vegasinsider|spread,NBA,spread,action|bettingpros_experts|dimers|vegasinsider,,4,0,4,0,0.0,0.0,-4.09,-1.0225,insufficient_sample,low_sample,needs_more_sample,n=4 < 25,,
NBA|action|covers|dimers|juicereel_unitvacuum|vegasinsider|spread,NBA,spread,action|covers|dimers|juicereel_unitvacuum|vegasinsider,,4,4,0,0,1.0,0.5101,2.97,0.9907,insufficient_sample,low_sample,needs_more_sample,n=4 < 25,,
NBA|action|betql|dimers|juicereel_unitvacuum|oddstrader|sportsline|vegasinsider|spread,NBA,spread,action|betql|dimers|juicereel_unitvacuum|oddstrader|sportsline|vegasinsider,,4,0,4,0,0.0,0.0,-4.04,-1.01,insufficient_sample,low_sample,needs_more_sample,n=4 < 25,,
NBA|covers|dimers|sportsline|player_prop,NBA,player_prop,covers|dimers|sportsline,,4,0,4,0,0.0,0.0,-3.87,-0.9675,insufficient_sample,low_sample,needs_more_sample,n=4 < 25,,
NBA|action|bettingpros_experts|dimers|juicereel_unitvacuum|sportsline|vegasinsider|spread,NBA,spread,action|bettingpros_experts|dimers|juicereel_unitvacuum|sportsline|vegasinsider,,4,0,4,0,0.0,0.0,-4.43,-1.1075,insufficient_sample,low_sample,needs_more_sample,n=4 < 25,,
NBA|action|juicereel_unitvacuum|spread,NBA,spread,action|juicereel_unitvacuum,,4,2,2,0,0.5,0.15,-2.02,-1.01,insufficient_sample,low_sample,needs_more_sample,n=4 < 25,,
NBA|bettingpros_experts|team_total,NBA,team_total,bettingpros_experts,,4,3,1,0,0.75,0.3006,2.16,0.539,insufficient_sample,low_sample,needs_more_sample,n=4 < 25,,
MLB|action|covers|moneyline,MLB,moneyline,action|covers,,4,0,4,0,0.0,0.0,-4.43,-1.1075,insufficient_sample,mlb_immature,watchlist_only,MLB patterns not yet mature,,
MLB|action|covers|total,MLB,total,action|covers,,4,4,0,0,1.0,0.5101,2.87,0.9557,insufficient_sample,mlb_immature,watchlist_only,MLB patterns not yet mature,,
NBA|sportscapping|spread,NBA,spread,sportscapping,,3,1,2,0,0.3333,0.0615,-1.1,-0.368,insufficient_sample,low_sample,needs_more_sample,n=3 < 25,,
NBA|action|betql|oddstrader|spread,NBA,spread,action|betql|oddstrader,,3,3,0,0,1.0,0.4385,0.95,0.946,insufficient_sample,low_sample,needs_more_sample,n=3 < 25,,
NBA|action|betql|dimers|oddstrader|spread,NBA,spread,action|betql|dimers|oddstrader,,3,0,3,0,0.0,0.0,-3.17,-1.0567,insufficient_sample,low_sample,needs_more_sample,n=3 < 25,,
NBA|action|betql|oddstrader|sportsline|spread,NBA,spread,action|betql|oddstrader|sportsline,,3,0,3,0,0.0,0.0,-3.04,-1.0133,insufficient_sample,low_sample,needs_more_sample,n=3 < 25,,
NBA|covers|dimers|moneyline,NBA,moneyline,covers|dimers,,3,2,1,0,0.6667,0.2077,0.51,0.1687,insufficient_sample,low_sample,needs_more_sample,n=3 < 25,,
NBA|action|dimers|sportsline|vegasinsider|spread,NBA,spread,action|dimers|sportsline|vegasinsider,,3,0,3,0,0.0,0.0,-3.12,-1.04,insufficient_sample,low_sample,needs_more_sample,n=3 < 25,,
NBA|juicereel_nukethebooks|juicereel_sxebets|moneyline,NBA,moneyline,juicereel_nukethebooks|juicereel_sxebets,,3,2,1,0,0.6667,0.2077,1.67,0.5563,insufficient_sample,low_sample,needs_more_sample,n=3 < 25,,
NBA|covers|dimers|total,NBA,total,covers|dimers,,3,3,0,0,1.0,0.4385,0.97,0.971,insufficient_sample,low_sample,needs_more_sample,n=3 < 25,,
NBA|dimers|juicereel_sxebets|player_prop,NBA,player_prop,dimers|juicereel_sxebets,,3,0,3,0,0.0,0.0,-3.0,-1.0,insufficient_sample,low_sample,needs_more_sample,n=3 < 25,,
NBA|action|covers|moneyline,NBA,moneyline,action|covers,,3,1,2,0,0.3333,0.0615,-1.29,-0.4313,insufficient_sample,low_sample,needs_more_sample,n=3 < 25,,
NBA|bettingpros|bettingpros_experts|total,NBA,total,bettingpros|bettingpros_experts,,3,2,1,0,0.6667,0.2077,0.79,0.265,insufficient_sample,low_sample,needs_more_sample,n=3 < 25,,
NBA|action|dimers|oddstrader|sportsline|spread,NBA,spread,action|dimers|oddstrader|sportsline,,3,0,3,0,0.0,0.0,-3.1,-1.0333,insufficient_sample,low_sample,needs_more_sample,n=3 < 25,,
NBA|bettingpros_5star|total,NBA,total,bettingpros_5star,,3,1,2,0,0.3333,0.0615,-1.1,-0.3683,insufficient_sample,low_sample,needs_more_sample,n=3 < 25,,
NBA|bettingpros_5star|bettingpros_experts|moneyline,NBA,moneyline,bettingpros_5star|bettingpros_experts,,3,2,1,0,0.6667,0.2077,2.11,0.7043,insufficient_sample,low_sample,needs_more_sample,n=3 < 25,,
NBA|action|bettingpros_experts|dimers|sportsline|spread,NBA,spread,action|bettingpros_experts|dimers|sportsline,,3,3,0,0,1.0,0.4385,1.54,0.7675,insufficient_sample,low_sample,needs_more_sample,n=3 < 25,,
NBA|betql|bettingpros_experts|dimers|oddstrader|spread,NBA,spread,betql|bettingpros_experts|dimers|oddstrader,,4,0,3,1,0.0,0.0,-2.91,-0.7275,insufficient_sample,low_sample,needs_more_sample,n=3 < 25,,
NBA|action|bettingpros_experts|covers|vegasinsider|moneyline,NBA,moneyline,action|bettingpros_experts|covers|vegasinsider,,3,0,3,0,0.0,0.0,-2.76,-0.92,insufficient_sample,low_sample,needs_more_sample,n=3 < 25,,
NBA|action|covers|vegasinsider|moneyline,NBA,moneyline,action|covers|vegasinsider,,3,3,0,0,1.0,0.4385,2.17,1.0835,insufficient_sample,low_sample,needs_more_sample,n=3 < 25,,
NBA|bettingpros_experts|dimers|vegasinsider|spread,NBA,spread,bettingpros_experts|dimers|vegasinsider,,3,0,3,0,0.0,0.0,-3.11,-1.0367,insufficient_sample,low_sample,needs_more_sample,n=3 < 25,,
NBA|bettingpros_experts|covers|dimers|oddstrader|vegasinsider|spread,NBA,spread,bettingpros_experts|covers|dimers|oddstrader|vegasinsider,,3,2,1,0,0.6667,0.2077,0.92,0.3053,insufficient_sample,low_sample,needs_more_sample,n=3 < 25,,
NBA|betql|bettingpros_experts|player_prop,NBA,player_prop,betql|bettingpros_experts,,3,2,1,0,0.6667,0.2077,-0.04,-0.0185,insufficient_sample,low_sample,needs_more_sample,n=3 < 25,,
NBA|action|dimers|sportsline|vegasinsider|moneyline,NBA,moneyline,action|dimers|sportsline|vegasinsider,,3,0,3,0,0.0,0.0,-3.26,-1.0867,insufficient_sample,low_sample,needs_more_sample,n=3 < 25,,
NBA|action|covers|juicereel_nukethebooks|sportsline|vegasinsider|spread,NBA,spread,action|covers|juicereel_nukethebooks|sportsline|vegasinsider,,3,0,3,0,0.0,0.0,-3.04,-1.0133,insufficient_sample,low_sample,needs_more_sample,n=3 < 25,,
NBA|action|dimers|oddstrader|vegasinsider|moneyline,NBA,moneyline,action|dimers|oddstrader|vegasinsider,,3,3,0,0,1.0,0.4385,1.74,0.869,insufficient_sample,low_sample,needs_more_sample,n=3 < 25,,
NBA|betql|bettingpros_experts|dimers|oddstrader|vegasinsider|spread,NBA,spread,betql|bettingpros_experts|dimers|oddstrader|vegasinsider,,3,3,0,0,1.0,0.4385,2.19,0.7303,insufficient_sample,low_sample,needs_more_sample,n=3 < 25,,
NBA|action|betql|bettingpros_experts|dimers|oddstrader|spread,NBA,spread,action|betql|bettingpros_experts|dimers|oddstrader,,3,2,1,0,0.6667,0.2077,-0.19,-0.094,insufficient_sample,low_sample,needs_more_sample,n=3 < 25,,
NBA|bettingpros_experts|dimers|total,NBA,total,bettingpros_experts|dimers,,3,1,2,0,0.3333,0.0615,-1.39,-0.4643,insufficient_sample,low_sample,needs_more_sample,n=3 < 25,,
NBA|action|bettingpros_experts|covers|dimers|spread,NBA,spread,action|bettingpros_experts|covers|dimers,,3,3,0,0,1.0,0.4385,1.17,0.586,insufficient_sample,low_sample,needs_more_sample,n=3 < 25,,
NBA|bettingpros_experts|covers|dimers|vegasinsider|moneyline,NBA,moneyline,bettingpros_experts|covers|dimers|vegasinsider,,3,0,3,0,0.0,0.0,-3.42,-1.14,insufficient_sample,low_sample,needs_more_sample,n=3 < 25,,
NBA|action|betql|bettingpros_experts|juicereel_unitvacuum|oddstrader|vegasinsider|spread,NBA,spread,action|betql|bettingpros_experts|juicereel_unitvacuum|oddstrader|vegasinsider,,3,3,0,0,1.0,0.4385,2.0,1.0,insufficient_sample,low_sample,needs_more_sample,n=3 < 25,,
NBA|bettingpros_experts|covers|total,NBA,total,bettingpros_experts|covers,,3,1,2,0,0.3333,0.0615,-1.17,-0.3903,insufficient_sample,low_sample,needs_more_sample,n=3 < 25,,
NBA|betql|dimers|vegasinsider|total,NBA,total,betql|dimers|vegasinsider,,3,2,1,0,0.6667,0.2077,-1.0,-1.0,insufficient_sample,low_sample,needs_more_sample,n=3 < 25,,
NBA|action|bettingpros_5star|bettingpros_experts|total,NBA,total,action|bettingpros_5star|bettingpros_experts,,3,0,3,0,0.0,0.0,-3.1,-1.0333,insufficient_sample,low_sample,needs_more_sample,n=3 < 25,,
NBA|action|betql|bettingpros_experts|dimers|spread,NBA,spread,action|betql|bettingpros_experts|dimers,,3,0,3,0,0.0,0.0,-2.92,-0.9733,insufficient_sample,low_sample,needs_more_sample,n=3 < 25,,
NBA|action|bettingpros_experts|oddstrader|vegasinsider|moneyline,NBA,moneyline,action|bettingpros_experts|oddstrader|vegasinsider,,3,0,3,0,0.0,0.0,-3.07,-1.0233,insufficient_sample,low_sample,needs_more_sample,n=3 < 25,,
NBA|dimers|juicereel_unitvacuum|oddstrader|vegasinsider|spread,NBA,spread,dimers|juicereel_unitvacuum|oddstrader|vegasinsider,,3,0,3,0,0.0,0.0,-3.03,-1.01,insufficient_sample,low_sample,needs_more_sample,n=3 < 25,,
NBA|action|betql|bettingpros_experts|dimers|juicereel_unitvacuum|spread,NBA,spread,action|betql|bettingpros_experts|dimers|juicereel_unitvacuum,,3,0,3,0,0.0,0.0,-3.06,-1.02,insufficient_sample,low_sample,needs_more_sample,n=3 < 25,,
NBA|bettingpros_experts|covers|dimers|vegasinsider|spread,NBA,spread,bettingpros_experts|covers|dimers|vegasinsider,,3,0,3,0,0.0,0.0,-3.01,-1.0033,insufficient_sample,low_sample,needs_more_sample,n=3 < 25,,
NBA|dimers|oddstrader|vegasinsider|moneyline,NBA,moneyline,dimers|oddstrader|vegasinsider,,3,0,3,0,0.0,0.0,-3.14,-1.0467,insufficient_sample,low_sample,needs_more_sample,n=3 < 25,,
NBA|action|dimers|oddstrader|total,NBA,total,action|dimers|oddstrader,,3,3,0,0,1.0,0.4385,0.95,0.955,insufficient_sample,low_sample,needs_more_sample,n=3 < 25,,
NBA|bettingpros_experts|dimers|sportsline|moneyline,NBA,moneyline,bettingpros_experts|dimers|sportsline,,3,0,3,0,0.0,0.0,-3.54,-1.18,insufficient_sample,low_sample,needs_more_sample,n=3 < 25,,
NBA|betql|sportsline|spread,NBA,spread,betql|sportsline,,3,0,3,0,0.0,0.0,-2.25,-0.75,insufficient_sample,low_sample,needs_more_sample,n=3 < 25,,
NBA|betql|bettingpros_experts|spread,NBA,spread,betql|bettingpros_experts,,3,3,0,0,1.0,0.4385,1.53,0.763,insufficient_sample,low_sample,needs_more_sample,n=3 < 25,,
NBA|dimers|sportsline|vegasinsider|moneyline,NBA,moneyline,dimers|sportsline|vegasinsider,,3,0,3,0,0.0,0.0,-3.4,-1.1333,insufficient_sample,low_sample,needs_more_sample,n=3 < 25,,
NBA|betql|bettingpros_props|player_prop,NBA,player_prop,betql|bettingpros_props,,4,1,2,1,0.3333,0.0615,-1.12,-0.279,insufficient_sample,low_sample,needs_more_sample,n=3 < 25,,
NBA|action|dimers|vegasinsider|player_prop,NBA,player_prop,action|dimers|vegasinsider,,3,3,0,0,1.0,0.4385,2.68,0.8943,insufficient_sample,low_sample,needs_more_sample,n=3 < 25,,
MLB|covers|moneyline,MLB,moneyline,covers,,3,1,2,0,0.3333,0.0615,-1.35,-0.4493,insufficient_sample,mlb_immature,watchlist_only,MLB patterns not yet mature,,
MLB|covers|total,MLB,total,covers,,3,1,2,0,0.3333,0.0615,-1.03,-0.343,insufficient_sample,mlb_immature,watchlist_only,MLB patterns not yet mature,,
MLB|oddstrader|total,MLB,total,oddstrader,,3,1,2,0,0.3333,0.0615,-2.08,-1.04,insufficient_sample,mlb_immature,watchlist_only,MLB patterns not yet mature,,
NBA|sportscapping|total,NBA,total,sportscapping,,2,2,0,0,1.0,0.3424,0.93,0.93,insufficient_sample,low_sample,needs_more_sample,n=2 < 25,,
NBA|action|betql|bettingpros_experts|dimers|total,NBA,total,action|betql|bettingpros_experts|dimers,,2,2,0,0,1.0,0.3424,0.95,0.955,insufficient_sample,low_sample,needs_more_sample,n=2 < 25,,
NBA|action|betql|covers|dimers|total,NBA,total,action|betql|covers|dimers,,2,0,2,0,0.0,0.0,-2.1,-1.05,insufficient_sample,low_sample,needs_more_sample,n=2 < 25,,
NBA|betql|juicereel_nukethebooks|juicereel_sxebets|player_prop,NBA,player_prop,betql|juicereel_nukethebooks|juicereel_sxebets,,2,0,2,0,0.0,0.0,-2.15,-1.075,insufficient_sample,low_sample,needs_more_sample,n=2 < 25,,
NBA|action|covers|sportsline|vegasinsider|total,NBA,total,action|covers|sportsline|vegasinsider,,2,2,0,0,1.0,0.3424,0.95,0.955,insufficient_sample,low_sample,needs_more_sample,n=2 < 25,,
NBA|covers|juicereel_sxebets|sportsline|player_prop,NBA,player_prop,covers|juicereel_sxebets|sportsline,,2,0,2,0,0.0,0.0,-3.0,-1.5,insufficient_sample,low_sample,needs_more_sample,n=2 < 25,,
NBA|action|covers|dimers|total,NBA,total,action|covers|dimers,,2,0,2,0,0.0,0.0,-2.05,-1.025,insufficient_sample,low_sample,needs_more_sample,n=2 < 25,,
NBA|action|juicereel_nukethebooks|juicereel_sxebets|moneyline,NBA,moneyline,action|juicereel_nukethebooks|juicereel_sxebets,,2,1,1,0,0.5,0.0945,-1.0,-1.0,insufficient_sample,low_sample,needs_more_sample,n=2 < 25,,
NBA|betql|juicereel_nukethebooks|oddstrader|player_prop,NBA,player_prop,betql|juicereel_nukethebooks|oddstrader,,2,0,2,0,0.0,0.0,-2.19,-1.095,insufficient_sample,low_sample,needs_more_sample,n=2 < 25,,
NBA|betql|bettingpros_experts|oddstrader|sportsline|total,NBA,total,betql|bettingpros_experts|oddstrader|sportsline,,2,2,0,0,1.0,0.3424,0.0,0.0,insufficient_sample,low_sample,needs_more_sample,n=2 < 25,,
NBA|betql|bettingpros_experts|dimers|total,NBA,total,betql|bettingpros_experts|dimers,,2,2,0,0,1.0,0.3424,0.0,0.0,insufficient_sample,low_sample,needs_more_sample,n=2 < 25,,
NBA|action|betql|bettingpros_experts|oddstrader|total,NBA,total,action|betql|bettingpros_experts|oddstrader,,2,0,2,0,0.0,0.0,-2.02,-1.01,insufficient_sample,low_sample,needs_more_sample,n=2 < 25,,
NBA|action|betql|bettingpros_experts|sportsline|spread,NBA,spread,action|betql|bettingpros_experts|sportsline,,2,0,2,0,0.0,0.0,-2.05,-1.025,insufficient_sample,low_sample,needs_more_sample,n=2 < 25,,
NBA|action|dimers|juicereel_sxebets|total,NBA,total,action|dimers|juicereel_sxebets,,2,0,2,0,0.0,0.0,-2.03,-1.015,insufficient_sample,low_sample,needs_more_sample,n=2 < 25,,
NBA|betql|oddstrader|vegasinsider|spread,NBA,spread,betql|oddstrader|vegasinsider,,2,2,0,0,1.0,0.3424,0.97,0.971,insufficient_sample,low_sample,needs_more_sample,n=2 < 25,,
NBA|action|bettingpros_experts|vegasinsider|total,NBA,total,action|bettingpros_experts|vegasinsider,,2,2,0,0,1.0,0.3424,0.91,0.908,insufficient_sample,low_sample,needs_more_sample,n=2 < 25,,
NBA|action|covers|oddstrader|moneyline,NBA,moneyline,action|covers|oddstrader,,2,2,0,0,1.0,0.3424,1.07,1.069,insufficient_sample,low_sample,needs_more_sample,n=2 < 25,,
NBA|action|dimers|juicereel_sxebets|oddstrader|vegasinsider|total,NBA,total,action|dimers|juicereel_sxebets|oddstrader|vegasinsider,,2,0,2,0,0.0,0.0,-2.05,-1.025,insufficient_sample,low_sample,needs_more_sample,n=2 < 25,,
NBA|action|betql|bettingpros_experts|dimers|oddstrader|total,NBA,total,action|betql|bettingpros_experts|dimers|oddstrader,,2,2,0,0,1.0,0.3424,0.97,0.971,insufficient_sample,low_sample,needs_more_sample,n=2 < 25,,
NBA|bettingpros|bettingpros_experts|oddstrader|total,NBA,total,bettingpros|bettingpros_experts|oddstrader,,2,1,1,0,0.5,0.0945,-0.1,-0.052,insufficient_sample,low_sample,needs_more_sample,n=2 < 25,,
NBA|action|bettingpros|bettingpros_experts|spread,NBA,spread,action|bettingpros|bettingpros_experts,,2,2,0,0,1.0,0.3424,0.95,0.946,insufficient_sample,low_sample,needs_more_sample,n=2 < 25,,
NBA|bettingpros|moneyline,NBA,moneyline,bettingpros,,2,1,1,0,0.5,0.0945,0.58,0.288,insufficient_sample,low_sample,needs_more_sample,n=2 < 25,,
NBA|action|dimers|player_prop,NBA,player_prop,action|dimers,,2,2,0,0,1.0,0.3424,1.0,1.0,insufficient_sample,low_sample,needs_more_sample,n=2 < 25,,
NBA|bettingpros_experts|covers|oddstrader|total,NBA,total,bettingpros_experts|covers|oddstrader,,2,0,2,0,0.0,0.0,-2.03,-1.015,insufficient_sample,low_sample,needs_more_sample,n=2 < 25,,
NBA|bettingpros_5star|bettingpros_experts|oddstrader|moneyline,NBA,moneyline,bettingpros_5star|bettingpros_experts|oddstrader,,2,1,1,0,0.5,0.0945,0.85,0.4235,insufficient_sample,low_sample,needs_more_sample,n=2 < 25,,
NBA|action|bettingpros_experts|juicereel_nukethebooks|total,NBA,total,action|bettingpros_experts|juicereel_nukethebooks,,2,0,2,0,0.0,0.0,-2.39,-1.195,insufficient_sample,low_sample,needs_more_sample,n=2 < 25,,
NBA|bettingpros_experts|covers|oddstrader|vegasinsider|spread,NBA,spread,bettingpros_experts|covers|oddstrader|vegasinsider,,2,2,0,0,1.0,0.3424,1.94,0.968,insufficient_sample,low_sample,needs_more_sample,n=2 < 25,,
NBA|action|bettingpros_experts|dimers|oddstrader|spread,NBA,spread,action|bettingpros_experts|dimers|oddstrader,,2,1,1,0,0.5,0.0945,-0.46,-0.2285,insufficient_sample,low_sample,needs_more_sample,n=2 < 25,,
NBA|bettingpros_experts|dimers|oddstrader|total,NBA,total,bettingpros_experts|dimers|oddstrader,,2,0,2,0,0.0,0.0,-2.08,-1.04,insufficient_sample,low_sample,needs_more_sample,n=2 < 25,,
NBA|juicereel_nukethebooks|spread,NBA,spread,juicereel_nukethebooks,,2,0,2,0,0.0,0.0,-2.07,-1.035,insufficient_sample,low_sample,needs_more_sample,n=2 < 25,,
NBA|covers|oddstrader|sportsline|player_prop,NBA,player_prop,covers|oddstrader|sportsline,,2,1,1,0,0.5,0.0945,-0.09,-0.045,insufficient_sample,low_sample,needs_more_sample,n=2 < 25,,
NBA|action|betql|covers|sportsline|spread,NBA,spread,action|betql|covers|sportsline,,2,0,2,0,0.0,0.0,-2.07,-1.035,insufficient_sample,low_sample,needs_more_sample,n=2 < 25,,
NBA|action|bettingpros_experts|oddstrader|total,NBA,total,action|bettingpros_experts|oddstrader,,2,0,2,0,0.0,0.0,-2.03,-1.015,insufficient_sample,low_sample,needs_more_sample,n=2 < 25,,
NBA|sportsline|vegasinsider|player_prop,NBA,player_prop,sportsline|vegasinsider,,2,2,0,0,1.0,0.3424,1.78,0.8885,insufficient_sample,low_sample,needs_more_sample,n=2 < 25,,
NBA|action|betql|juicereel_nukethebooks|total,NBA,total,action|betql|juicereel_nukethebooks,,2,2,0,0,1.0,0.3424,0.0,0.0,insufficient_sample,low_sample,needs_more_sample,n=2 < 25,,
NBA|bettingpros_experts|covers|sportsline|vegasinsider|spread,NBA,spread,bettingpros_experts|covers|sportsline|vegasinsider,,2,2,0,0,1.0,0.3424,1.94,0.9725,insufficient_sample,low_sample,needs_more_sample,n=2 < 25,,
NBA|covers|sportsline|spread,NBA,spread,covers|sportsline,,2,2,0,0,1.0,0.3424,0.92,0.915,insufficient_sample,low_sample,needs_more_sample,n=2 < 25,,
NBA|bettingpros_experts|dimers|oddstrader|sportsline|moneyline,NBA,moneyline,bettingpros_experts|dimers|oddstrader|sportsline,,2,2,0,0,1.0,0.3424,1.62,0.8115,insufficient_sample,low_sample,needs_more_sample,n=2 < 25,,
NBA|betql|bettingpros_experts|vegasinsider|spread,NBA,spread,betql|bettingpros_experts|vegasinsider,,2,1,1,0,0.5,0.0945,0.36,0.1825,insufficient_sample,low_sample,needs_more_sample,n=2 < 25,,
NBA|action|betql|juicereel_sxebets|player_prop,NBA,player_prop,action|betql|juicereel_sxebets,,2,1,1,0,0.5,0.0945,0.84,0.42,insufficient_sample,low_sample,needs_more_sample,n=2 < 25,,
NBA|action|bettingpros_experts|covers|total,NBA,total,action|bettingpros_experts|covers,,2,0,2,0,0.0,0.0,-2.0,-1.0,insufficient_sample,low_sample,needs_more_sample,n=2 < 25,,
NBA|action|betql|covers|total,NBA,total,action|betql|covers,,2,0,2,0,0.0,0.0,-2.0,-1.0,insufficient_sample,low_sample,needs_more_sample,n=2 < 25,,
NBA|betql|vegasinsider|player_prop,NBA,player_prop,betql|vegasinsider,,2,2,0,0,1.0,0.3424,1.98,0.99,insufficient_sample,low_sample,needs_more_sample,n=2 < 25,,
NBA|betql|bettingpros_experts|oddstrader|vegasinsider|spread,NBA,spread,betql|bettingpros_experts|oddstrader|vegasinsider,,2,2,0,0,1.0,0.3424,1.96,0.9775,insufficient_sample,low_sample,needs_more_sample,n=2 < 25,,
NBA|action|betql|juicereel_unitvacuum|spread,NBA,spread,action|betql|juicereel_unitvacuum,,2,2,0,0,1.0,0.3424,1.71,1.706,insufficient_sample,low_sample,needs_more_sample,n=2 < 25,,
NBA|juicereel_unitvacuum|sportsline|vegasinsider|spread,NBA,spread,juicereel_unitvacuum|sportsline|vegasinsider,,2,2,0,0,1.0,0.3424,0.92,0.915,insufficient_sample,low_sample,needs_more_sample,n=2 < 25,,
NBA|bettingpros_5star|bettingpros_experts|oddstrader|spread,NBA,spread,bettingpros_5star|bettingpros_experts|oddstrader,,2,1,1,0,0.5,0.0945,-0.14,-0.0675,insufficient_sample,low_sample,needs_more_sample,n=2 < 25,,
NBA|juicereel_unitvacuum|spread,NBA,spread,juicereel_unitvacuum,,3,2,0,1,1.0,0.3424,1.91,0.6367,insufficient_sample,low_sample,needs_more_sample,n=2 < 25,,
NBA|betql|bettingpros_experts|dimers|spread,NBA,spread,betql|bettingpros_experts|dimers,,2,0,2,0,0.0,0.0,-2.03,-1.015,insufficient_sample,low_sample,needs_more_sample,n=2 < 25,,
NBA|action|bettingpros_experts|dimers|oddstrader|total,NBA,total,action|bettingpros_experts|dimers|oddstrader,,2,2,0,0,1.0,0.3424,0.85,0.846,insufficient_sample,low_sample,needs_more_sample,n=2 < 25,,
NBA|dimers|juicereel_unitvacuum|oddstrader|moneyline,NBA,moneyline,dimers|juicereel_unitvacuum|oddstrader,,2,0,2,0,0.0,0.0,-1.72,-0.86,insufficient_sample,low_sample,needs_more_sample,n=2 < 25,,
NBA|action|oddstrader|sportsline|moneyline,NBA,moneyline,action|oddstrader|sportsline,,2,2,0,0,1.0,0.3424,0.0,0.0,insufficient_sample,low_sample,needs_more_sample,n=2 < 25,,
NBA|betql|covers|oddstrader|total,NBA,total,betql|covers|oddstrader,,2,0,2,0,0.0,0.0,-2.06,-1.03,insufficient_sample,low_sample,needs_more_sample,n=2 < 25,,
NBA|action|betql|bettingpros_experts|covers|spread,NBA,spread,action|betql|bettingpros_experts|covers,,2,0,2,0,0.0,0.0,-2.0,-1.0,insufficient_sample,low_sample,needs_more_sample,n=2 < 25,,
NBA|bettingpros_experts|dimers|sportsline|spread,NBA,spread,bettingpros_experts|dimers|sportsline,,2,1,1,0,0.5,0.0945,-0.15,-0.0735,insufficient_sample,low_sample,needs_more_sample,n=2 < 25,,
NBA|bettingpros_experts|vegasinsider|total,NBA,total,bettingpros_experts|vegasinsider,,2,1,1,0,0.5,0.0945,-0.12,-0.0575,insufficient_sample,low_sample,needs_more_sample,n=2 < 25,,
NBA|bettingpros_5star|bettingpros_experts|oddstrader|vegasinsider|spread,NBA,spread,bettingpros_5star|bettingpros_experts|oddstrader|vegasinsider,,2,0,2,0,0.0,0.0,-2.08,-1.04,insufficient_sample,low_sample,needs_more_sample,n=2 < 25,,
NBA|action|betql|bettingpros_5star|bettingpros_experts|juicereel_nukethebooks|total,NBA,total,action|betql|bettingpros_5star|bettingpros_experts|juicereel_nukethebooks,,2,2,0,0,1.0,0.3424,0.21,0.211,insufficient_sample,low_sample,needs_more_sample,n=2 < 25,,
NBA|action|betql|juicereel_unitvacuum|total,NBA,total,action|betql|juicereel_unitvacuum,,2,0,2,0,0.0,0.0,-2.0,-1.0,insufficient_sample,low_sample,needs_more_sample,n=2 < 25,,
NBA|bettingpros_experts|oddstrader|vegasinsider|spread,NBA,spread,bettingpros_experts|oddstrader|vegasinsider,,2,1,1,0,0.5,0.0945,-0.34,-0.1685,insufficient_sample,low_sample,needs_more_sample,n=2 < 25,,
NBA|action|bettingpros_experts|covers|sportsline|moneyline,NBA,moneyline,action|bettingpros_experts|covers|sportsline,,2,2,0,0,1.0,0.3424,0.0,0.0,insufficient_sample,low_sample,needs_more_sample,n=2 < 25,,
NBA|action|juicereel_nukethebooks|total,NBA,total,action|juicereel_nukethebooks,,3,0,2,1,0.0,0.0,-2.0,-0.6667,insufficient_sample,low_sample,needs_more_sample,n=2 < 25,,
NBA|action|bettingpros_experts|covers|moneyline,NBA,moneyline,action|bettingpros_experts|covers,,2,0,2,0,0.0,0.0,-2.32,-1.16,insufficient_sample,low_sample,needs_more_sample,n=2 < 25,,
NBA|bettingpros_experts|covers|vegasinsider|spread,NBA,spread,bettingpros_experts|covers|vegasinsider,,2,2,0,0,1.0,0.3424,1.91,0.955,insufficient_sample,low_sample,needs_more_sample,n=2 < 25,,
NBA|dimers|juicereel_unitvacuum|spread,NBA,spread,dimers|juicereel_unitvacuum,,2,0,2,0,0.0,0.0,-1.9,-0.95,insufficient_sample,low_sample,needs_more_sample,n=2 < 25,,
NBA|action|juicereel_unitvacuum|vegasinsider|total,NBA,total,action|juicereel_unitvacuum|vegasinsider,,2,0,2,0,0.0,0.0,-2.05,-1.025,insufficient_sample,low_sample,needs_more_sample,n=2 < 25,,
NBA|action|juicereel_sxebets|sportsline|player_prop,NBA,player_prop,action|juicereel_sxebets|sportsline,,2,0,2,0,0.0,0.0,-1.93,-0.965,insufficient_sample,low_sample,needs_more_sample,n=2 < 25,,
NBA|action|covers|dimers|oddstrader|sportsline|spread,NBA,spread,action|covers|dimers|oddstrader|sportsline,,2,0,2,0,0.0,0.0,-1.94,-0.97,insufficient_sample,low_sample,needs_more_sample,n=2 < 25,,
NBA|action|oddstrader|vegasinsider|moneyline,NBA,moneyline,action|oddstrader|vegasinsider,,2,0,2,0,0.0,0.0,-2.09,-1.045,insufficient_sample,low_sample,needs_more_sample,n=2 < 25,,
NBA|betql|covers|dimers|oddstrader|spread,NBA,spread,betql|covers|dimers|oddstrader,,2,0,2,0,0.0,0.0,-2.0,-1.0,insufficient_sample,low_sample,needs_more_sample,n=2 < 25,,
NBA|bettingpros_5star|oddstrader|total,NBA,total,bettingpros_5star|oddstrader,,2,1,1,0,0.5,0.0945,-1.0,-1.0,insufficient_sample,low_sample,needs_more_sample,n=2 < 25,,
NBA|dimers|oddstrader|sportsline|moneyline,NBA,moneyline,dimers|oddstrader|sportsline,,2,1,1,0,0.5,0.0945,-0.46,-0.232,insufficient_sample,low_sample,needs_more_sample,n=2 < 25,,
NBA|action|dimers|oddstrader|moneyline,NBA,moneyline,action|dimers|oddstrader,,2,2,0,0,1.0,0.3424,0.0,0.0,insufficient_sample,low_sample,needs_more_sample,n=2 < 25,,
NBA|action|vegasinsider|player_prop,NBA,player_prop,action|vegasinsider,,2,0,2,0,0.0,0.0,-1.97,-0.985,insufficient_sample,low_sample,needs_more_sample,n=2 < 25,,
NBA|action|oddstrader|sportsline|vegasinsider|spread,NBA,spread,action|oddstrader|sportsline|vegasinsider,,2,0,2,0,0.0,0.0,-2.05,-1.025,insufficient_sample,low_sample,needs_more_sample,n=2 < 25,,
NBA|action|bettingpros_5star|sportsline|vegasinsider|spread,NBA,spread,action|bettingpros_5star|sportsline|vegasinsider,,2,0,2,0,0.0,0.0,-2.1,-1.05,insufficient_sample,low_sample,needs_more_sample,n=2 < 25,,
NBA|action|betql|sportsline|vegasinsider|spread,NBA,spread,action|betql|sportsline|vegasinsider,,2,2,0,0,1.0,0.3424,1.91,0.955,insufficient_sample,low_sample,needs_more_sample,n=2 < 25,,
NBA|action|betql|oddstrader|sportsline|vegasinsider|spread,NBA,spread,action|betql|oddstrader|sportsline|vegasinsider,,2,2,0,0,1.0,0.3424,0.95,0.955,insufficient_sample,low_sample,needs_more_sample,n=2 < 25,,
NBA|action|bettingpros_props|sportsline|player_prop,NBA,player_prop,action|bettingpros_props|sportsline,,2,0,2,0,0.0,0.0,-1.86,-0.93,insufficient_sample,low_sample,needs_more_sample,n=2 < 25,,
NBA|action|betql|bettingpros_experts|oddstrader|vegasinsider|spread,NBA,spread,action|betql|bettingpros_experts|oddstrader|vegasinsider,,2,0,2,0,0.0,0.0,-1.92,-0.96,insufficient_sample,low_sample,needs_more_sample,n=2 < 25,,
NBA|action|betql|covers|sportsline|vegasinsider|spread,NBA,spread,action|betql|covers|sportsline|vegasinsider,,2,0,2,0,0.0,0.0,-2.05,-1.025,insufficient_sample,low_sample,needs_more_sample,n=2 < 25,,
MLB|action|covers|sportsline|moneyline,MLB,moneyline,action|covers|sportsline,,2,0,2,0,0.0,0.0,-2.1,-1.05,insufficient_sample,mlb_immature,watchlist_only,MLB patterns not yet mature,,
MLB|action|covers|spread,MLB,spread,action|covers,,2,1,1,0,0.5,0.0945,-0.2,-0.0985,insufficient_sample,mlb_immature,watchlist_only,MLB patterns not yet mature,,
NBA|action|oddstrader|vegasinsider|player_prop,NBA,player_prop,action|oddstrader|vegasinsider,,1,1,0,0,1.0,0.2065,0.95,0.955,insufficient_sample,low_sample,needs_more_sample,n=1 < 25,,
NBA|betql|covers|dimers|oddstrader|player_prop,NBA,player_prop,betql|covers|dimers|oddstrader,,1,1,0,0,1.0,0.2065,0.97,0.971,insufficient_sample,low_sample,needs_more_sample,n=1 < 25,,
NBA|action|betql|oddstrader|player_prop,NBA,player_prop,action|betql|oddstrader,,1,0,1,0,0.0,0.0,-1.05,-1.05,insufficient_sample,low_sample,needs_more_sample,n=1 < 25,,
NBA|action|juicereel_nukethebooks|oddstrader|moneyline,NBA,moneyline,action|juicereel_nukethebooks|oddstrader,,1,0,1,0,0.0,0.0,-1.0,-1.0,insufficient_sample,low_sample,needs_more_sample,n=1 < 25,,
NBA|betql|covers|sportsline|total,NBA,total,betql|covers|sportsline,,1,0,1,0,0.0,0.0,-1.0,-1.0,insufficient_sample,low_sample,needs_more_sample,n=1 < 25,,
NBA|covers|juicereel_sxebets|oddstrader|player_prop,NBA,player_prop,covers|juicereel_sxebets|oddstrader,,1,1,0,0,1.0,0.2065,0.95,0.955,insufficient_sample,low_sample,needs_more_sample,n=1 < 25,,
NBA|bettingpros|bettingpros_experts|dimers|vegasinsider|total,NBA,total,bettingpros|bettingpros_experts|dimers|vegasinsider,,1,1,0,0,1.0,0.2065,1.0,1.0,insufficient_sample,low_sample,needs_more_sample,n=1 < 25,,
NBA|bettingpros|juicereel_nukethebooks|total,NBA,total,bettingpros|juicereel_nukethebooks,,1,0,1,0,0.0,0.0,-0.9,-0.9,insufficient_sample,low_sample,needs_more_sample,n=1 < 25,,
NBA|bettingpros|oddstrader|moneyline,NBA,moneyline,bettingpros|oddstrader,,1,0,1,0,0.0,0.0,-1.0,-1.0,insufficient_sample,low_sample,needs_more_sample,n=1 < 25,,
NBA|bettingpros|total,NBA,total,bettingpros,,1,1,0,0,1.0,0.2065,0.95,0.955,insufficient_sample,low_sample,needs_more_sample,n=1 < 25,,
NBA|bettingpros|bettingpros_experts|moneyline,NBA,moneyline,bettingpros|bettingpros_experts,,1,0,1,0,0.0,0.0,-0.27,-0.27,insufficient_sample,low_sample,needs_more_sample,n=1 < 25,,
NBA|covers|juicereel_nukethebooks|oddstrader|player_prop,NBA,player_prop,covers|juicereel_nukethebooks|oddstrader,,1,0,1,0,0.0,0.0,-1.0,-1.0,insufficient_sample,low_sample,needs_more_sample,n=1 < 25,,
NBA|juicereel_sxebets|spread,NBA,spread,juicereel_sxebets,,1,0,1,0,0.0,0.0,-1.02,-1.02,insufficient_sample,low_sample,needs_more_sample,n=1 < 25,,
NBA|action|covers|juicereel_sxebets|player_prop,NBA,player_prop,action|covers|juicereel_sxebets,,1,1,0,0,1.0,0.2065,0.96,0.963,insufficient_sample,low_sample,needs_more_sample,n=1 < 25,,
NBA|juicereel_sxebets|total,NBA,total,juicereel_sxebets,,1,0,1,0,0.0,0.0,-1.0,-1.0,insufficient_sample,low_sample,needs_more_sample,n=1 < 25,,
NBA|betql|covers|total,NBA,total,betql|covers,,1,1,0,0,1.0,0.2065,0.0,0.0,insufficient_sample,low_sample,needs_more_sample,n=1 < 25,,
NBA|oddstrader|vegasinsider|player_prop,NBA,player_prop,oddstrader|vegasinsider,,1,0,1,0,0.0,0.0,-1.0,-1.0,insufficient_sample,low_sample,needs_more_sample,n=1 < 25,,
NBA|action|betql|bettingpros_experts|covers|player_prop,NBA,player_prop,action|betql|bettingpros_experts|covers,,2,0,1,1,0.0,0.0,-0.92,-0.46,insufficient_sample,low_sample,needs_more_sample,n=1 < 25,,
NBA|action|bettingpros_experts|juicereel_nukethebooks|player_prop,NBA,player_prop,action|bettingpros_experts|juicereel_nukethebooks,,1,0,1,0,0.0,0.0,-1.03,-1.03,insufficient_sample,low_sample,needs_more_sample,n=1 < 25,,
NBA|betql|covers|sportsline|player_prop,NBA,player_prop,betql|covers|sportsline,,1,1,0,0,1.0,0.2065,0.97,0.971,insufficient_sample,low_sample,needs_more_sample,n=1 < 25,,
NBA|dimers|vegasinsider|total,NBA,total,dimers|vegasinsider,,1,1,0,0,1.0,0.2065,0.0,0.0,insufficient_sample,low_sample,needs_more_sample,n=1 < 25,,
NBA|betql|bettingpros_experts|oddstrader|spread,NBA,spread,betql|bettingpros_experts|oddstrader,,1,1,0,0,1.0,0.2065,0.95,0.955,insufficient_sample,low_sample,needs_more_sample,n=1 < 25,,
NBA|bettingpros_experts|oddstrader|sportsline|moneyline,NBA,moneyline,bettingpros_experts|oddstrader|sportsline,,1,0,1,0,0.0,0.0,-1.0,-1.0,insufficient_sample,low_sample,needs_more_sample,n=1 < 25,,
NBA|bettingpros_experts|juicereel_unitvacuum|total,NBA,total,bettingpros_experts|juicereel_unitvacuum,,1,1,0,0,1.0,0.2065,0.38,0.377,insufficient_sample,low_sample,needs_more_sample,n=1 < 25,,
NBA|action|betql|sportsline|vegasinsider|total,NBA,total,action|betql|sportsline|vegasinsider,,1,1,0,0,1.0,0.2065,0.0,0.0,insufficient_sample,low_sample,needs_more_sample,n=1 < 25,,
NBA|sportsline|vegasinsider|total,NBA,total,sportsline|vegasinsider,,1,1,0,0,1.0,0.2065,0.0,0.0,insufficient_sample,low_sample,needs_more_sample,n=1 < 25,,
NBA|covers|juicereel_nukethebooks|moneyline,NBA,moneyline,covers|juicereel_nukethebooks,,1,1,0,0,1.0,0.2065,1.21,1.209,insufficient_sample,low_sample,needs_more_sample,n=1 < 25,,
NBA|juicereel_unitvacuum|total,NBA,total,juicereel_unitvacuum,,1,1,0,0,1.0,0.2065,0.95,0.955,insufficient_sample,low_sample,needs_more_sample,n=1 < 25,,
NBA|bettingpros_experts|covers|moneyline,NBA,moneyline,bettingpros_experts|covers,,1,1,0,0,1.0,0.2065,0.87,0.869,insufficient_sample,low_sample,needs_more_sample,n=1 < 25,,
NBA|betql|bettingpros_5star|dimers|oddstrader|total,NBA,total,betql|bettingpros_5star|dimers|oddstrader,,1,1,0,0,1.0,0.2065,0.0,0.0,insufficient_sample,low_sample,needs_more_sample,n=1 < 25,,
NBA|action|betql|dimers|oddstrader|total,NBA,total,action|betql|dimers|oddstrader,,1,0,1,0,0.0,0.0,-1.0,-1.0,insufficient_sample,low_sample,needs_more_sample,n=1 < 25,,
NBA|dimers|oddstrader|sportsline|spread,NBA,spread,dimers|oddstrader|sportsline,,1,1,0,0,1.0,0.2065,0.95,0.946,insufficient_sample,low_sample,needs_more_sample,n=1 < 25,,
NBA|action|dimers|oddstrader|sportsline|moneyline,NBA,moneyline,action|dimers|oddstrader|sportsline,,1,1,0,0,1.0,0.2065,0.87,0.869,insufficient_sample,low_sample,needs_more_sample,n=1 < 25,,
NBA|covers|oddstrader|spread,NBA,spread,covers|oddstrader,,1,1,0,0,1.0,0.2065,0.0,0.0,insufficient_sample,low_sample,needs_more_sample,n=1 < 25,,
NBA|betql|bettingpros_experts|dimers|oddstrader|sportsline|spread,NBA,spread,betql|bettingpros_experts|dimers|oddstrader|sportsline,,1,0,1,0,0.0,0.0,-1.05,-1.05,insufficient_sample,low_sample,needs_more_sample,n=1 < 25,,
NBA|covers|sportsline|vegasinsider|spread,NBA,spread,covers|sportsline|vegasinsider,,1,1,0,0,1.0,0.2065,0.95,0.955,insufficient_sample,low_sample,needs_more_sample,n=1 < 25,,
NBA|betql|sportsline|vegasinsider|spread,NBA,spread,betql|sportsline|vegasinsider,,1,1,0,0,1.0,0.2065,0.95,0.955,insufficient_sample,low_sample,needs_more_sample,n=1 < 25,,
NBA|sportsline|1st_half_spread,NBA,1st_half_spread,sportsline,,1,0,1,0,0.0,0.0,-1.04,-1.04,insufficient_sample,low_sample,needs_more_sample,n=1 < 25,,
NBA|betql|covers|sportsline|spread,NBA,spread,betql|covers|sportsline,,1,1,0,0,1.0,0.2065,0.0,0.0,insufficient_sample,low_sample,needs_more_sample,n=1 < 25,,
NBA|oddstrader|sportsline|total,NBA,total,oddstrader|sportsline,,1,0,1,0,0.0,0.0,-1.05,-1.05,insufficient_sample,low_sample,needs_more_sample,n=1 < 25,,
NBA|betql|oddstrader|vegasinsider|total,NBA,total,betql|oddstrader|vegasinsider,,1,0,1,0,0.0,0.0,-1.0,-1.0,insufficient_sample,low_sample,needs_more_sample,n=1 < 25,,
NBA|bettingpros_props|dimers|player_prop,NBA,player_prop,bettingpros_props|dimers,,1,0,1,0,0.0,0.0,-0.96,-0.96,insufficient_sample,low_sample,needs_more_sample,n=1 < 25,,
NBA|action|bettingpros_5star|total,NBA,total,action|bettingpros_5star,,1,0,1,0,0.0,0.0,-1.02,-1.02,insufficient_sample,low_sample,needs_more_sample,n=1 < 25,,
NBA|action|covers|sportsline|player_prop,NBA,player_prop,action|covers|sportsline,,1,1,0,0,1.0,0.2065,1.13,1.126,insufficient_sample,low_sample,needs_more_sample,n=1 < 25,,
NBA|action|oddstrader|vegasinsider|total,NBA,total,action|oddstrader|vegasinsider,,1,1,0,0,1.0,0.2065,0.0,0.0,insufficient_sample,low_sample,needs_more_sample,n=1 < 25,,
NBA|action|betql|sportsline|total,NBA,total,action|betql|sportsline,,1,0,1,0,0.0,0.0,-1.05,-1.05,insufficient_sample,low_sample,needs_more_sample,n=1 < 25,,
NBA|action|betql|vegasinsider|player_prop,NBA,player_prop,action|betql|vegasinsider,,1,1,0,0,1.0,0.2065,0.97,0.971,insufficient_sample,low_sample,needs_more_sample,n=1 < 25,,
