atomic_stat,avg_odds,bets_with_units,direction,expert_name,losses,market_type,n,net_units,odds_count,odds_sum,pushes,roi,source_id,total_stake,units_missing_count,wilson_lower,win_pct,wins
,-110.33962264150944,371,,UnitVacuum,170,spread,371,26.873999999999942,371,-40936.0,4,0.029039159751037314,juicereel_unitvacuum,925.4399999999989,0,0.4857,0.5367847411444142,197
,-110.73571428571428,140,,UnitVacuum,65,total,140,-15.191000000000027,140,-15503.0,2,-0.05508376241931983,juicereel_unitvacuum,275.7800000000001,0,0.446,0.5289855072463768,73
,-111.03846153846153,130,HOME,Bruce Marshall,72,spread,130,-19.806000000000004,130,-14435.0,0,-0.1523538461538462,sportsline,130.0,0,0.3635,0.4461538461538462,58
,-109.71717171717172,99,AWAY,Bruce Marshall,53,spread,99,-11.298999999999992,99,-10862.0,0,-0.11413131313131306,sportsline,99.0,0,0.3696,0.46464646464646464,46
,66.20408163265306,98,,UnitVacuum,52,moneyline,98,8.328999999999997,98,6488.0,0,0.06194407258664283,juicereel_unitvacuum,134.46000000000004,0,0.3736,0.46938775510204084,46
,-111.95505617977528,89,HOME,Larry Hartstein,44,spread,89,-5.653000000000002,89,-9964.0,2,-0.0635168539325843,sportsline,89.0,0,0.3917,0.4942528735632184,43
,-110.0,79,,nukethebooks,38,spread,79,-2.3670000000000027,79,-8690.0,0,-0.02674576271186442,juicereel_nukethebooks,88.50000000000006,0,0.4105,0.5189873417721519,41
,-111.1025641025641,78,AWAY,Larry Hartstein,41,spread,78,-7.403000000000001,78,-8666.0,0,-0.09491025641025642,sportsline,78.0,0,0.3674,0.47435897435897434,37
,-151.27777777777777,72,HOME,Matt Severance,36,moneyline,72,-15.597999999999997,72,-10892.0,0,-0.17046994535519122,sportsline,91.5,0,0.3875,0.5,36
,-110.18867924528301,53,AWAY,Zack Cimini,27,spread,53,-4.013000000000001,53,-5840.0,1,-0.11147222222222225,sportsline,36.0,0,0.351,0.4807692307692308,25
,-109.88,50,OVER,Bruce Marshall,25,total,50,-3.2090000000000023,50,-5494.0,1,-0.06418000000000004,sportsline,50.0,0,0.3557,0.4897959183673469,24
,-109.24242424242425,33,UNDER,Bob Konarski,15,total,33,1.6110000000000002,33,-3605.0,0,0.047022767075306476,sportsline,34.260000000000005,0,0.3799,0.5454545454545454,18
,-109.48484848484848,33,UNDER,Bruce Marshall,20,total,33,-8.068,33,-3613.0,0,-0.24448484848484847,sportsline,33.0,0,0.2468,0.3939393939393939,13
,-110.60606060606061,33,OVER,Chip Patterson,14,total,33,3.2429999999999994,33,-3650.0,0,0.09460326721120182,sportsline,34.28000000000001,0,0.4081,0.5757575757575758,19
,-114.23333333333333,30,,nukethebooks,12,total,30,0.5020000000000006,30,-3427.0,0,0.024251207729468635,juicereel_nukethebooks,20.699999999999992,0,0.4232,0.6,18
,-98.68,25,OVER,Dimers AI Model,25,total,25,-25.779999999999994,25,-2467.0,0,-1.0,dimers,25.779999999999994,0,0.0,0.0,0
,-109.88,25,OVER,Eric Cohen,18,total,25,-11.935000000000002,25,-2747.0,0,-0.46675791943684,sportsline,25.570000000000007,0,0.1428,0.28,7
,-109.20833333333333,24,AWAY,Micah Roberts,10,spread,24,2.7220000000000004,24,-2621.0,0,0.11341666666666668,sportsline,24.0,0,0.3883,0.5833333333333334,14
,-110.45454545454545,22,HOME,Zack Cimini,12,spread,22,-1.016,22,-2430.0,0,-0.07525925925925926,sportsline,13.5,0,0.2692,0.45454545454545453,10
,-111.9,20,HOME,Matt Severance,12,spread,20,-3.341,20,-2238.0,0,-0.19091428571428573,sportsline,17.5,0,0.2188,0.4,8
,-111.63157894736842,19,HOME,Bob Konarski,8,spread,19,1.851,19,-2121.0,0,0.09742105263157895,sportsline,19.0,0,0.3628,0.5789473684210527,11
,-109.33333333333333,18,AWAY,Bob Konarski,9,spread,18,-0.8030000000000006,18,-1968.0,0,-0.04461111111111114,sportsline,18.0,0,0.2903,0.5,9
,-109.88235294117646,17,OVER,Micah Roberts,8,total,17,0.08999999999999964,17,-1868.0,0,0.005113636363636343,sportsline,17.6,0,0.3096,0.5294117647058824,9
,-113.125,16,HOME,Thomas Casale,8,spread,16,-0.9580000000000003,16,-1810.0,0,-0.05987500000000002,sportsline,16.0,0,0.28,0.5,8
,-111.33333333333333,15,UNDER,Micah Roberts,4,total,15,6.2059999999999995,15,-1670.0,0,0.39961365099806817,sportsline,15.530000000000001,0,0.4805,0.7333333333333333,11
,-46.23076923076923,13,HOME,Bob Konarski,9,moneyline,13,-5.099,13,-601.0,0,-0.39223076923076927,sportsline,13.0,0,0.1268,0.3076923076923077,4
,-114.84615384615384,13,OVER,Chip Patterson,6,team_total,13,0.11999999999999988,13,-1493.0,0,0.008639308855291567,sportsline,13.890000000000002,0,0.2914,0.5384615384615384,7
,-107.3076923076923,13,UNDER,Eric Cohen,7,total,13,-1.3470000000000002,13,-1395.0,0,-0.10120210368144253,sportsline,13.31,0,0.2321,0.46153846153846156,6
,-109.23076923076923,13,HOME,Micah Roberts,6,spread,13,0.4940000000000002,13,-1420.0,0,0.03800000000000002,sportsline,13.0,0,0.2914,0.5384615384615384,7
,-56.083333333333336,12,AWAY,Bob Konarski,3,moneyline,12,5.386000000000001,12,-673.0,0,0.4488333333333334,sportsline,12.0,0,0.4677,0.75,9
,-91.66666666666667,12,AWAY,Chip Patterson,6,spread,12,-0.6169999999999999,12,-1100.0,0,-0.05141666666666666,sportsline,12.0,0,0.2538,0.5,6
,-89.33333333333333,12,UNDER,Dimers AI Model,0,total,12,11.633999999999999,12,-1072.0,0,0.9435523114355231,dimers,12.329999999999998,0,0.7575,1.0,12
,-111.0,11,HOME,Chip Patterson,6,spread,11,-1.4769999999999999,11,-1221.0,0,-0.13427272727272727,sportsline,11.0,0,0.2127,0.45454545454545453,5
,-112.11111111111111,9,HOME,Eric Cohen,5,spread,9,-1.326,9,-1009.0,0,-0.14733333333333334,sportsline,9.0,0,0.1888,0.4444444444444444,4
,-122.77777777777777,9,HOME,Thomas Casale,5,moneyline,9,-2.159,9,-1105.0,0,-0.254,sportsline,8.5,0,0.1888,0.4444444444444444,4
,-110.75,8,AWAY,Jeff Hochman,2,spread,8,3.4080000000000004,8,-886.0,0,0.42600000000000005,sportsline,8.0,0,0.4093,0.75,6
,-112.25,8,FLA,Micah Roberts,3,spread,8,1.5389999999999997,8,-898.0,0,0.18191489361702123,sportsline,8.46,0,0.3057,0.625,5
,-110.25,8,MSU,Micah Roberts,1,spread,8,5.622,8,-882.0,0,0.6692857142857143,sportsline,8.4,0,0.5291,0.875,7
,-109.5,8,AWAY,Thomas Casale,3,spread,8,2.017,8,-876.0,0,0.2689333333333333,sportsline,7.5,0,0.3057,0.625,5
,-108.0,7,OVER,Bob Konarski,4,total,7,-1.2600000000000002,7,-756.0,0,-0.17548746518105857,sportsline,7.179999999999999,0,0.1582,0.42857142857142855,3
,-108.57142857142857,7,UNDER,Chip Patterson,5,total,7,-3.255,7,-760.0,0,-0.4483471074380165,sportsline,7.260000000000001,0,0.0822,0.2857142857142857,2
,-110.0,7,HOME,Mike Tierney,4,spread,7,-1.327,7,-770.0,0,-0.18957142857142856,sportsline,7.0,0,0.1582,0.42857142857142855,3
,-116.33333333333333,6,UNDER,Chip Patterson,3,team_total,6,-0.43899999999999995,6,-698.0,0,-0.06816770186335402,sportsline,6.44,0,0.1876,0.5,3
,-110.0,6,AWAY,Eric Cohen,3,spread,6,-0.31199999999999983,6,-660.0,0,-0.05199999999999997,sportsline,6.0,0,0.1876,0.5,3
,-54.166666666666664,6,AWAY,Micah Roberts,1,moneyline,6,3.3000000000000003,6,-325.0,0,0.55,sportsline,6.0,0,0.4365,0.8333333333333334,5
,-113.28571428571429,7,HOU,Micah Roberts,2,spread,7,1.6179999999999999,7,-793.0,1,0.21718120805369123,sportsline,7.450000000000001,0,0.3,0.6666666666666666,4
,-113.0,5,UNDER,Matt Severance,2,total,5,0.2250000000000001,5,-565.0,0,0.05000000000000002,sportsline,4.5,0,0.2307,0.6,3
,-112.0,5,MICH,Micah Roberts,3,spread,5,-1.2840000000000003,5,-560.0,0,-0.24318181818181822,sportsline,5.28,0,0.1176,0.4,2
,-110.0,5,NEB,Micah Roberts,3,spread,5,-1.2400000000000002,5,-550.0,0,-0.23619047619047623,sportsline,5.25,0,0.1176,0.4,2
,-111.0,5,ALA,Thomas Casale,2,spread,5,0.7399999999999999,5,-555.0,0,0.14041745730550284,sportsline,5.27,0,0.2307,0.6,3
,-126.0,5,AWAY,Zack Cimini,4,moneyline,5,-2.39,5,-630.0,0,-0.5975,sportsline,4.0,0,0.0362,0.2,1
,-10.4,5,,sXeBets,2,total,5,2.191,5,-52.0,0,0.183500837520938,juicereel_sxebets,11.940000000000001,0,0.2307,0.6,3
,-110.25,4,STMY,Bob Konarski,2,spread,4,-0.19000000000000017,4,-441.0,0,-0.04523809523809528,sportsline,4.2,0,0.15,0.5,2
,-110.0,4,HOME,Chip Patterson,1,player_prop,4,1.77,4,-440.0,0,0.4425,sportsline,4.0,0,0.3006,0.75,3
,-110.0,4,MIZZ,Chip Patterson,2,spread,4,-0.19000000000000006,4,-440.0,0,-0.04523809523809525,sportsline,4.2,0,0.15,0.5,2
,-108.25,4,DRKE,Micah Roberts,1,spread,4,1.855,4,-433.0,0,0.4459134615384615,sportsline,4.16,0,0.3006,0.75,3
,-111.5,4,NAVY,Micah Roberts,1,spread,4,1.7879999999999998,4,-446.0,0,0.42369668246445497,sportsline,4.22,0,0.3006,0.75,3
,-113.25,4,PUR,Micah Roberts,2,spread,4,-0.2400000000000001,4,-453.0,0,-0.05660377358490568,sportsline,4.24,0,0.15,0.5,2
,-109.25,4,UNDER,Mike Tierney,2,total,4,-0.17399999999999993,4,-437.0,0,-0.04349999999999998,sportsline,4.0,0,0.15,0.5,2
,164.0,4,UCLA,nukethebooks,1,moneyline,4,3.234,4,656.0,0,0.796551724137931,juicereel_nukethebooks,4.0600000000000005,0,0.3006,0.75,3
,-114.33333333333333,3,LOU,Bob Konarski,2,moneyline,3,-1.191,3,-343.0,0,-0.3721875,sportsline,3.2,0,0.0615,0.3333333333333333,1
,-41.666666666666664,3,NEB,Bob Konarski,3,moneyline,3,-3.1100000000000003,3,-125.0,0,-1.0,sportsline,3.1100000000000003,0,0.0,0.0,0
,-49.333333333333336,3,SMU,Bob Konarski,2,moneyline,3,-1.2100000000000002,3,-148.0,0,-0.3769470404984424,sportsline,3.21,0,0.0615,0.3333333333333333,1
,-111.66666666666667,3,BRAD,Bob Konarski,2,spread,3,-1.165,3,-335.0,0,-0.3675078864353313,sportsline,3.17,0,0.0615,0.3333333333333333,1
,-111.66666666666667,3,ILL,Bob Konarski,1,spread,3,0.835,3,-335.0,0,0.26340694006309145,sportsline,3.17,0,0.2077,0.6666666666666666,2
,-110.0,3,MEM,Bob Konarski,1,spread,3,0.8599999999999999,3,-330.0,0,0.27301587301587293,sportsline,3.1500000000000004,0,0.2077,0.6666666666666666,2
,-108.66666666666667,3,MISS,Bob Konarski,0,spread,3,2.8819999999999997,3,-326.0,0,0.9207667731629392,sportsline,3.13,0,0.4385,1.0,3
,-110.0,3,MIZZ,Bob Konarski,1,spread,3,0.8589999999999998,3,-330.0,0,0.2726984126984126,sportsline,3.1500000000000004,0,0.2077,0.6666666666666666,2
,-111.66666666666667,3,OSU,Bob Konarski,0,spread,3,2.84,3,-335.0,0,0.8958990536277602,sportsline,3.17,0,0.4385,1.0,3
points,-112.66666666666667,3,OVER,Chip Patterson,2,player_prop,3,-1.123,3,-338.0,0,-0.37433333333333335,sportsline,3.0,0,0.0615,0.3333333333333333,1
,-110.66666666666667,3,FLA,Chip Patterson,1,spread,3,0.8499999999999999,3,-332.0,0,0.26898734177215183,sportsline,3.16,0,0.2077,0.6666666666666666,2
,-110.0,3,ISU,Chip Patterson,0,spread,3,2.8649999999999998,3,-330.0,0,0.9095238095238094,sportsline,3.1500000000000004,0,0.4385,1.0,3
,-108.66666666666667,3,TAMU,Chip Patterson,3,spread,3,-3.13,3,-326.0,0,-1.0,sportsline,3.13,0,0.0,0.0,0
,-111.0,3,TEX,Chip Patterson,2,spread,3,-1.1600000000000001,3,-333.0,0,-0.3670886075949367,sportsline,3.16,0,0.0615,0.3333333333333333,1
,-110.66666666666667,3,VAN,Dimers AI Model,1,spread,3,0.8469999999999998,3,-332.0,0,0.2688888888888888,dimers,3.1500000000000004,0,0.2077,0.6666666666666666,2
,-110.0,3,HOME,Jeff Hochman,2,spread,3,-1.091,3,-330.0,0,-0.36366666666666664,sportsline,3.0,0,0.0615,0.3333333333333333,1
,-110.0,3,ARIZ,Micah Roberts,1,spread,3,0.8579999999999999,3,-330.0,0,0.27238095238095233,sportsline,3.1500000000000004,0,0.2077,0.6666666666666666,2
,-111.66666666666667,3,AUB,Micah Roberts,3,spread,3,-3.1700000000000004,3,-335.0,0,-1.0,sportsline,3.1700000000000004,0,0.0,0.0,0
,-110.0,3,MIO,Micah Roberts,2,spread,3,-1.145,3,-330.0,0,-0.3634920634920635,sportsline,3.1500000000000004,0,0.0615,0.3333333333333333,1
,-109.0,3,SCL,Micah Roberts,1,spread,3,0.87,3,-327.0,0,0.2779552715654952,sportsline,3.13,0,0.2077,0.6666666666666666,2
,-112.0,3,UCSD,Micah Roberts,1,spread,3,0.831,3,-336.0,0,0.26214511041009464,sportsline,3.17,0,0.2077,0.6666666666666666,2
,-112.33333333333333,3,OVER,Mike McClure,2,total,3,-1.107,3,-337.0,0,-0.369,sportsline,3.0,0,0.0615,0.3333333333333333,1
,-118.66666666666667,3,XAV,Thomas Casale,0,moneyline,3,2.742,3,-356.0,0,0.8436923076923077,sportsline,3.25,0,0.4385,1.0,3
,-108.33333333333333,3,HOU,Thomas Casale,1,spread,3,0.8759999999999999,3,-325.0,0,0.2807692307692307,sportsline,3.12,0,0.2077,0.6666666666666666,2
,-117.66666666666667,3,OVER,Thomas Casale,2,team_total,3,-1.2350000000000003,3,-353.0,0,-0.3811728395061729,sportsline,3.24,0,0.0615,0.3333333333333333,1
,-135.0,3,HOME,Zack Cimini,1,moneyline,3,0.641,3,-405.0,0,0.3205,sportsline,2.0,0,0.2077,0.6666666666666666,2
,196.0,3,,nukethebooks,1,moneyline,3,6.927,3,588.0,0,1.5058695652173912,juicereel_nukethebooks,4.6,0,0.2077,0.6666666666666666,2
points,-118.0,3,OVER,nukethebooks,1,player_prop,3,0.28299999999999986,3,-354.0,0,0.10481481481481476,juicereel_nukethebooks,2.7,0,0.2077,0.6666666666666666,2
,-114.0,2,ARIZ,Bob Konarski,0,moneyline,2,1.87,2,-228.0,0,0.8779342723004696,sportsline,2.13,0,0.3424,1.0,2
,-15.0,2,HOU,Bob Konarski,1,moneyline,2,-0.131,2,-30.0,0,-0.06150234741784038,sportsline,2.13,0,0.0945,0.5,1
,-111.0,2,MEM,Bob Konarski,0,moneyline,2,1.8980000000000001,2,-222.0,0,0.9038095238095238,sportsline,2.1,0,0.3424,1.0,2
,105.0,2,MIO,Bob Konarski,0,moneyline,2,2.045,2,210.0,0,1.0487179487179488,sportsline,1.95,0,0.3424,1.0,2
,-113.0,2,MSST,Bob Konarski,0,moneyline,2,1.876,2,-226.0,0,0.8849056603773584,sportsline,2.12,0,0.3424,1.0,2
,-120.0,2,NIOWA,Bob Konarski,1,moneyline,2,-0.18200000000000005,2,-240.0,0,-0.08348623853211011,sportsline,2.18,0,0.0945,0.5,1
,120.0,2,SACST,Bob Konarski,1,moneyline,2,0.17000000000000004,2,240.0,0,0.092896174863388,sportsline,1.83,0,0.0945,0.5,1
,-123.0,2,TULSA,Bob Konarski,1,moneyline,2,-0.21200000000000008,2,-246.0,0,-0.09592760180995479,sportsline,2.21,0,0.0945,0.5,1
,-116.5,2,UNM,Bob Konarski,1,moneyline,2,-0.15200000000000014,2,-233.0,0,-0.07069767441860471,sportsline,2.1500000000000004,0,0.0945,0.5,1
,-112.5,2,ARK,Bob Konarski,1,spread,2,-0.1150000000000001,2,-225.0,0,-0.05424528301886797,sportsline,2.12,0,0.0945,0.5,1
,-111.0,2,BYU,Bob Konarski,2,spread,2,-2.1100000000000003,2,-222.0,0,-1.0,sportsline,2.1100000000000003,0,0.0,0.0,0
,-109.0,2,CLEM,Bob Konarski,0,spread,2,1.918,2,-218.0,0,0.9177033492822967,sportsline,2.09,0,0.3424,1.0,2
,-108.5,2,ECKU,Bob Konarski,2,spread,2,-2.08,2,-217.0,0,-1.0,sportsline,2.08,0,0.0,0.0,0
,-107.0,2,GAST,Bob Konarski,0,spread,2,1.9249999999999998,2,-214.0,0,0.9344660194174756,sportsline,2.06,0,0.3424,1.0,2
,-113.0,2,HALL,Bob Konarski,1,spread,2,-0.12400000000000011,2,-226.0,0,-0.0584905660377359,sportsline,2.12,0,0.0945,0.5,1
,-107.0,2,IOWA,Bob Konarski,0,spread,2,1.9249999999999998,2,-214.0,0,0.9344660194174756,sportsline,2.06,0,0.3424,1.0,2
,-113.0,2,ISU,Bob Konarski,1,spread,2,-0.12,2,-226.0,0,-0.056603773584905655,sportsline,2.12,0,0.0945,0.5,1
,-114.5,2,KSU,Bob Konarski,0,spread,2,1.871,2,-229.0,0,0.8742990654205607,sportsline,2.14,0,0.3424,1.0,2
,-114.0,2,LMU,Bob Konarski,1,spread,2,-0.1250000000000001,2,-228.0,0,-0.05868544600938973,sportsline,2.13,0,0.0945,0.5,1
,-114.5,2,MARST,Bob Konarski,2,spread,2,-2.14,2,-229.0,0,-1.0,sportsline,2.14,0,0.0,0.0,0
,-111.5,2,MD,Bob Konarski,2,spread,2,-2.1,2,-223.0,0,-1.0,sportsline,2.1,0,0.0,0.0,0
,-113.5,2,MSU,Bob Konarski,1,spread,2,-0.13,2,-227.0,0,-0.061032863849765265,sportsline,2.13,0,0.0945,0.5,1
,-110.0,2,NALA,Bob Konarski,1,spread,2,-0.09500000000000008,2,-220.0,0,-0.04523809523809528,sportsline,2.1,0,0.0945,0.5,1
,-110.5,2,SCAR,Bob Konarski,1,spread,2,-0.09500000000000008,2,-221.0,0,-0.04523809523809528,sportsline,2.1,0,0.0945,0.5,1
,-110.0,2,SDAK,Bob Konarski,1,spread,2,-0.09500000000000008,2,-220.0,0,-0.04523809523809528,sportsline,2.1,0,0.0945,0.5,1
,-110.0,2,STJOS,Bob Konarski,1,spread,2,-0.09500000000000008,2,-220.0,0,-0.04523809523809528,sportsline,2.1,0,0.0945,0.5,1
,-107.5,2,TARLT,Bob Konarski,1,spread,2,-0.07900000000000007,2,-215.0,0,-0.038164251207729497,sportsline,2.0700000000000003,0,0.0945,0.5,1
,-112.5,2,UK,Bob Konarski,2,spread,2,-2.12,2,-225.0,0,-1.0,sportsline,2.12,0,0.0,0.0,0
,-110.0,2,UTA,Bob Konarski,1,spread,2,-0.09500000000000008,2,-220.0,0,-0.04523809523809528,sportsline,2.1,0,0.0945,0.5,1
,-113.0,2,WASH,Bob Konarski,2,spread,2,-2.12,2,-226.0,0,-1.0,sportsline,2.12,0,0.0,0.0,0
,-107.5,2,WIS,Bob Konarski,1,spread,2,-0.07900000000000007,2,-215.0,0,-0.038164251207729497,sportsline,2.0700000000000003,0,0.0945,0.5,1
,-112.0,2,HOME,Bruce Marshall,2,moneyline,2,-2.0,2,-224.0,0,-1.0,sportsline,2.0,0,0.0,0.0,0
,-107.5,2,OU,Chip Patterson,0,1st_half_spread,2,1.926,2,-215.0,0,0.9304347826086955,sportsline,2.0700000000000003,0,0.3424,1.0,2
,-112.5,2,PUR,Chip Patterson,1,1st_half_spread,2,-0.1150000000000001,2,-225.0,0,-0.05424528301886797,sportsline,2.12,0,0.0945,0.5,1
,-112.5,2,AWAY,Chip Patterson,1,player_prop,2,-0.16700000000000004,2,-225.0,0,-0.08350000000000002,sportsline,2.0,0,0.0945,0.5,1
,-115.0,2,UNDER,Chip Patterson,0,player_prop,2,1.74,2,-230.0,0,0.87,sportsline,2.0,0,0.3424,1.0,2
points,-115.0,2,UNDER,Chip Patterson,0,player_prop,2,1.742,2,-230.0,0,0.871,sportsline,2.0,0,0.3424,1.0,2
,-110.0,2,ARIZ,Chip Patterson,0,spread,2,1.91,2,-220.0,0,0.9095238095238094,sportsline,2.1,0,0.3424,1.0,2
,-110.0,2,ARK,Chip Patterson,0,spread,2,1.91,2,-220.0,0,0.9095238095238094,sportsline,2.1,0,0.3424,1.0,2
,-116.5,2,CLEM,Chip Patterson,0,spread,2,1.8450000000000002,2,-233.0,0,0.8581395348837209,sportsline,2.1500000000000004,0,0.3424,1.0,2
,-109.5,2,CONN,Chip Patterson,1,spread,2,-0.08999999999999997,2,-219.0,0,-0.04306220095693779,sportsline,2.09,0,0.0945,0.5,1
,-107.5,2,MCNS,Chip Patterson,1,spread,2,-0.07900000000000007,2,-215.0,0,-0.038164251207729497,sportsline,2.0700000000000003,0,0.0945,0.5,1
,-110.0,2,MD,Chip Patterson,1,spread,2,-0.09500000000000008,2,-220.0,0,-0.04523809523809528,sportsline,2.1,0,0.0945,0.5,1
,-110.0,2,MICH,Chip Patterson,0,spread,2,1.91,2,-220.0,0,0.9095238095238094,sportsline,2.1,0,0.3424,1.0,2
,-110.0,2,ORE,Chip Patterson,1,spread,2,-0.09499999999999997,2,-220.0,0,-0.04545454545454544,sportsline,2.09,0,0.0945,0.5,1
,-110.0,2,UNM,Chip Patterson,1,spread,2,-0.09500000000000008,2,-220.0,0,-0.04523809523809528,sportsline,2.1,0,0.0945,0.5,1
,-105.0,2,SMU,Dimers AI Model,0,moneyline,2,1.8130000000000002,2,-210.0,0,0.8316513761467892,dimers,2.1799999999999997,0,0.3424,1.0,2
,-109.0,2,MER,Dimers AI Model,0,spread,2,1.918,2,-218.0,0,0.9177033492822967,dimers,2.09,0,0.3424,1.0,2
,-113.5,2,RICE,Dimers AI Model,2,spread,2,-2.13,2,-227.0,0,-1.0,dimers,2.13,0,0.0,0.0,0
,-6.0,2,SMU,Dimers AI Model,1,spread,2,-0.05400000000000005,2,-12.0,0,-0.02621359223300973,dimers,2.06,0,0.0945,0.5,1
,105.0,2,HOME,Eric Cohen,1,moneyline,2,0.0,2,210.0,0,0.0,sportsline,2.0,0,0.0945,0.5,1
,-110.5,2,ORLU,Eric Cohen,0,spread,2,1.9020000000000001,2,-221.0,0,0.9057142857142857,sportsline,2.1,0,0.3424,1.0,2
,-112.5,2,HOME,Josh Nagel,1,spread,2,-0.13,2,-225.0,0,-0.065,sportsline,2.0,0,0.0945,0.5,1
,11.0,2,HOME,Micah Roberts,1,moneyline,2,-0.16700000000000004,2,22.0,0,-0.08350000000000002,sportsline,2.0,0,0.0945,0.5,1
,-8.5,2,PUR,Micah Roberts,1,moneyline,2,-0.06500000000000006,2,-17.0,0,-0.031553398058252455,sportsline,2.06,0,0.0945,0.5,1
points,-110.0,2,OVER,Micah Roberts,2,player_prop,2,-2.0,2,-220.0,0,-1.0,sportsline,2.0,0,0.0,0.0,0
,-107.5,2,BELMT,Micah Roberts,0,spread,2,1.926,2,-215.0,0,0.9304347826086955,sportsline,2.0700000000000003,0,0.3424,1.0,2
,-112.0,2,BYU,Micah Roberts,1,spread,2,-0.1150000000000001,2,-224.0,0,-0.05424528301886797,sportsline,2.12,0,0.0945,0.5,1
,-105.0,2,GASO,Micah Roberts,1,spread,2,-0.050000000000000044,2,-210.0,0,-0.02439024390243905,sportsline,2.05,0,0.0945,0.5,1
,-109.0,2,MIZZ,Micah Roberts,0,spread,2,1.918,2,-218.0,0,0.9177033492822967,sportsline,2.09,0,0.3424,1.0,2
,-111.0,2,NALA,Micah Roberts,1,spread,2,-0.1050000000000001,2,-222.0,0,-0.049763033175355485,sportsline,2.1100000000000003,0,0.0945,0.5,1
,-107.5,2,NEV,Micah Roberts,1,spread,2,-0.06500000000000006,2,-215.0,0,-0.0314009661835749,sportsline,2.0700000000000003,0,0.0945,0.5,1
,-110.0,2,STAN,Micah Roberts,1,spread,2,-0.09500000000000008,2,-220.0,0,-0.04523809523809528,sportsline,2.1,0,0.0945,0.5,1
,-110.0,2,STJO,Micah Roberts,0,spread,2,1.91,2,-220.0,0,0.9095238095238094,sportsline,2.1,0,0.3424,1.0,2
,-106.0,2,STLO,Micah Roberts,1,spread,2,-0.05500000000000005,2,-212.0,0,-0.026699029126213615,sportsline,2.06,0,0.0945,0.5,1
,-105.5,2,TENN,Micah Roberts,0,spread,2,1.943,2,-211.0,0,0.9478048780487806,sportsline,2.05,0,0.3424,1.0,2
,-107.5,2,TOWS,Micah Roberts,1,spread,2,-0.06500000000000006,2,-215.0,0,-0.0314009661835749,sportsline,2.0700000000000003,0,0.0945,0.5,1
,-112.5,2,UCI,Micah Roberts,1,spread,2,-0.12,2,-225.0,0,-0.056603773584905655,sportsline,2.12,0,0.0945,0.5,1
,-114.0,2,UNCW,Micah Roberts,0,spread,2,1.87,2,-228.0,0,0.8779342723004696,sportsline,2.13,0,0.3424,1.0,2
,-107.5,2,UNM,Micah Roberts,2,spread,2,-2.0700000000000003,2,-215.0,0,-1.0,sportsline,2.0700000000000003,0,0.0,0.0,0
,-107.5,2,VCU,Micah Roberts,1,spread,2,-0.07900000000000007,2,-215.0,0,-0.038164251207729497,sportsline,2.0700000000000003,0,0.0945,0.5,1
,-114.0,2,OVER,Micah Roberts,2,team_total,2,-2.13,2,-228.0,0,-1.0,sportsline,2.13,0,0.0,0.0,0
,-127.0,2,FLA,Thomas Casale,0,moneyline,2,1.766,2,-254.0,0,0.7883928571428571,sportsline,2.24,0,0.3424,1.0,2
,-158.0,2,MARQ,Thomas Casale,0,moneyline,2,1.552,2,-316.0,0,0.633469387755102,sportsline,2.45,0,0.3424,1.0,2
,-148.0,2,MISS,Thomas Casale,0,moneyline,2,1.6179999999999999,2,-296.0,0,0.6769874476987449,sportsline,2.3899999999999997,0,0.3424,1.0,2
,-129.5,2,SJSU,Thomas Casale,0,moneyline,2,1.746,2,-259.0,0,0.772566371681416,sportsline,2.26,0,0.3424,1.0,2
,-133.5,2,UK,Thomas Casale,0,moneyline,2,1.712,2,-267.0,0,0.750877192982456,sportsline,2.2800000000000002,0,0.3424,1.0,2
,-112.5,2,GEO,Thomas Casale,0,spread,2,1.885,2,-225.0,0,0.8891509433962264,sportsline,2.12,0,0.3424,1.0,2
,-110.0,2,IND,Thomas Casale,0,spread,2,1.91,2,-220.0,0,0.9095238095238094,sportsline,2.1,0,0.3424,1.0,2
,-120.0,2,TAMU,Thomas Casale,2,spread,2,-2.18,2,-240.0,0,-1.0,sportsline,2.18,0,0.0,0.0,0
,-119.0,2,TENN,Thomas Casale,2,spread,2,-2.17,2,-238.0,0,-1.0,sportsline,2.17,0,0.0,0.0,0
,-110.5,2,XAV,Thomas Casale,1,spread,2,-0.09999999999999998,2,-221.0,0,-0.04761904761904761,sportsline,2.1,0,0.0945,0.5,1
,270.0,2,IOWA,nukethebooks,2,moneyline,2,-1.12,2,540.0,0,-1.0,juicereel_nukethebooks,1.12,0,0.0,0.0,0
,209.5,2,OSU,nukethebooks,1,moneyline,2,1.1400000000000001,2,419.0,0,0.7600000000000001,juicereel_nukethebooks,1.5,0,0.0945,0.5,1
,132.5,2,WVU,nukethebooks,0,moneyline,2,4.355,2,265.0,0,1.3196969696969698,juicereel_nukethebooks,3.3,0,0.3424,1.0,2
,126.5,2,,sXeBets,1,spread,2,1.7919999999999998,2,253.0,0,0.22974358974358972,juicereel_sxebets,7.8,0,0.0945,0.5,1
,-112.0,1,BU,+671.5,1,moneyline,1,-1.06,1,-112.0,0,-1.0,sportsline,1.06,0,0.0,0.0,0
,-128.0,1,CHAR,+671.5,0,moneyline,1,0.875,1,-128.0,0,0.7812499999999999,sportsline,1.12,0,0.2065,1.0,1
,-126.0,1,CIN,+671.5,0,moneyline,1,0.889,1,-126.0,0,0.79375,sportsline,1.12,0,0.2065,1.0,1
,-139.0,1,EBOSG,+671.5,1,moneyline,1,-1.16,1,-139.0,0,-1.0,sportsline,1.16,0,0.0,0.0,0
,-134.0,1,IDAHO,+671.5,0,moneyline,1,0.858,1,-134.0,0,0.7460869565217392,sportsline,1.15,0,0.2065,1.0,1
,-125.0,1,MARST,+671.5,1,moneyline,1,-1.11,1,-125.0,0,-1.0,sportsline,1.11,0,0.0,0.0,0
,-115.0,1,MIZZ,+671.5,1,moneyline,1,-1.07,1,-115.0,0,-1.0,sportsline,1.07,0,0.0,0.0,0
,-128.0,1,NEV,+671.5,1,moneyline,1,-1.12,1,-128.0,0,-1.0,sportsline,1.12,0,0.0,0.0,0
,-115.0,1,OSU,+671.5,1,moneyline,1,-1.07,1,-115.0,0,-1.0,sportsline,1.07,0,0.0,0.0,0
,-114.0,1,OU,+671.5,1,moneyline,1,-1.07,1,-114.0,0,-1.0,sportsline,1.07,0,0.0,0.0,0
,-115.0,1,ROMO,+671.5,0,moneyline,1,0.93,1,-115.0,0,0.8691588785046729,sportsline,1.07,0,0.2065,1.0,1
,-120.0,1,TEX,+671.5,0,moneyline,1,0.908,1,-120.0,0,0.8330275229357798,sportsline,1.09,0,0.2065,1.0,1
,-125.0,1,UK,+671.5,0,moneyline,1,0.888,1,-125.0,0,0.7999999999999999,sportsline,1.11,0,0.2065,1.0,1
,-148.0,1,WIS,+671.5,0,moneyline,1,0.804,1,-148.0,0,0.6756302521008404,sportsline,1.19,0,0.2065,1.0,1
,-110.0,1,OVER,+671.5,0,total,1,0.955,1,-110.0,0,0.9095238095238094,sportsline,1.05,0,0.2065,1.0,1
,-120.0,1,ALA,Bob Konarski,1,moneyline,1,-1.09,1,-120.0,0,-1.0,sportsline,1.09,0,0.0,0.0,0
,-118.0,1,BELMT,Bob Konarski,1,moneyline,1,-1.08,1,-118.0,0,-1.0,sportsline,1.08,0,0.0,0.0,0
,-120.0,1,BETHCK,Bob Konarski,1,moneyline,1,-1.09,1,-120.0,0,-1.0,sportsline,1.09,0,0.0,0.0,0
,-110.0,1,BGSU,Bob Konarski,1,moneyline,1,-1.05,1,-110.0,0,-1.0,sportsline,1.05,0,0.0,0.0,0
,-110.0,1,CAMP,Bob Konarski,0,moneyline,1,0.955,1,-110.0,0,0.9095238095238094,sportsline,1.05,0,0.2065,1.0,1
,-120.0,1,CHAR,Bob Konarski,1,moneyline,1,-1.09,1,-120.0,0,-1.0,sportsline,1.09,0,0.0,0.0,0
,-108.0,1,CIN,Bob Konarski,1,moneyline,1,-1.04,1,-108.0,0,-1.0,sportsline,1.04,0,0.0,0.0,0
,-124.0,1,CSU,Bob Konarski,1,moneyline,1,-1.11,1,-124.0,0,-1.0,sportsline,1.11,0,0.0,0.0,0
,100.0,1,DEP,Bob Konarski,0,moneyline,1,1.0,1,100.0,0,1.0,sportsline,1.0,0,0.2065,1.0,1
,-118.0,1,DVSN,Bob Konarski,1,moneyline,1,-1.08,1,-118.0,0,-1.0,sportsline,1.08,0,0.0,0.0,0
,-115.0,1,FAIR,Bob Konarski,1,moneyline,1,-1.07,1,-115.0,0,-1.0,sportsline,1.07,0,0.0,0.0,0
,-118.0,1,GAST,Bob Konarski,1,moneyline,1,-1.08,1,-118.0,0,-1.0,sportsline,1.08,0,0.0,0.0,0
,-104.0,1,GTOWN,Bob Konarski,0,moneyline,1,0.981,1,-104.0,0,0.9617647058823529,sportsline,1.02,0,0.2065,1.0,1
,-126.0,1,ILL,Bob Konarski,1,moneyline,1,-1.12,1,-126.0,0,-1.0,sportsline,1.12,0,0.0,0.0,0
,-125.0,1,JAX,Bob Konarski,0,moneyline,1,0.888,1,-125.0,0,0.7999999999999999,sportsline,1.11,0,0.2065,1.0,1
,100.0,1,KENN,Bob Konarski,0,moneyline,1,1.0,1,100.0,0,1.0,sportsline,1.0,0,0.2065,1.0,1
,-105.0,1,KENT,Bob Konarski,1,moneyline,1,-1.02,1,-105.0,0,-1.0,sportsline,1.02,0,0.0,0.0,0
,105.0,1,LSU,Bob Konarski,0,moneyline,1,1.029,1,105.0,0,1.0499999999999998,sportsline,0.98,0,0.2065,1.0,1
,-120.0,1,LTECH,Bob Konarski,1,moneyline,1,-1.09,1,-120.0,0,-1.0,sportsline,1.09,0,0.0,0.0,0
,100.0,1,LUKYK,Bob Konarski,0,moneyline,1,1.0,1,100.0,0,1.0,sportsline,1.0,0,0.2065,1.0,1
,-110.0,1,MILW,Bob Konarski,1,moneyline,1,-1.05,1,-110.0,0,-1.0,sportsline,1.05,0,0.0,0.0,0
,-120.0,1,MIZZ,Bob Konarski,0,moneyline,1,0.908,1,-120.0,0,0.8330275229357798,sportsline,1.09,0,0.2065,1.0,1
,-110.0,1,MORST,Bob Konarski,1,moneyline,1,-1.05,1,-110.0,0,-1.0,sportsline,1.05,0,0.0,0.0,0
,135.0,1,NCOL,Bob Konarski,1,moneyline,1,-0.85,1,135.0,0,-1.0,sportsline,0.85,0,0.0,0.0,0
,-102.0,1,NOVA,Bob Konarski,0,moneyline,1,0.99,1,-102.0,0,0.9801980198019802,sportsline,1.01,0,0.2065,1.0,1
,-120.0,1,OAK,Bob Konarski,1,moneyline,1,-1.09,1,-120.0,0,-1.0,sportsline,1.09,0,0.0,0.0,0
,-115.0,1,ORE,Bob Konarski,0,moneyline,1,0.93,1,-115.0,0,0.8691588785046729,sportsline,1.07,0,0.2065,1.0,1
,-105.0,1,OSU,Bob Konarski,1,moneyline,1,-1.02,1,-105.0,0,-1.0,sportsline,1.02,0,0.0,0.0,0
,-125.0,1,PENN,Bob Konarski,0,moneyline,1,0.888,1,-125.0,0,0.7999999999999999,sportsline,1.11,0,0.2065,1.0,1
,-110.0,1,SAMF,Bob Konarski,0,moneyline,1,0.955,1,-110.0,0,0.9095238095238094,sportsline,1.05,0,0.2065,1.0,1
,-110.0,1,SAN FRAN.,Bob Konarski,0,moneyline,1,0.955,1,-110.0,0,0.9095238095238094,sportsline,1.05,0,0.2065,1.0,1
,-115.0,1,SCL,Bob Konarski,0,moneyline,1,0.93,1,-115.0,0,0.8691588785046729,sportsline,1.07,0,0.2065,1.0,1
,-135.0,1,SDAK,Bob Konarski,0,moneyline,1,0.852,1,-135.0,0,0.7408695652173913,sportsline,1.15,0,0.2065,1.0,1
,-125.0,1,SIUE,Bob Konarski,1,moneyline,1,-1.11,1,-125.0,0,-1.0,sportsline,1.11,0,0.0,0.0,0
,-125.0,1,STLO,Bob Konarski,1,moneyline,1,-1.11,1,-125.0,0,-1.0,sportsline,1.11,0,0.0,0.0,0
,-105.0,1,TENN,Bob Konarski,0,moneyline,1,0.971,1,-105.0,0,0.9519607843137254,sportsline,1.02,0,0.2065,1.0,1
,-120.0,1,TOLEDO,Bob Konarski,1,moneyline,1,-1.09,1,-120.0,0,-1.0,sportsline,1.09,0,0.0,0.0,0
,-115.0,1,TTU,Bob Konarski,0,moneyline,1,0.93,1,-115.0,0,0.8691588785046729,sportsline,1.07,0,0.2065,1.0,1
,-110.0,1,UCF,Bob Konarski,0,moneyline,1,0.955,1,-110.0,0,0.9095238095238094,sportsline,1.05,0,0.2065,1.0,1
,-120.0,1,UNC,Bob Konarski,1,moneyline,1,-1.09,1,-120.0,0,-1.0,sportsline,1.09,0,0.0,0.0,0
,-120.0,1,URI,Bob Konarski,0,moneyline,1,0.908,1,-120.0,0,0.8330275229357798,sportsline,1.09,0,0.2065,1.0,1
,-120.0,1,USC,Bob Konarski,1,moneyline,1,-1.09,1,-120.0,0,-1.0,sportsline,1.09,0,0.0,0.0,0
,100.0,1,UTA,Bob Konarski,0,moneyline,1,1.0,1,100.0,0,1.0,sportsline,1.0,0,0.2065,1.0,1
,-120.0,1,UTAH VALLEY,Bob Konarski,1,moneyline,1,-1.09,1,-120.0,0,-1.0,sportsline,1.09,0,0.0,0.0,0
,-114.0,1,UTM,Bob Konarski,0,moneyline,1,0.939,1,-114.0,0,0.8775700934579438,sportsline,1.07,0,0.2065,1.0,1
,-120.0,1,UVA,Bob Konarski,0,moneyline,1,0.908,1,-120.0,0,0.8330275229357798,sportsline,1.09,0,0.2065,1.0,1
,-114.0,1,VAN,Bob Konarski,0,moneyline,1,0.939,1,-114.0,0,0.8775700934579438,sportsline,1.07,0,0.2065,1.0,1
,-110.0,1,WMILL,Bob Konarski,0,moneyline,1,0.955,1,-110.0,0,0.9095238095238094,sportsline,1.05,0,0.2065,1.0,1
,-125.0,1,WYO,Bob Konarski,1,moneyline,1,-1.11,1,-125.0,0,-1.0,sportsline,1.11,0,0.0,0.0,0
,-110.0,1,XAV,Bob Konarski,0,moneyline,1,0.955,1,-110.0,0,0.9095238095238094,sportsline,1.05,0,0.2065,1.0,1
,-120.0,1,YOST,Bob Konarski,1,moneyline,1,-1.09,1,-120.0,0,-1.0,sportsline,1.09,0,0.0,0.0,0
points,-120.0,1,OVER,Bob Konarski,0,player_prop,1,0.833,1,-120.0,0,0.833,sportsline,1.0,0,0.2065,1.0,1
points,-120.0,1,UNDER,Bob Konarski,0,player_prop,1,0.833,1,-120.0,0,0.833,sportsline,1.0,0,0.2065,1.0,1
,-110.0,1,ALA,Bob Konarski,1,spread,1,-1.05,1,-110.0,0,-1.0,sportsline,1.05,0,0.0,0.0,0
,-114.0,1,ARIZ,Bob Konarski,0,spread,1,0.939,1,-114.0,0,0.8775700934579438,sportsline,1.07,0,0.2065,1.0,1
,-110.0,1,ASU,Bob Konarski,0,spread,1,0.955,1,-110.0,0,0.9095238095238094,sportsline,1.05,0,0.2065,1.0,1
,-112.0,1,AUB,Bob Konarski,1,spread,1,-1.06,1,-112.0,0,-1.0,sportsline,1.06,0,0.0,0.0,0
,-110.0,1,BELMT,Bob Konarski,0,spread,1,0.955,1,-110.0,0,0.9095238095238094,sportsline,1.05,0,0.2065,1.0,1
,-110.0,1,CAL,Bob Konarski,0,spread,1,0.955,1,-110.0,0,0.9095238095238094,sportsline,1.05,0,0.2065,1.0,1
,-110.0,1,CAL POLY,Bob Konarski,0,spread,1,0.955,1,-110.0,0,0.9095238095238094,sportsline,1.05,0,0.2065,1.0,1
,-108.0,1,CAMP,Bob Konarski,0,spread,1,0.963,1,-108.0,0,0.9259615384615384,sportsline,1.04,0,0.2065,1.0,1
,-110.0,1,CCSU,Bob Konarski,0,spread,1,0.955,1,-110.0,0,0.9095238095238094,sportsline,1.05,0,0.2065,1.0,1
,-106.0,1,CHAR,Bob Konarski,1,spread,1,-1.03,1,-106.0,0,-1.0,sportsline,1.03,0,0.0,0.0,0
,-115.0,1,CIN,Bob Konarski,1,spread,1,-1.07,1,-115.0,0,-1.0,sportsline,1.07,0,0.0,0.0,0
,-115.0,1,COLM,Bob Konarski,0,spread,1,0.93,1,-115.0,0,0.8691588785046729,sportsline,1.07,0,0.2065,1.0,1
,-110.0,1,CSU,Bob Konarski,0,spread,1,0.955,1,-110.0,0,0.9095238095238094,sportsline,1.05,0,0.2065,1.0,1
,-105.0,1,DAY,Bob Konarski,1,spread,1,-1.02,1,-105.0,0,-1.0,sportsline,1.02,0,0.0,0.0,0
,-112.0,1,DETM,Bob Konarski,0,spread,1,0.946,1,-112.0,0,0.8924528301886792,sportsline,1.06,0,0.2065,1.0,1
,-110.0,1,DREX,Bob Konarski,0,spread,1,0.955,1,-110.0,0,0.9095238095238094,sportsline,1.05,0,0.2065,1.0,1
,-110.0,1,DUKE,Bob Konarski,1,spread,1,-1.05,1,-110.0,0,-1.0,sportsline,1.05,0,0.0,0.0,0
,-115.0,1,EBOSG,Bob Konarski,1,spread,1,-1.07,1,-115.0,0,-1.0,sportsline,1.07,0,0.0,0.0,0
,-110.0,1,FAMU,Bob Konarski,1,spread,1,-1.05,1,-110.0,0,-1.0,sportsline,1.05,0,0.0,0.0,0
,-114.0,1,FAU,Bob Konarski,0,spread,1,0.939,1,-114.0,0,0.8775700934579438,sportsline,1.07,0,0.2065,1.0,1
,-110.0,1,FSU,Bob Konarski,0,spread,1,0.955,1,-110.0,0,0.9095238095238094,sportsline,1.05,0,0.2065,1.0,1
,-110.0,1,GRAM,Bob Konarski,1,spread,1,-1.05,1,-110.0,0,-1.0,sportsline,1.05,0,0.0,0.0,0
,-110.0,1,GTOWN,Bob Konarski,1,spread,1,-1.05,1,-110.0,0,-1.0,sportsline,1.05,0,0.0,0.0,0
,-110.0,1,HARVARD,Bob Konarski,0,spread,1,0.955,1,-110.0,0,0.9095238095238094,sportsline,1.05,0,0.2065,1.0,1
,-110.0,1,INCARNATE WORD,Bob Konarski,0,spread,1,0.955,1,-110.0,0,0.9095238095238094,sportsline,1.05,0,0.2065,1.0,1
,-105.0,1,KAN,Bob Konarski,0,spread,1,0.971,1,-105.0,0,0.9519607843137254,sportsline,1.02,0,0.2065,1.0,1
,-108.0,1,LEHIGH,Bob Konarski,0,spread,1,0.963,1,-108.0,0,0.9259615384615384,sportsline,1.04,0,0.2065,1.0,1
,-110.0,1,LIBERTY,Bob Konarski,1,spread,1,-1.05,1,-110.0,0,-1.0,sportsline,1.05,0,0.0,0.0,0
,-110.0,1,LIPP,Bob Konarski,1,spread,1,-1.05,1,-110.0,0,-1.0,sportsline,1.05,0,0.0,0.0,0
,-112.0,1,LIUN,Bob Konarski,0,spread,1,0.946,1,-112.0,0,0.8924528301886792,sportsline,1.06,0,0.2065,1.0,1
,-105.0,1,LOU,Bob Konarski,1,spread,1,-1.02,1,-105.0,0,-1.0,sportsline,1.02,0,0.0,0.0,0
,-111.0,1,LUKYK,Bob Konarski,1,spread,1,-1.05,1,-111.0,0,-1.0,sportsline,1.05,0,0.0,0.0,0
,-105.0,1,MARQ,Bob Konarski,1,spread,1,-1.02,1,-105.0,0,-1.0,sportsline,1.02,0,0.0,0.0,0
,-110.0,1,MILW,Bob Konarski,1,spread,1,-1.05,1,-110.0,0,-1.0,sportsline,1.05,0,0.0,0.0,0
,-110.0,1,MIO,Bob Konarski,1,spread,1,-1.05,1,-110.0,0,-1.0,sportsline,1.05,0,0.0,0.0,0
,-111.0,1,MRSH,Bob Konarski,1,spread,1,-1.05,1,-111.0,0,-1.0,sportsline,1.05,0,0.0,0.0,0
,-110.0,1,MSST,Bob Konarski,1,spread,1,-1.05,1,-110.0,0,-1.0,sportsline,1.05,0,0.0,0.0,0
,-110.0,1,MTST,Bob Konarski,0,spread,1,0.955,1,-110.0,0,0.9095238095238094,sportsline,1.05,0,0.2065,1.0,1
,-110.0,1,MURR,Bob Konarski,1,spread,1,-1.05,1,-110.0,0,-1.0,sportsline,1.05,0,0.0,0.0,0
,-110.0,1,NCOL,Bob Konarski,0,spread,1,0.955,1,-110.0,0,0.9095238095238094,sportsline,1.05,0,0.2065,1.0,1
,-115.0,1,NEAST,Bob Konarski,1,spread,1,-1.07,1,-115.0,0,-1.0,sportsline,1.07,0,0.0,0.0,0
,-114.0,1,NFLA,Bob Konarski,1,spread,1,-1.07,1,-114.0,0,-1.0,sportsline,1.07,0,0.0,0.0,0
,-105.0,1,NFST,Bob Konarski,0,spread,1,0.971,1,-105.0,0,0.9519607843137254,sportsline,1.02,0,0.2065,1.0,1
,-110.0,1,NILLU,Bob Konarski,0,spread,1,0.955,1,-110.0,0,0.9095238095238094,sportsline,1.05,0,0.2065,1.0,1
,-110.0,1,NIOWA,Bob Konarski,0,spread,1,0.955,1,-110.0,0,0.9095238095238094,sportsline,1.05,0,0.2065,1.0,1
,-110.0,1,NOVA,Bob Konarski,0,spread,1,0.955,1,-110.0,0,0.9095238095238094,sportsline,1.05,0,0.2065,1.0,1
,-109.0,1,NTTX,Bob Konarski,0,spread,1,0.954,1,-109.0,0,0.9173076923076923,sportsline,1.04,0,0.2065,1.0,1
,-110.0,1,OMAHA,Bob Konarski,0,spread,1,0.955,1,-110.0,0,0.9095238095238094,sportsline,1.05,0,0.2065,1.0,1
,-110.0,1,PACF,Bob Konarski,0,spread,1,0.955,1,-110.0,0,0.9095238095238094,sportsline,1.05,0,0.2065,1.0,1
,-109.0,1,PORTLAND ST.,Bob Konarski,0,spread,1,0.954,1,-109.0,0,0.9173076923076923,sportsline,1.04,0,0.2065,1.0,1
,-119.0,1,PROV,Bob Konarski,1,spread,1,-1.09,1,-119.0,0,-1.0,sportsline,1.09,0,0.0,0.0,0
,-108.0,1,PUR,Bob Konarski,1,spread,1,-1.04,1,-108.0,0,-1.0,sportsline,1.04,0,0.0,0.0,0
,-110.0,1,QUNS,Bob Konarski,0,spread,1,0.955,1,-110.0,0,0.9095238095238094,sportsline,1.05,0,0.2065,1.0,1
,-102.0,1,SACH,Bob Konarski,1,spread,1,-1.01,1,-102.0,0,-1.0,sportsline,1.01,0,0.0,0.0,0
,-110.0,1,SACST,Bob Konarski,1,spread,1,-1.05,1,-110.0,0,-1.0,sportsline,1.05,0,0.0,0.0,0
,-112.0,1,SAM HOUSTON,Bob Konarski,0,spread,1,0.946,1,-112.0,0,0.8924528301886792,sportsline,1.06,0,0.2065,1.0,1
,-109.0,1,SDAKST,Bob Konarski,0,spread,1,0.954,1,-109.0,0,0.9173076923076923,sportsline,1.04,0,0.2065,1.0,1
,-112.0,1,SEATT,Bob Konarski,0,spread,1,0.946,1,-112.0,0,0.8924528301886792,sportsline,1.06,0,0.2065,1.0,1
,-120.0,1,SELL,Bob Konarski,0,spread,1,0.908,1,-120.0,0,0.8330275229357798,sportsline,1.09,0,0.2065,1.0,1
,-115.0,1,SFLA,Bob Konarski,1,spread,1,-1.07,1,-115.0,0,-1.0,sportsline,1.07,0,0.0,0.0,0
,-105.0,1,SIUE,Bob Konarski,0,spread,1,0.971,1,-105.0,0,0.9519607843137254,sportsline,1.02,0,0.2065,1.0,1
,-112.0,1,SOAL,Bob Konarski,0,spread,1,0.946,1,-112.0,0,0.8924528301886792,sportsline,1.06,0,0.2065,1.0,1
,-105.0,1,SOUTAH,Bob Konarski,1,spread,1,-1.02,1,-105.0,0,-1.0,sportsline,1.02,0,0.0,0.0,0
,-110.0,1,STHRT,Bob Konarski,1,spread,1,-1.05,1,-110.0,0,-1.0,sportsline,1.05,0,0.0,0.0,0
,-115.0,1,STJO,Bob Konarski,1,spread,1,-1.07,1,-115.0,0,-1.0,sportsline,1.07,0,0.0,0.0,0
,-106.0,1,SYR,Bob Konarski,1,spread,1,-1.03,1,-106.0,0,-1.0,sportsline,1.03,0,0.0,0.0,0
,-108.0,1,TAMU,Bob Konarski,0,spread,1,0.963,1,-108.0,0,0.9259615384615384,sportsline,1.04,0,0.2065,1.0,1
,-118.0,1,TENN,Bob Konarski,1,spread,1,-1.08,1,-118.0,0,-1.0,sportsline,1.08,0,0.0,0.0,0
,-110.0,1,TEX,Bob Konarski,1,spread,1,-1.05,1,-110.0,0,-1.0,sportsline,1.05,0,0.0,0.0,0
,-119.0,1,TTECH,Bob Konarski,0,spread,1,0.916,1,-119.0,0,0.8403669724770642,sportsline,1.09,0,0.2065,1.0,1
,-105.0,1,TTU,Bob Konarski,1,spread,1,-1.02,1,-105.0,0,-1.0,sportsline,1.02,0,0.0,0.0,0
,-112.0,1,UCF,Bob Konarski,0,spread,1,0.946,1,-112.0,0,0.8924528301886792,sportsline,1.06,0,0.2065,1.0,1
,-115.0,1,UCRV,Bob Konarski,0,spread,1,0.93,1,-115.0,0,0.8691588785046729,sportsline,1.07,0,0.2065,1.0,1
,-110.0,1,UGA,Bob Konarski,1,spread,1,-1.05,1,-110.0,0,-1.0,sportsline,1.05,0,0.0,0.0,0
,-114.0,1,UNC,Bob Konarski,0,spread,1,0.939,1,-114.0,0,0.8775700934579438,sportsline,1.07,0,0.2065,1.0,1
,100.0,1,UNCG,Bob Konarski,0,spread,1,1.0,1,100.0,0,1.0,sportsline,1.0,0,0.2065,1.0,1
,-105.0,1,UNCW,Bob Konarski,1,spread,1,-1.02,1,-105.0,0,-1.0,sportsline,1.02,0,0.0,0.0,0
,-115.0,1,UNM,Bob Konarski,1,spread,1,-1.07,1,-115.0,0,-1.0,sportsline,1.07,0,0.0,0.0,0
,-105.0,1,UTEP,Bob Konarski,1,spread,1,-1.02,1,-105.0,0,-1.0,sportsline,1.02,0,0.0,0.0,0
,-110.0,1,UVA,Bob Konarski,0,spread,1,0.955,1,-110.0,0,0.9095238095238094,sportsline,1.05,0,0.2065,1.0,1
,-115.0,1,WAKE,Bob Konarski,1,spread,1,-1.07,1,-115.0,0,-1.0,sportsline,1.07,0,0.0,0.0,0
,-110.0,1,WASHST,Bob Konarski,1,spread,1,-1.05,1,-110.0,0,-1.0,sportsline,1.05,0,0.0,0.0,0
,-110.0,1,WKNT,Bob Konarski,0,spread,1,0.955,1,-110.0,0,0.9095238095238094,sportsline,1.05,0,0.2065,1.0,1
,-105.0,1,WKU,Bob Konarski,1,spread,1,-1.02,1,-105.0,0,-1.0,sportsline,1.02,0,0.0,0.0,0
,-110.0,1,WMAR,Bob Konarski,1,spread,1,-1.05,1,-110.0,0,-1.0,sportsline,1.05,0,0.0,0.0,0
,-105.0,1,WYO,Bob Konarski,1,spread,1,-1.02,1,-105.0,0,-1.0,sportsline,1.02,0,0.0,0.0,0
,-120.0,1,OVER,Bob Konarski,0,team_total,1,0.908,1,-120.0,0,0.8330275229357798,sportsline,1.09,0,0.2065,1.0,1
,-120.0,1,UNDER,Bob Konarski,0,team_total,1,0.908,1,-120.0,0,0.8330275229357798,sportsline,1.09,0,0.2065,1.0,1
,-115.0,1,AWAY,Bruce Marshall,1,moneyline,1,-1.0,1,-115.0,0,-1.0,sportsline,1.0,0,0.0,0.0,0
,-120.0,1,CLEM,Chip Patterson,0,1st_half_spread,1,0.908,1,-120.0,0,0.8330275229357798,sportsline,1.09,0,0.2065,1.0,1
,-110.0,1,FLA,Chip Patterson,1,1st_half_spread,1,-1.05,1,-110.0,0,-1.0,sportsline,1.05,0,0.0,0.0,0
,-105.0,1,HOU,Chip Patterson,1,1st_half_spread,1,-1.02,1,-105.0,0,-1.0,sportsline,1.02,0,0.0,0.0,0
,-115.0,1,AWAY,Chip Patterson,1,moneyline,1,-1.0,1,-115.0,0,-1.0,sportsline,1.0,0,0.0,0.0,0
,-115.0,1,CONN,Chip Patterson,1,moneyline,1,-1.07,1,-115.0,0,-1.0,sportsline,1.07,0,0.0,0.0,0
,-105.0,1,HOME,Chip Patterson,1,moneyline,1,-1.0,1,-105.0,0,-1.0,sportsline,1.0,0,0.0,0.0,0
,-105.0,1,ILL,Chip Patterson,1,moneyline,1,-1.02,1,-105.0,0,-1.0,sportsline,1.02,0,0.0,0.0,0
,-128.0,1,MARQ,Chip Patterson,1,moneyline,1,-1.12,1,-128.0,0,-1.0,sportsline,1.12,0,0.0,0.0,0
,125.0,1,NEB,Chip Patterson,1,moneyline,1,-0.89,1,125.0,0,-1.0,sportsline,0.89,0,0.0,0.0,0
,-128.0,1,UCLA,Chip Patterson,0,moneyline,1,0.875,1,-128.0,0,0.7812499999999999,sportsline,1.12,0,0.2065,1.0,1
,-110.0,1,ALA,Chip Patterson,1,spread,1,-1.05,1,-110.0,0,-1.0,sportsline,1.05,0,0.0,0.0,0
,-115.0,1,BYU,Chip Patterson,0,spread,1,0.93,1,-115.0,0,0.8691588785046729,sportsline,1.07,0,0.2065,1.0,1
,-104.0,1,CIN,Chip Patterson,1,spread,1,-1.02,1,-104.0,0,-1.0,sportsline,1.02,0,0.0,0.0,0
,-112.0,1,DUKE,Chip Patterson,0,spread,1,0.946,1,-112.0,0,0.8924528301886792,sportsline,1.06,0,0.2065,1.0,1
,105.0,1,FSU,Chip Patterson,1,spread,1,-0.98,1,105.0,0,-1.0,sportsline,0.98,0,0.0,0.0,0
,-120.0,1,ILL,Chip Patterson,1,spread,1,-1.09,1,-120.0,0,-1.0,sportsline,1.09,0,0.0,0.0,0
,-112.0,1,MIA,Chip Patterson,0,spread,1,0.946,1,-112.0,0,0.8924528301886792,sportsline,1.06,0,0.2065,1.0,1
,-110.0,1,MISS,Chip Patterson,1,spread,1,-1.05,1,-110.0,0,-1.0,sportsline,1.05,0,0.0,0.0,0
,-110.0,1,MONM,Chip Patterson,0,spread,1,0.955,1,-110.0,0,0.9095238095238094,sportsline,1.05,0,0.2065,1.0,1
,-108.0,1,MRMCK,Chip Patterson,0,spread,1,0.963,1,-108.0,0,0.9259615384615384,sportsline,1.04,0,0.2065,1.0,1
,-110.0,1,MSST,Chip Patterson,1,spread,1,-1.05,1,-110.0,0,-1.0,sportsline,1.05,0,0.0,0.0,0
,-110.0,1,MSU,Chip Patterson,0,spread,1,0.955,1,-110.0,0,0.9095238095238094,sportsline,1.05,0,0.2065,1.0,1
,-110.0,1,NCST,Chip Patterson,1,spread,1,-1.05,1,-110.0,0,-1.0,sportsline,1.05,0,0.0,0.0,0
,-110.0,1,NW,Chip Patterson,0,spread,1,0.955,1,-110.0,0,0.9095238095238094,sportsline,1.05,0,0.2065,1.0,1
,-118.0,1,OSU,Chip Patterson,1,spread,1,-1.08,1,-118.0,0,-1.0,sportsline,1.08,0,0.0,0.0,0
,-105.0,1,RUT,Chip Patterson,1,spread,1,-1.02,1,-105.0,0,-1.0,sportsline,1.02,0,0.0,0.0,0
,-115.0,1,STJO,Chip Patterson,1,spread,1,-1.07,1,-115.0,0,-1.0,sportsline,1.07,0,0.0,0.0,0
,-110.0,1,STJOS,Chip Patterson,1,spread,1,-1.05,1,-110.0,0,-1.0,sportsline,1.05,0,0.0,0.0,0
,-115.0,1,STMY,Chip Patterson,0,spread,1,0.93,1,-115.0,0,0.8691588785046729,sportsline,1.07,0,0.2065,1.0,1
,-112.0,1,TCU,Chip Patterson,0,spread,1,0.946,1,-112.0,0,0.8924528301886792,sportsline,1.06,0,0.2065,1.0,1
,-110.0,1,UCF,Chip Patterson,1,spread,1,-1.05,1,-110.0,0,-1.0,sportsline,1.05,0,0.0,0.0,0
,-105.0,1,UGA,Chip Patterson,1,spread,1,-1.02,1,-105.0,0,-1.0,sportsline,1.02,0,0.0,0.0,0
,-108.0,1,UIC,Chip Patterson,1,spread,1,-1.04,1,-108.0,0,-1.0,sportsline,1.04,0,0.0,0.0,0
,-110.0,1,UK,Chip Patterson,0,spread,1,0.955,1,-110.0,0,0.9095238095238094,sportsline,1.05,0,0.2065,1.0,1
,102.0,1,UMBC,Chip Patterson,1,spread,1,-0.99,1,102.0,0,-1.0,sportsline,0.99,0,0.0,0.0,0
,-110.0,1,UNC,Chip Patterson,1,spread,1,-1.05,1,-110.0,0,-1.0,sportsline,1.05,0,0.0,0.0,0
,-110.0,1,VCU,Chip Patterson,1,spread,1,-1.05,1,-110.0,0,-1.0,sportsline,1.05,0,0.0,0.0,0
,-106.0,1,VT,Chip Patterson,1,spread,1,-1.03,1,-106.0,0,-1.0,sportsline,1.03,0,0.0,0.0,0
,-115.0,1,WAKE,Chip Patterson,1,spread,1,-1.07,1,-115.0,0,-1.0,sportsline,1.07,0,0.0,0.0,0
,-148.0,1,CIN,Dimers AI Model,0,moneyline,1,0.804,1,-148.0,0,0.6756302521008404,dimers,1.19,0,0.2065,1.0,1
,850.0,1,COL,Dimers AI Model,0,moneyline,1,2.125,1,850.0,0,8.5,dimers,0.25,0,0.2065,1.0,1
,-375.0,1,CONN,Dimers AI Model,0,moneyline,1,0.421,1,-375.0,0,0.2664556962025316,dimers,1.58,0,0.2065,1.0,1
,-556.0,1,DAY,Dimers AI Model,0,moneyline,1,0.306,1,-556.0,0,0.18,dimers,1.7,0,0.2065,1.0,1
,-110.0,1,GTOWN,Dimers AI Model,1,moneyline,1,-1.05,1,-110.0,0,-1.0,dimers,1.05,0,0.0,0.0,0
,-550.0,1,HOU,Dimers AI Model,0,moneyline,1,0.307,1,-550.0,0,0.1816568047337278,dimers,1.69,0,0.2065,1.0,1
,-275.0,1,LAF,Dimers AI Model,0,moneyline,1,0.535,1,-275.0,0,0.36394557823129253,dimers,1.47,0,0.2065,1.0,1
,-176.0,1,MIZZ,Dimers AI Model,0,moneyline,1,0.727,1,-176.0,0,0.56796875,dimers,1.28,0,0.2065,1.0,1
,-102.0,1,RICE,Dimers AI Model,1,moneyline,1,-1.01,1,-102.0,0,-1.0,dimers,1.01,0,0.0,0.0,0
,-115.0,1,TROY,Dimers AI Model,1,moneyline,1,-1.07,1,-115.0,0,-1.0,dimers,1.07,0,0.0,0.0,0
,-190.0,1,TULSA,Dimers AI Model,1,moneyline,1,-1.31,1,-190.0,0,-1.0,dimers,1.31,0,0.0,0.0,0
,130.0,1,VAN,Dimers AI Model,0,moneyline,1,1.131,1,130.0,0,1.3,dimers,0.87,0,0.2065,1.0,1
,-112.0,1,CIN,Dimers AI Model,0,spread,1,0.946,1,-112.0,0,0.8924528301886792,dimers,1.06,0,0.2065,1.0,1
,-109.0,1,CLEM,Dimers AI Model,0,spread,1,0.954,1,-109.0,0,0.9173076923076923,dimers,1.04,0,0.2065,1.0,1
,-113.0,1,COL,Dimers AI Model,0,spread,1,0.938,1,-113.0,0,0.8849056603773584,dimers,1.06,0,0.2065,1.0,1
,-110.0,1,CONN,Dimers AI Model,0,spread,1,0.955,1,-110.0,0,0.9095238095238094,dimers,1.05,0,0.2065,1.0,1
,-105.0,1,DAY,Dimers AI Model,0,spread,1,0.971,1,-105.0,0,0.9519607843137254,dimers,1.02,0,0.2065,1.0,1
,-115.0,1,DUQ,Dimers AI Model,1,spread,1,-1.07,1,-115.0,0,-1.0,dimers,1.07,0,0.0,0.0,0
,-110.0,1,FLA,Dimers AI Model,0,spread,1,0.955,1,-110.0,0,0.9095238095238094,dimers,1.05,0,0.2065,1.0,1
,-110.0,1,GONZ,Dimers AI Model,0,spread,1,0.955,1,-110.0,0,0.9095238095238094,dimers,1.05,0,0.2065,1.0,1
,-122.0,1,GTOWN,Dimers AI Model,1,spread,1,-1.1,1,-122.0,0,-1.0,dimers,1.1,0,0.0,0.0,0
,100.0,1,HOU,Dimers AI Model,0,spread,1,1.0,1,100.0,0,1.0,dimers,1.0,0,0.2065,1.0,1
,-102.0,1,MIZZ,Dimers AI Model,0,spread,1,0.99,1,-102.0,0,0.9801980198019802,dimers,1.01,0,0.2065,1.0,1
,-105.0,1,NEAST,Dimers AI Model,1,spread,1,-1.02,1,-105.0,0,-1.0,dimers,1.02,0,0.0,0.0,0
,-109.0,1,PENN,Dimers AI Model,0,spread,1,0.954,1,-109.0,0,0.9173076923076923,dimers,1.04,0,0.2065,1.0,1
,-115.0,1,PRE,Dimers AI Model,0,spread,1,0.93,1,-115.0,0,0.8691588785046729,dimers,1.07,0,0.2065,1.0,1
,-110.0,1,TCU,Dimers AI Model,0,spread,1,0.955,1,-110.0,0,0.9095238095238094,dimers,1.05,0,0.2065,1.0,1
,-110.0,1,TULSA,Dimers AI Model,1,spread,1,-1.05,1,-110.0,0,-1.0,dimers,1.05,0,0.0,0.0,0
,-120.0,1,UCLA,Dimers AI Model,1,spread,1,-1.09,1,-120.0,0,-1.0,dimers,1.09,0,0.0,0.0,0
,-110.0,1,UVA,Dimers AI Model,0,spread,1,0.955,1,-110.0,0,0.9095238095238094,dimers,1.05,0,0.2065,1.0,1
,140.0,1,AWAY,Eric Cohen,1,moneyline,1,-1.0,1,140.0,0,-1.0,sportsline,1.0,0,0.0,0.0,0
,110.0,1,EBOSG,Eric Cohen,1,moneyline,1,-0.95,1,110.0,0,-1.0,sportsline,0.95,0,0.0,0.0,0
,100.0,1,LMU,Eric Cohen,0,moneyline,1,1.0,1,100.0,0,1.0,sportsline,1.0,0,0.2065,1.0,1
,110.0,1,MIA,Eric Cohen,0,moneyline,1,1.045,1,110.0,0,1.0999999999999999,sportsline,0.95,0,0.2065,1.0,1
,140.0,1,OSU,Eric Cohen,1,moneyline,1,-0.83,1,140.0,0,-1.0,sportsline,0.83,0,0.0,0.0,0
,,1,TENN,Eric Cohen,1,moneyline,1,-1.0,0,0.0,0,-1.0,sportsline,1.0,0,0.0,0.0,0
,-102.0,1,AUB,Eric Cohen,1,spread,1,-1.01,1,-102.0,0,-1.0,sportsline,1.01,0,0.0,0.0,0
,-110.0,1,BYU,Eric Cohen,0,spread,1,0.955,1,-110.0,0,0.9095238095238094,sportsline,1.05,0,0.2065,1.0,1
,-115.0,1,DUKE,Eric Cohen,1,spread,1,-1.07,1,-115.0,0,-1.0,sportsline,1.07,0,0.0,0.0,0
,-118.0,1,EMU,Eric Cohen,1,spread,1,-1.08,1,-118.0,0,-1.0,sportsline,1.08,0,0.0,0.0,0
,-114.0,1,FSU,Eric Cohen,0,spread,1,0.939,1,-114.0,0,0.8775700934579438,sportsline,1.07,0,0.2065,1.0,1
,-102.0,1,KAN,Eric Cohen,1,spread,1,-1.01,1,-102.0,0,-1.0,sportsline,1.01,0,0.0,0.0,0
,-115.0,1,MIO,Eric Cohen,0,spread,1,0.93,1,-115.0,0,0.8691588785046729,sportsline,1.07,0,0.2065,1.0,1
,-120.0,1,MRMCK,Eric Cohen,1,spread,1,-1.09,1,-120.0,0,-1.0,sportsline,1.09,0,0.0,0.0,0
,-118.0,1,NAVY,Eric Cohen,0,spread,1,0.915,1,-118.0,0,0.8472222222222222,sportsline,1.08,0,0.2065,1.0,1
,-110.0,1,NDAKST,Eric Cohen,1,spread,1,-1.05,1,-110.0,0,-1.0,sportsline,1.05,0,0.0,0.0,0
,-110.0,1,ORE,Eric Cohen,1,spread,1,-1.05,1,-110.0,0,-1.0,sportsline,1.05,0,0.0,0.0,0
,-110.0,1,PVAM,Eric Cohen,0,spread,1,0.955,1,-110.0,0,0.9095238095238094,sportsline,1.05,0,0.2065,1.0,1
,-110.0,1,SDAKST,Eric Cohen,0,spread,1,0.955,1,-110.0,0,0.9095238095238094,sportsline,1.05,0,0.2065,1.0,1
,-102.0,1,TCU,Eric Cohen,0,spread,1,0.99,1,-102.0,0,0.9801980198019802,sportsline,1.01,0,0.2065,1.0,1
,-105.0,1,UMBC,Eric Cohen,0,spread,1,0.971,1,-105.0,0,0.9519607843137254,sportsline,1.02,0,0.2065,1.0,1
,-114.0,1,VCU,Eric Cohen,0,spread,1,0.939,1,-114.0,0,0.8775700934579438,sportsline,1.07,0,0.2065,1.0,1
,-115.0,1,WIS,Eric Cohen,1,spread,1,-1.07,1,-115.0,0,-1.0,sportsline,1.07,0,0.0,0.0,0
,-147.0,1,AWAY,Matt Severance,1,moneyline,1,-1.0,1,-147.0,0,-1.0,sportsline,1.0,0,0.0,0.0,0
,-110.0,1,OVER,Matt Severance,0,total,1,0.909,1,-110.0,0,0.909,sportsline,1.0,0,0.2065,1.0,1
,-142.0,1,FLA,Micah Roberts,0,moneyline,1,0.824,1,-142.0,0,0.7042735042735043,sportsline,1.17,0,0.2065,1.0,1
,142.0,1,GT,Micah Roberts,1,moneyline,1,-0.83,1,142.0,0,-1.0,sportsline,0.83,0,0.0,0.0,0
,-137.0,1,MSU,Micah Roberts,0,moneyline,1,0.847,1,-137.0,0,0.7301724137931035,sportsline,1.16,0,0.2065,1.0,1
,-137.0,1,NCOL,Micah Roberts,1,moneyline,1,-1.16,1,-137.0,0,-1.0,sportsline,1.16,0,0.0,0.0,0
,108.0,1,NEB,Micah Roberts,0,moneyline,1,1.037,1,108.0,0,1.0802083333333332,sportsline,0.96,0,0.2065,1.0,1
,106.0,1,TEMPLE,Micah Roberts,0,moneyline,1,1.028,1,106.0,0,1.0597938144329897,sportsline,0.97,0,0.2065,1.0,1
,-144.0,1,TENN,Micah Roberts,1,moneyline,1,-1.18,1,-144.0,0,-1.0,sportsline,1.18,0,0.0,0.0,0
,105.0,1,TNST,Micah Roberts,0,moneyline,1,1.029,1,105.0,0,1.0499999999999998,sportsline,0.98,0,0.2065,1.0,1
,110.0,1,UCF,Micah Roberts,0,moneyline,1,1.045,1,110.0,0,1.0999999999999999,sportsline,0.95,0,0.2065,1.0,1
,-135.0,1,UCSD,Micah Roberts,0,moneyline,1,0.852,1,-135.0,0,0.7408695652173913,sportsline,1.15,0,0.2065,1.0,1
,-125.0,1,WKU,Micah Roberts,1,moneyline,1,-1.11,1,-125.0,0,-1.0,sportsline,1.11,0,0.0,0.0,0
,-120.0,1,WMAR,Micah Roberts,0,moneyline,1,0.908,1,-120.0,0,0.8330275229357798,sportsline,1.09,0,0.2065,1.0,1
,-118.0,1,AKR,Micah Roberts,1,spread,1,-1.08,1,-118.0,0,-1.0,sportsline,1.08,0,0.0,0.0,0
,-110.0,1,BAY,Micah Roberts,0,spread,1,0.955,1,-110.0,0,0.9095238095238094,sportsline,1.05,0,0.2065,1.0,1
,-108.0,1,BUFF,Micah Roberts,0,spread,1,0.963,1,-108.0,0,0.9259615384615384,sportsline,1.04,0,0.2065,1.0,1
,-110.0,1,CAL,Micah Roberts,1,spread,1,-1.05,1,-110.0,0,-1.0,sportsline,1.05,0,0.0,0.0,0
,-114.0,1,CAL BAPTIST,Micah Roberts,0,spread,1,0.939,1,-114.0,0,0.8775700934579438,sportsline,1.07,0,0.2065,1.0,1
,-110.0,1,CAMP,Micah Roberts,1,spread,1,-1.05,1,-110.0,0,-1.0,sportsline,1.05,0,0.0,0.0,0
,-110.0,1,CHAR,Micah Roberts,0,spread,1,0.955,1,-110.0,0,0.9095238095238094,sportsline,1.05,0,0.2065,1.0,1
,-114.0,1,CHAT,Micah Roberts,1,spread,1,-1.07,1,-114.0,0,-1.0,sportsline,1.07,0,0.0,0.0,0
,-110.0,1,CIN,Micah Roberts,1,spread,1,-1.05,1,-110.0,0,-1.0,sportsline,1.05,0,0.0,0.0,0
,-105.0,1,CLEM,Micah Roberts,1,spread,1,-1.02,1,-105.0,0,-1.0,sportsline,1.02,0,0.0,0.0,0
,-115.0,1,CLST,Micah Roberts,1,spread,1,-1.07,1,-115.0,0,-1.0,sportsline,1.07,0,0.0,0.0,0
,-115.0,1,CREIGH,Micah Roberts,1,spread,1,-1.07,1,-115.0,0,-1.0,sportsline,1.07,0,0.0,0.0,0
,-102.0,1,DELAWARE ST.,Micah Roberts,1,spread,1,-1.01,1,-102.0,0,-1.0,sportsline,1.01,0,0.0,0.0,0
,-110.0,1,DENV,Micah Roberts,1,spread,1,-1.05,1,-110.0,0,-1.0,sportsline,1.05,0,0.0,0.0,0
,-120.0,1,FAMU,Micah Roberts,1,spread,1,-1.09,1,-120.0,0,-1.0,sportsline,1.09,0,0.0,0.0,0
,-110.0,1,FSU,Micah Roberts,0,spread,1,0.955,1,-110.0,0,0.9095238095238094,sportsline,1.05,0,0.2065,1.0,1
,-115.0,1,GEO,Micah Roberts,0,spread,1,0.93,1,-115.0,0,0.8691588785046729,sportsline,1.07,0,0.2065,1.0,1
,-105.0,1,HALL,Micah Roberts,1,spread,1,-1.02,1,-105.0,0,-1.0,sportsline,1.02,0,0.0,0.0,0
,-118.0,1,HIGH POINT,Micah Roberts,1,spread,1,-1.08,1,-118.0,0,-1.0,sportsline,1.08,0,0.0,0.0,0
,-112.0,1,IOWA,Micah Roberts,1,spread,1,-1.06,1,-112.0,0,-1.0,sportsline,1.06,0,0.0,0.0,0
,-110.0,1,ISU,Micah Roberts,1,spread,1,-1.05,1,-110.0,0,-1.0,sportsline,1.05,0,0.0,0.0,0
,-115.0,1,KENT,Micah Roberts,0,spread,1,0.93,1,-115.0,0,0.8691588785046729,sportsline,1.07,0,0.2065,1.0,1
,-110.0,1,KSU,Micah Roberts,0,spread,1,0.955,1,-110.0,0,0.9095238095238094,sportsline,1.05,0,0.2065,1.0,1
,-110.0,1,MD,Micah Roberts,0,spread,1,0.955,1,-110.0,0,0.9095238095238094,sportsline,1.05,0,0.2065,1.0,1
,-110.0,1,MIA,Micah Roberts,1,spread,1,-1.05,1,-110.0,0,-1.0,sportsline,1.05,0,0.0,0.0,0
,-102.0,1,MONM,Micah Roberts,0,spread,1,0.99,1,-102.0,0,0.9801980198019802,sportsline,1.01,0,0.2065,1.0,1
,-110.0,1,MURR,Micah Roberts,0,spread,1,0.955,1,-110.0,0,0.9095238095238094,sportsline,1.05,0,0.2065,1.0,1
,-110.0,1,NARIZT,Micah Roberts,0,spread,1,0.955,1,-110.0,0,0.9095238095238094,sportsline,1.05,0,0.2065,1.0,1
,-108.0,1,NCOL,Micah Roberts,1,spread,1,-1.04,1,-108.0,0,-1.0,sportsline,1.04,0,0.0,0.0,0
,-105.0,1,NCST,Micah Roberts,1,spread,1,-1.02,1,-105.0,0,-1.0,sportsline,1.02,0,0.0,0.0,0
,-114.0,1,NIOWA,Micah Roberts,0,spread,1,0.939,1,-114.0,0,0.8775700934579438,sportsline,1.07,0,0.2065,1.0,1
,-110.0,1,NMSU,Micah Roberts,0,spread,1,0.955,1,-110.0,0,0.9095238095238094,sportsline,1.05,0,0.2065,1.0,1
,-105.0,1,ODU,Micah Roberts,1,spread,1,-1.02,1,-105.0,0,-1.0,sportsline,1.02,0,0.0,0.0,0
,-110.0,1,OMAHA,Micah Roberts,0,spread,1,0.955,1,-110.0,0,0.9095238095238094,sportsline,1.05,0,0.2065,1.0,1
,-110.0,1,ORE,Micah Roberts,0,spread,1,0.955,1,-110.0,0,0.9095238095238094,sportsline,1.05,0,0.2065,1.0,1
,-110.0,1,OSUST,Micah Roberts,1,spread,1,-1.05,1,-110.0,0,-1.0,sportsline,1.05,0,0.0,0.0,0
,-105.0,1,OU,Micah Roberts,0,spread,1,0.971,1,-105.0,0,0.9519607843137254,sportsline,1.02,0,0.2065,1.0,1
,-112.0,1,PACF,Micah Roberts,0,spread,1,0.946,1,-112.0,0,0.8924528301886792,sportsline,1.06,0,0.2065,1.0,1
,-108.0,1,PORT,Micah Roberts,1,spread,1,-1.04,1,-108.0,0,-1.0,sportsline,1.04,0,0.0,0.0,0
,-105.0,1,ROMO,Micah Roberts,1,spread,1,-1.02,1,-105.0,0,-1.0,sportsline,1.02,0,0.0,0.0,0
,-115.0,1,RUT,Micah Roberts,1,spread,1,-1.07,1,-115.0,0,-1.0,sportsline,1.07,0,0.0,0.0,0
,-120.0,1,SMU,Micah Roberts,1,spread,1,-1.09,1,-120.0,0,-1.0,sportsline,1.09,0,0.0,0.0,0
,-110.0,1,STHRT,Micah Roberts,0,spread,1,0.955,1,-110.0,0,0.9095238095238094,sportsline,1.05,0,0.2065,1.0,1
,-105.0,1,STJOS,Micah Roberts,0,spread,1,0.971,1,-105.0,0,0.9519607843137254,sportsline,1.02,0,0.2065,1.0,1
,-110.0,1,STMY,Micah Roberts,1,spread,1,-1.05,1,-110.0,0,-1.0,sportsline,1.05,0,0.0,0.0,0
,-104.0,1,TNST,Micah Roberts,0,spread,1,0.981,1,-104.0,0,0.9617647058823529,sportsline,1.02,0,0.2065,1.0,1
,-108.0,1,UCLA,Micah Roberts,0,spread,1,0.963,1,-108.0,0,0.9259615384615384,sportsline,1.04,0,0.2065,1.0,1
,-110.0,1,UGA,Micah Roberts,1,spread,1,-1.05,1,-110.0,0,-1.0,sportsline,1.05,0,0.0,0.0,0
,-110.0,1,UNC,Micah Roberts,0,spread,1,0.955,1,-110.0,0,0.9095238095238094,sportsline,1.05,0,0.2065,1.0,1
,-115.0,1,USU,Micah Roberts,1,spread,1,-1.07,1,-115.0,0,-1.0,sportsline,1.07,0,0.0,0.0,0
,-110.0,1,UVA,Micah Roberts,0,spread,1,0.955,1,-110.0,0,0.9095238095238094,sportsline,1.05,0,0.2065,1.0,1
,-120.0,1,VALPZ,Micah Roberts,0,spread,1,0.908,1,-120.0,0,0.8330275229357798,sportsline,1.09,0,0.2065,1.0,1
,-115.0,1,WMICH,Micah Roberts,1,spread,1,-1.07,1,-115.0,0,-1.0,sportsline,1.07,0,0.0,0.0,0
,-118.0,1,WRST,Micah Roberts,0,spread,1,0.915,1,-118.0,0,0.8472222222222222,sportsline,1.08,0,0.2065,1.0,1
,-109.0,1,YALE,Micah Roberts,1,spread,1,-1.04,1,-109.0,0,-1.0,sportsline,1.04,0,0.0,0.0,0
,-110.0,1,UNDER,Mike McClure,0,total,1,0.909,1,-110.0,0,0.909,sportsline,1.0,0,0.2065,1.0,1
,-110.0,1,AWAY,Sia Nejad,1,spread,1,-1.0,1,-110.0,0,-1.0,sportsline,1.0,0,0.0,0.0,0
,-120.0,1,ARIZ,Thomas Casale,0,1st_half_spread,1,0.908,1,-120.0,0,0.8330275229357798,sportsline,1.09,0,0.2065,1.0,1
,-115.0,1,AUB,Thomas Casale,0,1st_half_spread,1,0.93,1,-115.0,0,0.8691588785046729,sportsline,1.07,0,0.2065,1.0,1
,-142.0,1,ARK,Thomas Casale,0,moneyline,1,0.824,1,-142.0,0,0.7042735042735043,sportsline,1.17,0,0.2065,1.0,1
,-112.0,1,AWAY,Thomas Casale,1,moneyline,1,-0.5,1,-112.0,0,-1.0,sportsline,0.5,0,0.0,0.0,0
,-115.0,1,BRAD,Thomas Casale,0,moneyline,1,0.93,1,-115.0,0,0.8691588785046729,sportsline,1.07,0,0.2065,1.0,1
,-122.0,1,CONN,Thomas Casale,0,moneyline,1,0.902,1,-122.0,0,0.82,sportsline,1.1,0,0.2065,1.0,1
,-138.0,1,FURM,Thomas Casale,1,moneyline,1,-1.16,1,-138.0,0,-1.0,sportsline,1.16,0,0.0,0.0,0
,-160.0,1,GTOWN,Thomas Casale,0,moneyline,1,0.769,1,-160.0,0,0.6252032520325204,sportsline,1.23,0,0.2065,1.0,1
,-145.0,1,JAX,Thomas Casale,0,moneyline,1,0.814,1,-145.0,0,0.6898305084745763,sportsline,1.18,0,0.2065,1.0,1
,-169.0,1,LAMAR,Thomas Casale,1,moneyline,1,-1.26,1,-169.0,0,-1.0,sportsline,1.26,0,0.0,0.0,0
,-135.0,1,LOU,Thomas Casale,1,moneyline,1,-1.15,1,-135.0,0,-1.0,sportsline,1.15,0,0.0,0.0,0
,-180.0,1,MONM,Thomas Casale,0,moneyline,1,0.717,1,-180.0,0,0.555813953488372,sportsline,1.29,0,0.2065,1.0,1
,-122.0,1,MSST,Thomas Casale,1,moneyline,1,-1.1,1,-122.0,0,-1.0,sportsline,1.1,0,0.0,0.0,0
,-125.0,1,OSU,Thomas Casale,1,moneyline,1,-1.11,1,-125.0,0,-1.0,sportsline,1.11,0,0.0,0.0,0
,-118.0,1,RAD,Thomas Casale,1,moneyline,1,-1.08,1,-118.0,0,-1.0,sportsline,1.08,0,0.0,0.0,0
,-130.0,1,TAMU,Thomas Casale,1,moneyline,1,-1.13,1,-130.0,0,-1.0,sportsline,1.13,0,0.0,0.0,0
,-120.0,1,HOME,Thomas Casale,0,player_prop,1,0.417,1,-120.0,0,0.834,sportsline,0.5,0,0.2065,1.0,1
points,-125.0,1,OVER,Thomas Casale,1,player_prop,1,-0.5,1,-125.0,0,-1.0,sportsline,0.5,0,0.0,0.0,0
,-112.0,1,ARK,Thomas Casale,0,spread,1,0.946,1,-112.0,0,0.8924528301886792,sportsline,1.06,0,0.2065,1.0,1
,-102.0,1,ASU,Thomas Casale,1,spread,1,-1.01,1,-102.0,0,-1.0,sportsline,1.01,0,0.0,0.0,0
,-120.0,1,AUB,Thomas Casale,0,spread,1,0.908,1,-120.0,0,0.8330275229357798,sportsline,1.09,0,0.2065,1.0,1
,-110.0,1,BAY,Thomas Casale,1,spread,1,-1.05,1,-110.0,0,-1.0,sportsline,1.05,0,0.0,0.0,0
,-108.0,1,BSU,Thomas Casale,0,spread,1,0.963,1,-108.0,0,0.9259615384615384,sportsline,1.04,0,0.2065,1.0,1
,-110.0,1,CONN,Thomas Casale,0,spread,1,0.955,1,-110.0,0,0.9095238095238094,sportsline,1.05,0,0.2065,1.0,1
,-110.0,1,CREIGH,Thomas Casale,1,spread,1,-1.05,1,-110.0,0,-1.0,sportsline,1.05,0,0.0,0.0,0
,-120.0,1,CSUF,Thomas Casale,0,spread,1,0.908,1,-120.0,0,0.8330275229357798,sportsline,1.09,0,0.2065,1.0,1
,-110.0,1,DUKE,Thomas Casale,0,spread,1,0.955,1,-110.0,0,0.9095238095238094,sportsline,1.05,0,0.2065,1.0,1
,-120.0,1,FLA,Thomas Casale,1,spread,1,-1.09,1,-120.0,0,-1.0,sportsline,1.09,0,0.0,0.0,0
,-112.0,1,GCU,Thomas Casale,1,spread,1,-1.06,1,-112.0,0,-1.0,sportsline,1.06,0,0.0,0.0,0
,-112.0,1,GT,Thomas Casale,1,spread,1,-1.06,1,-112.0,0,-1.0,sportsline,1.06,0,0.0,0.0,0
,-104.0,1,ILSU,Thomas Casale,0,spread,1,0.981,1,-104.0,0,0.9617647058823529,sportsline,1.02,0,0.2065,1.0,1
,-110.0,1,ISU,Thomas Casale,0,spread,1,0.955,1,-110.0,0,0.9095238095238094,sportsline,1.05,0,0.2065,1.0,1
,-110.0,1,KAN,Thomas Casale,1,spread,1,-1.05,1,-110.0,0,-1.0,sportsline,1.05,0,0.0,0.0,0
,-110.0,1,LIPP,Thomas Casale,0,spread,1,0.955,1,-110.0,0,0.9095238095238094,sportsline,1.05,0,0.2065,1.0,1
,-120.0,1,MASS,Thomas Casale,0,spread,1,0.908,1,-120.0,0,0.8330275229357798,sportsline,1.09,0,0.2065,1.0,1
,-120.0,1,MISS,Thomas Casale,0,spread,1,0.908,1,-120.0,0,0.8330275229357798,sportsline,1.09,0,0.2065,1.0,1
,-120.0,1,MIZZ,Thomas Casale,0,spread,1,0.908,1,-120.0,0,0.8330275229357798,sportsline,1.09,0,0.2065,1.0,1
,-110.0,1,NCST,Thomas Casale,0,spread,1,0.955,1,-110.0,0,0.9095238095238094,sportsline,1.05,0,0.2065,1.0,1
,-105.0,1,ND,Thomas Casale,0,spread,1,0.971,1,-105.0,0,0.9519607843137254,sportsline,1.02,0,0.2065,1.0,1
,-118.0,1,NW,Thomas Casale,1,spread,1,-1.08,1,-118.0,0,-1.0,sportsline,1.08,0,0.0,0.0,0
,-112.0,1,OMAHA,Thomas Casale,1,spread,1,-1.06,1,-112.0,0,-1.0,sportsline,1.06,0,0.0,0.0,0
,-105.0,1,PUR,Thomas Casale,1,spread,1,-1.02,1,-105.0,0,-1.0,sportsline,1.02,0,0.0,0.0,0
,-110.0,1,SCAR,Thomas Casale,0,spread,1,0.955,1,-110.0,0,0.9095238095238094,sportsline,1.05,0,0.2065,1.0,1
,-110.0,1,SDAKST,Thomas Casale,0,spread,1,0.955,1,-110.0,0,0.9095238095238094,sportsline,1.05,0,0.2065,1.0,1
,-115.0,1,SFAC,Thomas Casale,0,spread,1,0.93,1,-115.0,0,0.8691588785046729,sportsline,1.07,0,0.2065,1.0,1
,-120.0,1,SFLA,Thomas Casale,1,spread,1,-1.09,1,-120.0,0,-1.0,sportsline,1.09,0,0.0,0.0,0
,-112.0,1,STJOS,Thomas Casale,0,spread,1,0.946,1,-112.0,0,0.8924528301886792,sportsline,1.06,0,0.2065,1.0,1
,-110.0,1,TCU,Thomas Casale,1,spread,1,-1.05,1,-110.0,0,-1.0,sportsline,1.05,0,0.0,0.0,0
,-115.0,1,TEX,Thomas Casale,1,spread,1,-1.07,1,-115.0,0,-1.0,sportsline,1.07,0,0.0,0.0,0
,-110.0,1,UCDV,Thomas Casale,0,spread,1,0.955,1,-110.0,0,0.9095238095238094,sportsline,1.05,0,0.2065,1.0,1
,-110.0,1,UCLA,Thomas Casale,1,spread,1,-1.05,1,-110.0,0,-1.0,sportsline,1.05,0,0.0,0.0,0
,-115.0,1,UCSD,Thomas Casale,0,spread,1,0.93,1,-115.0,0,0.8691588785046729,sportsline,1.07,0,0.2065,1.0,1
,-110.0,1,UNC,Thomas Casale,1,spread,1,-1.05,1,-110.0,0,-1.0,sportsline,1.05,0,0.0,0.0,0
,-110.0,1,UNM,Thomas Casale,0,spread,1,0.955,1,-110.0,0,0.9095238095238094,sportsline,1.05,0,0.2065,1.0,1
,-110.0,1,VT,Thomas Casale,0,spread,1,0.955,1,-110.0,0,0.9095238095238094,sportsline,1.05,0,0.2065,1.0,1
,-110.0,1,YALE,Thomas Casale,0,spread,1,0.955,1,-110.0,0,0.9095238095238094,sportsline,1.05,0,0.2065,1.0,1
,-115.0,1,OVER,Thomas Casale,0,total,1,0.93,1,-115.0,0,0.8691588785046729,sportsline,1.07,0,0.2065,1.0,1
,-114.0,1,,UnitVacuum,1,player_prop,1,-1.14,1,-114.0,0,-1.0,juicereel_unitvacuum,1.14,0,0.0,0.0,0
points,-120.0,1,OVER,Zack Cimini,1,player_prop,1,-0.5,1,-120.0,0,-1.0,sportsline,0.5,0,0.0,0.0,0
,155.0,1,BC,nukethebooks,1,moneyline,1,-0.6,1,155.0,0,-1.0,juicereel_nukethebooks,0.6,0,0.0,0.0,0
,115.0,1,BSU,nukethebooks,0,moneyline,1,0.92,1,115.0,0,1.15,juicereel_nukethebooks,0.8,0,0.2065,1.0,1
,135.0,1,CLEM,nukethebooks,1,moneyline,1,-1.0,1,135.0,0,-1.0,juicereel_nukethebooks,1.0,0,0.0,0.0,0
,200.0,1,DAY,nukethebooks,0,moneyline,1,2.8,1,200.0,0,2.0,juicereel_nukethebooks,1.4,0,0.2065,1.0,1
,120.0,1,FSU,nukethebooks,1,moneyline,1,-0.9,1,120.0,0,-1.0,juicereel_nukethebooks,0.9,0,0.0,0.0,0
,-103.0,1,HALL,nukethebooks,0,moneyline,1,0.68,1,-103.0,0,0.9714285714285715,juicereel_nukethebooks,0.7,0,0.2065,1.0,1
,160.0,1,ISU,nukethebooks,1,moneyline,1,-1.2,1,160.0,0,-1.0,juicereel_nukethebooks,1.2,0,0.0,0.0,0
,120.0,1,LSU,nukethebooks,0,moneyline,1,1.08,1,120.0,0,1.2,juicereel_nukethebooks,0.9,0,0.2065,1.0,1
,160.0,1,MARQ,nukethebooks,0,moneyline,1,1.92,1,160.0,0,1.6,juicereel_nukethebooks,1.2,0,0.2065,1.0,1
,105.0,1,MIA,nukethebooks,0,moneyline,1,0.84,1,105.0,0,1.0499999999999998,juicereel_nukethebooks,0.8,0,0.2065,1.0,1
,140.0,1,MINN,nukethebooks,0,moneyline,1,0.7,1,140.0,0,1.4,juicereel_nukethebooks,0.5,0,0.2065,1.0,1
,180.0,1,MSST,nukethebooks,0,moneyline,1,2.34,1,180.0,0,1.7999999999999998,juicereel_nukethebooks,1.3,0,0.2065,1.0,1
,211.0,1,ORE,nukethebooks,0,moneyline,1,3.165,1,211.0,0,2.11,juicereel_nukethebooks,1.5,0,0.2065,1.0,1
,105.0,1,PITT,nukethebooks,1,moneyline,1,-1.9,1,105.0,0,-1.0,juicereel_nukethebooks,1.9,0,0.0,0.0,0
,110.0,1,STAN,nukethebooks,1,moneyline,1,-0.8,1,110.0,0,-1.0,juicereel_nukethebooks,0.8,0,0.0,0.0,0
,165.0,1,SYR,nukethebooks,1,moneyline,1,-1.2,1,165.0,0,-1.0,juicereel_nukethebooks,1.2,0,0.0,0.0,0
,190.0,1,USC,nukethebooks,1,moneyline,1,-0.69,1,190.0,0,-1.0,juicereel_nukethebooks,0.69,0,0.0,0.0,0
,125.0,1,VCU,nukethebooks,0,moneyline,1,0.5,1,125.0,0,1.25,juicereel_nukethebooks,0.4,0,0.2065,1.0,1
,130.0,1,WASH,nukethebooks,1,moneyline,1,-0.9,1,130.0,0,-1.0,juicereel_nukethebooks,0.9,0,0.0,0.0,0
,425.0,1,ISU,sXeBets,1,moneyline,1,-0.57,1,425.0,0,-1.0,juicereel_sxebets,0.57,0,0.0,0.0,0
,-101.0,1,WIS,sXeBets,1,moneyline,1,-3.5,1,-101.0,0,-1.0,juicereel_sxebets,3.5,0,0.0,0.0,0
rebounds,105.0,1,UNDER,sXeBets,1,player_prop,1,-1.51,1,105.0,0,-1.0,juicereel_sxebets,1.51,0,0.0,0.0,0
,-110.0,1,VMI,Bob Konarski,0,spread,1,0.0,1,-110.0,1,0.0,sportsline,1.05,0,,,0
,-110.0,1,PUR,Chip Patterson,0,spread,1,0.0,1,-110.0,1,0.0,sportsline,1.05,0,,,0
